CREATE DATABASE  IF NOT EXISTS `questionnaire` /*!40100 DEFAULT CHARACTER SET latin1 */;
USE `questionnaire`;
-- MySQL dump 10.13  Distrib 5.5.44, for debian-linux-gnu (x86_64)
--
-- Host: 127.0.0.1    Database: questionnaire
-- ------------------------------------------------------
-- Server version	5.5.44-0ubuntu0.14.04.1

/*!40101 SET @OLD_CHARACTER_SET_CLIENT=@@CHARACTER_SET_CLIENT */;
/*!40101 SET @OLD_CHARACTER_SET_RESULTS=@@CHARACTER_SET_RESULTS */;
/*!40101 SET @OLD_COLLATION_CONNECTION=@@COLLATION_CONNECTION */;
/*!40101 SET NAMES utf8 */;
/*!40103 SET @OLD_TIME_ZONE=@@TIME_ZONE */;
/*!40103 SET TIME_ZONE='+00:00' */;
/*!40014 SET @OLD_UNIQUE_CHECKS=@@UNIQUE_CHECKS, UNIQUE_CHECKS=0 */;
/*!40014 SET @OLD_FOREIGN_KEY_CHECKS=@@FOREIGN_KEY_CHECKS, FOREIGN_KEY_CHECKS=0 */;
/*!40101 SET @OLD_SQL_MODE=@@SQL_MODE, SQL_MODE='NO_AUTO_VALUE_ON_ZERO' */;
/*!40111 SET @OLD_SQL_NOTES=@@SQL_NOTES, SQL_NOTES=0 */;

--
-- Table structure for table `cpidf`
--

DROP TABLE IF EXISTS `cpidf`;
/*!40101 SET @saved_cs_client     = @@character_set_client */;
/*!40101 SET character_set_client = utf8 */;
CREATE TABLE `cpidf` (
  `TH` int(11) NOT NULL,
  `XZ` int(11) NOT NULL,
  `DO` int(11) DEFAULT NULL,
  `CS` int(11) DEFAULT NULL,
  `SY` int(11) DEFAULT NULL,
  `SP` int(11) DEFAULT NULL,
  `SA` int(11) DEFAULT NULL,
  `WB` int(11) DEFAULT NULL,
  `RE` int(11) DEFAULT NULL,
  `SO` int(11) DEFAULT NULL,
  `SC` int(11) DEFAULT NULL,
  `PO` int(11) DEFAULT NULL,
  `GI` int(11) DEFAULT NULL,
  `CM` int(11) DEFAULT NULL,
  `AC` int(11) DEFAULT NULL,
  `AI` int(11) DEFAULT NULL,
  `IE` int(11) DEFAULT NULL,
  `PY` int(11) DEFAULT NULL,
  `FX` int(11) DEFAULT NULL,
  `FE` int(11) DEFAULT NULL,
  PRIMARY KEY (`TH`,`XZ`)
) ENGINE=InnoDB DEFAULT CHARSET=utf8;
/*!40101 SET character_set_client = @saved_cs_client */;

--
-- Dumping data for table `cpidf`
--

LOCK TABLES `cpidf` WRITE;
/*!40000 ALTER TABLE `cpidf` DISABLE KEYS */;
INSERT INTO `cpidf` VALUES (1,1,0,NULL,1,NULL,NULL,NULL,NULL,NULL,NULL,NULL,NULL,NULL,NULL,NULL,NULL,NULL,NULL,NULL),(1,2,0,NULL,NULL,NULL,NULL,NULL,NULL,NULL,NULL,NULL,NULL,NULL,NULL,NULL,NULL,NULL,NULL,NULL),(2,1,0,NULL,NULL,NULL,NULL,NULL,NULL,NULL,NULL,NULL,NULL,NULL,NULL,NULL,NULL,NULL,NULL,NULL),(2,2,0,NULL,NULL,NULL,NULL,NULL,NULL,NULL,NULL,NULL,NULL,NULL,NULL,NULL,NULL,NULL,NULL,NULL),(3,1,0,NULL,NULL,1,NULL,NULL,NULL,NULL,NULL,NULL,NULL,NULL,NULL,NULL,NULL,NULL,NULL,NULL),(3,2,0,NULL,NULL,NULL,NULL,NULL,NULL,NULL,1,NULL,NULL,NULL,NULL,NULL,NULL,NULL,NULL,NULL),(4,1,0,NULL,NULL,NULL,NULL,NULL,NULL,NULL,NULL,NULL,NULL,NULL,NULL,NULL,NULL,NULL,NULL,NULL),(4,2,0,NULL,NULL,NULL,1,NULL,NULL,NULL,NULL,NULL,NULL,NULL,NULL,1,NULL,NULL,NULL,NULL),(5,1,0,NULL,NULL,NULL,NULL,NULL,NULL,NULL,NULL,NULL,NULL,NULL,NULL,NULL,NULL,NULL,NULL,NULL),(5,2,0,NULL,NULL,NULL,NULL,NULL,NULL,NULL,NULL,NULL,NULL,NULL,NULL,NULL,NULL,1,NULL,NULL),(6,1,0,NULL,NULL,NULL,NULL,NULL,NULL,NULL,NULL,NULL,1,NULL,NULL,NULL,NULL,NULL,NULL,NULL),(6,2,0,NULL,NULL,NULL,NULL,NULL,NULL,NULL,NULL,NULL,NULL,NULL,NULL,NULL,NULL,NULL,NULL,NULL),(7,1,0,NULL,NULL,NULL,NULL,NULL,NULL,NULL,NULL,NULL,NULL,NULL,NULL,NULL,NULL,NULL,NULL,NULL),(7,2,0,NULL,NULL,NULL,NULL,1,NULL,NULL,NULL,1,NULL,NULL,NULL,NULL,NULL,NULL,NULL,NULL),(8,1,0,1,NULL,NULL,NULL,NULL,NULL,NULL,NULL,NULL,NULL,NULL,NULL,NULL,NULL,NULL,NULL,NULL),(8,2,0,NULL,NULL,NULL,NULL,NULL,NULL,NULL,NULL,NULL,NULL,NULL,NULL,NULL,NULL,NULL,NULL,NULL),(9,1,0,NULL,NULL,NULL,NULL,NULL,NULL,NULL,NULL,NULL,NULL,NULL,NULL,NULL,NULL,NULL,NULL,NULL),(9,2,0,NULL,NULL,NULL,NULL,NULL,NULL,NULL,NULL,NULL,NULL,NULL,NULL,NULL,NULL,NULL,NULL,1),(10,1,0,NULL,NULL,NULL,NULL,NULL,NULL,NULL,NULL,NULL,NULL,NULL,NULL,NULL,NULL,NULL,NULL,NULL),(10,2,0,NULL,NULL,NULL,NULL,NULL,NULL,NULL,NULL,NULL,NULL,NULL,NULL,NULL,NULL,NULL,NULL,NULL),(11,1,0,NULL,NULL,NULL,NULL,NULL,NULL,NULL,NULL,NULL,NULL,NULL,NULL,NULL,NULL,NULL,NULL,NULL),(11,2,0,NULL,NULL,1,NULL,NULL,NULL,NULL,NULL,NULL,NULL,NULL,NULL,NULL,NULL,NULL,NULL,NULL),(12,1,0,NULL,NULL,NULL,NULL,NULL,NULL,NULL,NULL,NULL,NULL,NULL,NULL,NULL,NULL,NULL,NULL,NULL),(12,2,0,NULL,NULL,NULL,NULL,NULL,NULL,NULL,NULL,1,NULL,NULL,NULL,NULL,NULL,NULL,NULL,NULL),(13,1,0,NULL,NULL,NULL,NULL,NULL,NULL,NULL,NULL,NULL,NULL,NULL,NULL,NULL,NULL,NULL,NULL,1),(13,2,0,NULL,NULL,NULL,NULL,NULL,NULL,NULL,NULL,NULL,NULL,NULL,NULL,NULL,NULL,NULL,NULL,NULL),(14,1,0,NULL,NULL,NULL,NULL,NULL,NULL,NULL,NULL,NULL,NULL,NULL,NULL,NULL,NULL,NULL,NULL,NULL),(14,2,0,NULL,NULL,NULL,NULL,NULL,NULL,NULL,1,NULL,NULL,NULL,1,NULL,NULL,NULL,NULL,NULL),(15,1,0,NULL,NULL,NULL,NULL,NULL,NULL,NULL,NULL,NULL,NULL,NULL,NULL,NULL,NULL,NULL,NULL,NULL),(15,2,0,NULL,NULL,NULL,NULL,NULL,NULL,NULL,NULL,NULL,1,NULL,NULL,NULL,NULL,NULL,NULL,NULL),(16,1,0,NULL,NULL,NULL,NULL,NULL,NULL,NULL,NULL,NULL,NULL,NULL,NULL,NULL,NULL,NULL,NULL,NULL),(16,2,0,NULL,NULL,NULL,1,NULL,NULL,NULL,NULL,NULL,NULL,NULL,NULL,NULL,NULL,NULL,NULL,NULL),(17,1,0,NULL,NULL,NULL,NULL,NULL,NULL,NULL,NULL,NULL,NULL,NULL,NULL,NULL,NULL,NULL,NULL,NULL),(17,2,0,NULL,NULL,NULL,1,NULL,NULL,NULL,NULL,NULL,NULL,NULL,NULL,NULL,NULL,NULL,NULL,NULL),(18,1,0,NULL,NULL,NULL,NULL,NULL,NULL,NULL,NULL,NULL,NULL,NULL,NULL,NULL,NULL,NULL,NULL,NULL),(18,2,0,1,NULL,NULL,NULL,NULL,NULL,NULL,NULL,NULL,NULL,NULL,NULL,NULL,NULL,NULL,NULL,NULL),(19,1,0,NULL,NULL,NULL,NULL,NULL,NULL,NULL,NULL,NULL,NULL,NULL,NULL,NULL,NULL,NULL,NULL,NULL),(19,2,0,NULL,NULL,NULL,NULL,NULL,NULL,NULL,NULL,NULL,NULL,NULL,NULL,1,NULL,NULL,NULL,NULL),(20,1,0,NULL,NULL,NULL,NULL,NULL,NULL,NULL,NULL,NULL,NULL,NULL,NULL,NULL,NULL,NULL,NULL,NULL),(20,2,0,NULL,NULL,NULL,NULL,NULL,NULL,NULL,1,NULL,1,NULL,NULL,NULL,NULL,NULL,NULL,NULL),(21,1,0,NULL,NULL,NULL,NULL,NULL,NULL,NULL,NULL,NULL,NULL,NULL,NULL,NULL,NULL,NULL,NULL,NULL),(21,2,0,NULL,NULL,NULL,NULL,NULL,1,NULL,NULL,NULL,NULL,NULL,NULL,NULL,NULL,NULL,NULL,NULL),(22,1,0,NULL,NULL,NULL,NULL,NULL,NULL,NULL,NULL,NULL,NULL,NULL,NULL,NULL,NULL,NULL,NULL,NULL),(22,2,0,NULL,NULL,NULL,NULL,NULL,NULL,NULL,1,NULL,1,NULL,NULL,NULL,NULL,NULL,NULL,NULL),(23,1,0,NULL,NULL,NULL,NULL,NULL,NULL,NULL,NULL,NULL,NULL,NULL,NULL,NULL,NULL,NULL,NULL,NULL),(23,2,0,1,NULL,1,NULL,NULL,NULL,NULL,NULL,NULL,NULL,NULL,NULL,NULL,NULL,NULL,NULL,NULL),(24,1,0,NULL,NULL,NULL,NULL,NULL,NULL,NULL,NULL,NULL,NULL,NULL,NULL,NULL,NULL,NULL,NULL,NULL),(24,2,0,NULL,NULL,NULL,NULL,NULL,1,NULL,NULL,NULL,NULL,NULL,1,NULL,NULL,NULL,NULL,NULL),(25,1,0,NULL,1,1,NULL,NULL,NULL,NULL,NULL,NULL,NULL,NULL,NULL,NULL,1,NULL,NULL,NULL),(25,2,0,NULL,NULL,NULL,NULL,NULL,NULL,NULL,NULL,NULL,NULL,NULL,NULL,NULL,NULL,NULL,NULL,NULL),(26,1,1,NULL,NULL,NULL,NULL,NULL,NULL,NULL,NULL,NULL,NULL,NULL,NULL,NULL,NULL,NULL,NULL,NULL),(26,2,0,NULL,NULL,NULL,NULL,NULL,NULL,NULL,1,NULL,NULL,NULL,NULL,NULL,NULL,NULL,NULL,NULL),(27,1,0,NULL,NULL,NULL,NULL,NULL,NULL,NULL,NULL,NULL,NULL,NULL,NULL,NULL,NULL,NULL,NULL,NULL),(27,2,1,NULL,NULL,NULL,NULL,NULL,NULL,NULL,NULL,NULL,NULL,NULL,NULL,NULL,NULL,1,NULL,NULL),(28,1,0,NULL,NULL,NULL,NULL,NULL,NULL,NULL,NULL,NULL,NULL,NULL,NULL,NULL,NULL,NULL,NULL,1),(28,2,0,NULL,NULL,1,NULL,NULL,NULL,NULL,NULL,NULL,NULL,NULL,NULL,NULL,NULL,NULL,NULL,NULL),(29,1,0,NULL,NULL,NULL,NULL,NULL,NULL,NULL,NULL,NULL,NULL,NULL,NULL,NULL,NULL,NULL,NULL,NULL),(29,2,0,NULL,NULL,NULL,NULL,NULL,NULL,NULL,NULL,NULL,NULL,NULL,NULL,1,NULL,NULL,NULL,NULL),(30,1,0,NULL,NULL,NULL,NULL,NULL,1,NULL,NULL,NULL,NULL,NULL,NULL,NULL,NULL,NULL,NULL,NULL),(30,2,0,NULL,NULL,NULL,NULL,NULL,NULL,NULL,NULL,NULL,NULL,NULL,NULL,NULL,NULL,NULL,NULL,NULL),(31,1,0,NULL,NULL,NULL,NULL,NULL,NULL,NULL,NULL,NULL,NULL,NULL,NULL,NULL,NULL,NULL,NULL,1),(31,2,0,NULL,NULL,NULL,NULL,NULL,NULL,NULL,NULL,NULL,NULL,NULL,NULL,NULL,NULL,NULL,NULL,NULL),(32,1,0,NULL,NULL,NULL,NULL,NULL,NULL,NULL,NULL,NULL,NULL,NULL,NULL,NULL,NULL,NULL,NULL,NULL),(32,2,0,NULL,NULL,NULL,NULL,NULL,NULL,NULL,NULL,NULL,1,NULL,NULL,NULL,NULL,NULL,NULL,NULL),(33,1,0,NULL,NULL,NULL,NULL,NULL,NULL,NULL,NULL,NULL,NULL,NULL,NULL,NULL,NULL,NULL,NULL,NULL),(33,2,0,NULL,NULL,NULL,NULL,NULL,NULL,NULL,NULL,1,NULL,NULL,NULL,NULL,NULL,NULL,NULL,NULL),(34,1,0,NULL,NULL,NULL,NULL,NULL,NULL,NULL,NULL,NULL,NULL,NULL,NULL,NULL,NULL,NULL,NULL,NULL),(34,2,0,NULL,NULL,1,NULL,NULL,NULL,NULL,NULL,NULL,NULL,NULL,NULL,NULL,NULL,NULL,NULL,NULL),(35,1,0,NULL,NULL,NULL,NULL,NULL,NULL,NULL,NULL,NULL,NULL,NULL,NULL,NULL,NULL,NULL,NULL,NULL),(35,2,0,NULL,NULL,NULL,NULL,1,NULL,NULL,NULL,NULL,1,NULL,NULL,NULL,NULL,NULL,NULL,NULL),(36,1,0,1,NULL,NULL,NULL,NULL,NULL,NULL,NULL,NULL,NULL,NULL,NULL,NULL,NULL,NULL,NULL,NULL),(36,2,0,NULL,NULL,NULL,NULL,NULL,NULL,NULL,NULL,NULL,NULL,NULL,NULL,NULL,NULL,NULL,NULL,NULL),(37,1,0,NULL,NULL,NULL,NULL,NULL,NULL,NULL,NULL,NULL,NULL,NULL,NULL,NULL,NULL,NULL,NULL,NULL),(37,2,0,NULL,NULL,NULL,NULL,NULL,1,NULL,NULL,NULL,NULL,NULL,NULL,NULL,NULL,NULL,NULL,NULL),(38,1,0,NULL,NULL,NULL,NULL,NULL,NULL,NULL,NULL,NULL,NULL,NULL,NULL,NULL,NULL,NULL,NULL,NULL),(38,2,0,NULL,1,1,NULL,NULL,NULL,NULL,NULL,NULL,NULL,NULL,NULL,NULL,NULL,NULL,NULL,NULL),(39,1,0,NULL,NULL,NULL,NULL,NULL,NULL,NULL,NULL,NULL,NULL,NULL,NULL,NULL,NULL,NULL,NULL,NULL),(39,2,0,NULL,NULL,NULL,NULL,NULL,1,NULL,NULL,NULL,NULL,NULL,NULL,NULL,NULL,NULL,NULL,NULL),(40,1,0,NULL,NULL,NULL,NULL,NULL,NULL,NULL,NULL,NULL,NULL,NULL,NULL,NULL,NULL,NULL,NULL,NULL),(40,2,0,NULL,NULL,1,NULL,NULL,NULL,NULL,NULL,NULL,NULL,NULL,NULL,NULL,1,NULL,NULL,NULL),(41,1,0,NULL,NULL,NULL,NULL,NULL,NULL,NULL,NULL,NULL,NULL,NULL,NULL,NULL,NULL,NULL,NULL,NULL),(41,2,0,NULL,NULL,NULL,NULL,NULL,1,NULL,NULL,NULL,NULL,NULL,NULL,NULL,NULL,NULL,NULL,NULL),(42,1,0,NULL,NULL,NULL,NULL,NULL,NULL,NULL,NULL,NULL,NULL,NULL,NULL,NULL,NULL,NULL,NULL,NULL),(42,2,0,NULL,NULL,NULL,NULL,NULL,NULL,NULL,1,NULL,1,NULL,NULL,NULL,NULL,NULL,NULL,1),(43,1,0,NULL,NULL,NULL,NULL,NULL,NULL,NULL,NULL,NULL,NULL,NULL,NULL,NULL,NULL,NULL,NULL,NULL),(43,2,0,1,NULL,NULL,NULL,NULL,NULL,NULL,NULL,NULL,NULL,NULL,NULL,NULL,NULL,NULL,NULL,NULL),(44,1,0,NULL,NULL,NULL,NULL,NULL,NULL,NULL,NULL,NULL,NULL,NULL,NULL,NULL,NULL,NULL,NULL,NULL),(44,2,0,NULL,NULL,NULL,NULL,NULL,NULL,NULL,NULL,NULL,1,NULL,NULL,NULL,NULL,NULL,NULL,NULL),(45,1,0,NULL,NULL,NULL,NULL,NULL,NULL,NULL,NULL,NULL,NULL,NULL,NULL,NULL,NULL,NULL,NULL,NULL),(45,2,0,NULL,NULL,NULL,NULL,NULL,NULL,NULL,NULL,NULL,NULL,NULL,NULL,NULL,NULL,NULL,NULL,1),(46,1,0,NULL,NULL,NULL,NULL,NULL,NULL,NULL,NULL,NULL,NULL,NULL,NULL,NULL,NULL,NULL,NULL,NULL),(46,2,0,NULL,1,1,NULL,NULL,NULL,NULL,NULL,NULL,NULL,NULL,NULL,NULL,NULL,NULL,NULL,NULL),(47,1,0,NULL,NULL,NULL,NULL,NULL,NULL,NULL,NULL,NULL,NULL,NULL,NULL,NULL,NULL,NULL,NULL,NULL),(47,2,0,NULL,NULL,NULL,NULL,NULL,NULL,NULL,NULL,NULL,NULL,NULL,NULL,NULL,NULL,1,NULL,NULL),(48,1,0,NULL,NULL,NULL,NULL,NULL,NULL,NULL,NULL,NULL,NULL,NULL,NULL,NULL,NULL,NULL,NULL,NULL),(48,2,0,NULL,NULL,NULL,NULL,1,NULL,NULL,NULL,1,NULL,NULL,NULL,NULL,NULL,NULL,NULL,NULL),(49,1,0,NULL,NULL,NULL,NULL,NULL,NULL,NULL,NULL,NULL,NULL,NULL,NULL,NULL,NULL,NULL,NULL,NULL),(49,2,0,NULL,NULL,NULL,NULL,NULL,NULL,NULL,NULL,NULL,1,NULL,NULL,NULL,NULL,NULL,NULL,NULL),(50,1,0,NULL,NULL,NULL,NULL,NULL,NULL,NULL,NULL,NULL,NULL,NULL,NULL,NULL,NULL,NULL,NULL,NULL),(50,2,0,1,NULL,NULL,NULL,NULL,NULL,NULL,NULL,1,NULL,NULL,NULL,NULL,NULL,NULL,NULL,NULL),(51,1,0,NULL,NULL,NULL,NULL,NULL,NULL,NULL,NULL,NULL,NULL,NULL,NULL,NULL,NULL,NULL,NULL,NULL),(51,2,0,NULL,NULL,NULL,NULL,NULL,NULL,NULL,NULL,NULL,NULL,NULL,NULL,NULL,NULL,1,NULL,NULL),(52,1,0,NULL,NULL,NULL,NULL,NULL,NULL,NULL,NULL,NULL,NULL,NULL,NULL,NULL,NULL,NULL,NULL,NULL),(52,2,0,NULL,NULL,NULL,NULL,NULL,NULL,NULL,NULL,NULL,1,NULL,NULL,NULL,NULL,NULL,NULL,NULL),(53,1,0,NULL,1,1,NULL,NULL,NULL,NULL,NULL,NULL,NULL,NULL,NULL,NULL,NULL,NULL,NULL,NULL),(53,2,0,NULL,NULL,NULL,NULL,NULL,NULL,NULL,1,NULL,NULL,NULL,NULL,NULL,NULL,NULL,NULL,NULL),(54,1,0,NULL,1,NULL,NULL,NULL,NULL,NULL,NULL,NULL,NULL,NULL,NULL,NULL,NULL,NULL,NULL,NULL),(54,2,0,NULL,NULL,NULL,NULL,NULL,NULL,NULL,NULL,NULL,NULL,NULL,NULL,NULL,NULL,NULL,NULL,NULL),(55,1,0,NULL,NULL,NULL,NULL,NULL,NULL,NULL,NULL,NULL,NULL,NULL,NULL,NULL,NULL,NULL,NULL,NULL),(55,2,0,NULL,NULL,NULL,NULL,NULL,NULL,NULL,NULL,NULL,1,NULL,NULL,NULL,NULL,NULL,NULL,NULL),(56,1,0,NULL,NULL,NULL,NULL,NULL,NULL,NULL,NULL,NULL,NULL,NULL,NULL,NULL,NULL,NULL,NULL,1),(56,2,0,NULL,NULL,NULL,NULL,NULL,NULL,NULL,NULL,NULL,NULL,NULL,NULL,NULL,NULL,NULL,NULL,NULL),(57,1,0,NULL,NULL,NULL,NULL,NULL,NULL,NULL,NULL,NULL,NULL,NULL,NULL,NULL,NULL,NULL,NULL,NULL),(57,2,1,NULL,1,NULL,1,NULL,NULL,NULL,NULL,NULL,NULL,NULL,NULL,NULL,1,NULL,NULL,NULL),(58,1,0,NULL,NULL,NULL,NULL,NULL,NULL,NULL,NULL,NULL,NULL,NULL,NULL,NULL,NULL,NULL,NULL,NULL),(58,2,0,NULL,NULL,NULL,NULL,NULL,1,NULL,NULL,NULL,NULL,NULL,NULL,NULL,NULL,NULL,NULL,NULL),(59,1,0,NULL,NULL,NULL,NULL,NULL,NULL,NULL,NULL,NULL,NULL,NULL,NULL,NULL,NULL,NULL,NULL,NULL),(59,2,0,NULL,NULL,NULL,NULL,NULL,NULL,NULL,1,NULL,NULL,NULL,NULL,NULL,NULL,NULL,NULL,NULL),(60,1,0,NULL,NULL,NULL,NULL,NULL,NULL,NULL,NULL,NULL,NULL,NULL,NULL,NULL,NULL,NULL,NULL,NULL),(60,2,0,NULL,NULL,NULL,NULL,NULL,NULL,NULL,NULL,NULL,NULL,NULL,NULL,1,NULL,NULL,NULL,NULL),(61,1,0,NULL,NULL,NULL,NULL,NULL,NULL,NULL,NULL,NULL,NULL,NULL,NULL,NULL,NULL,NULL,NULL,NULL),(61,2,0,NULL,NULL,NULL,NULL,NULL,NULL,NULL,NULL,NULL,NULL,NULL,1,NULL,NULL,NULL,NULL,NULL),(62,1,0,NULL,NULL,NULL,NULL,NULL,NULL,NULL,NULL,NULL,NULL,NULL,NULL,NULL,NULL,NULL,NULL,NULL),(62,2,0,NULL,NULL,NULL,NULL,NULL,NULL,NULL,NULL,NULL,NULL,NULL,NULL,1,NULL,NULL,NULL,NULL),(63,1,0,NULL,NULL,NULL,NULL,NULL,NULL,NULL,NULL,NULL,NULL,NULL,NULL,NULL,NULL,NULL,NULL,NULL),(63,2,0,NULL,NULL,NULL,NULL,NULL,NULL,NULL,NULL,NULL,NULL,NULL,NULL,NULL,NULL,NULL,NULL,NULL),(64,1,0,NULL,NULL,NULL,NULL,NULL,NULL,NULL,NULL,NULL,NULL,NULL,NULL,NULL,NULL,NULL,NULL,NULL),(64,2,0,NULL,1,NULL,NULL,NULL,NULL,NULL,NULL,NULL,NULL,NULL,NULL,NULL,NULL,NULL,NULL,NULL),(65,1,0,NULL,NULL,NULL,NULL,NULL,NULL,NULL,NULL,NULL,NULL,NULL,NULL,NULL,NULL,NULL,NULL,NULL),(65,2,0,NULL,NULL,NULL,NULL,NULL,1,NULL,NULL,NULL,NULL,NULL,NULL,NULL,NULL,NULL,NULL,1),(66,1,0,NULL,NULL,NULL,NULL,NULL,NULL,NULL,NULL,NULL,NULL,NULL,NULL,NULL,NULL,NULL,NULL,NULL),(66,2,0,NULL,NULL,NULL,NULL,NULL,NULL,NULL,NULL,NULL,NULL,NULL,NULL,1,NULL,NULL,NULL,NULL),(67,1,0,NULL,NULL,NULL,NULL,NULL,NULL,NULL,NULL,NULL,NULL,NULL,NULL,NULL,NULL,NULL,NULL,NULL),(67,2,0,NULL,NULL,NULL,NULL,NULL,NULL,NULL,NULL,NULL,NULL,NULL,NULL,NULL,NULL,1,NULL,NULL),(68,1,0,NULL,NULL,NULL,NULL,NULL,NULL,NULL,NULL,NULL,NULL,NULL,NULL,NULL,NULL,NULL,NULL,NULL),(68,2,0,NULL,NULL,NULL,NULL,NULL,NULL,NULL,1,NULL,NULL,NULL,NULL,NULL,NULL,NULL,NULL,NULL),(69,1,0,NULL,NULL,NULL,NULL,NULL,NULL,NULL,NULL,NULL,NULL,NULL,NULL,NULL,NULL,NULL,NULL,NULL),(69,2,0,NULL,NULL,NULL,NULL,NULL,1,NULL,NULL,NULL,NULL,NULL,NULL,NULL,NULL,NULL,NULL,NULL),(70,1,0,NULL,NULL,NULL,NULL,NULL,NULL,NULL,NULL,NULL,NULL,NULL,NULL,NULL,NULL,NULL,NULL,NULL),(70,2,0,NULL,NULL,NULL,NULL,NULL,NULL,NULL,NULL,NULL,NULL,NULL,NULL,1,NULL,NULL,NULL,NULL),(71,1,0,NULL,NULL,NULL,NULL,NULL,NULL,1,NULL,NULL,NULL,NULL,NULL,NULL,NULL,NULL,NULL,1),(71,2,0,NULL,NULL,NULL,NULL,NULL,NULL,NULL,NULL,NULL,NULL,NULL,NULL,NULL,NULL,NULL,NULL,NULL),(72,1,0,NULL,NULL,NULL,NULL,NULL,NULL,NULL,NULL,NULL,NULL,NULL,NULL,NULL,NULL,NULL,NULL,NULL),(72,2,0,NULL,1,NULL,NULL,NULL,NULL,NULL,NULL,NULL,NULL,NULL,1,NULL,NULL,1,NULL,NULL),(73,1,0,NULL,NULL,NULL,NULL,NULL,NULL,NULL,NULL,NULL,NULL,NULL,NULL,NULL,NULL,NULL,NULL,NULL),(73,2,0,NULL,NULL,NULL,NULL,NULL,NULL,NULL,NULL,NULL,1,NULL,NULL,NULL,NULL,NULL,NULL,NULL),(74,1,0,NULL,NULL,NULL,NULL,NULL,NULL,NULL,NULL,NULL,NULL,NULL,NULL,NULL,NULL,NULL,NULL,NULL),(74,2,0,NULL,NULL,NULL,NULL,NULL,NULL,NULL,1,1,NULL,NULL,NULL,NULL,NULL,NULL,NULL,NULL),(75,1,0,NULL,NULL,NULL,NULL,NULL,NULL,NULL,NULL,NULL,NULL,NULL,NULL,NULL,NULL,NULL,NULL,NULL),(75,2,0,NULL,NULL,NULL,NULL,NULL,NULL,NULL,NULL,NULL,1,NULL,NULL,NULL,NULL,NULL,NULL,NULL),(76,1,0,NULL,NULL,NULL,NULL,NULL,NULL,NULL,NULL,NULL,NULL,NULL,NULL,NULL,NULL,NULL,NULL,NULL),(76,2,0,NULL,NULL,NULL,NULL,NULL,NULL,NULL,NULL,NULL,NULL,NULL,1,NULL,NULL,NULL,NULL,NULL),(77,1,0,NULL,NULL,NULL,NULL,NULL,NULL,NULL,NULL,NULL,NULL,NULL,NULL,NULL,NULL,NULL,NULL,NULL),(77,2,0,NULL,NULL,NULL,NULL,NULL,NULL,NULL,NULL,1,NULL,NULL,NULL,NULL,NULL,NULL,NULL,NULL),(78,1,0,NULL,NULL,NULL,NULL,NULL,NULL,NULL,NULL,NULL,NULL,NULL,NULL,NULL,NULL,NULL,NULL,NULL),(78,2,0,NULL,NULL,NULL,NULL,NULL,NULL,NULL,NULL,NULL,1,NULL,NULL,NULL,NULL,NULL,NULL,NULL),(79,1,0,1,NULL,NULL,NULL,NULL,NULL,NULL,NULL,NULL,NULL,NULL,NULL,NULL,NULL,NULL,NULL,NULL),(79,2,0,NULL,NULL,NULL,NULL,NULL,NULL,NULL,NULL,NULL,NULL,NULL,NULL,NULL,NULL,NULL,NULL,NULL),(80,1,0,NULL,NULL,NULL,NULL,NULL,NULL,NULL,NULL,NULL,NULL,NULL,NULL,NULL,NULL,NULL,NULL,NULL),(80,2,0,NULL,NULL,NULL,NULL,NULL,NULL,NULL,NULL,NULL,NULL,NULL,1,NULL,NULL,NULL,NULL,NULL),(81,1,0,NULL,1,NULL,NULL,NULL,NULL,NULL,NULL,NULL,NULL,NULL,NULL,NULL,NULL,NULL,NULL,NULL),(81,2,0,NULL,NULL,NULL,NULL,NULL,NULL,NULL,NULL,NULL,NULL,NULL,NULL,NULL,NULL,NULL,NULL,NULL),(82,1,0,NULL,NULL,NULL,NULL,NULL,NULL,NULL,NULL,NULL,NULL,NULL,NULL,NULL,NULL,NULL,NULL,NULL),(82,2,0,NULL,NULL,NULL,NULL,NULL,1,1,NULL,NULL,NULL,NULL,NULL,NULL,NULL,NULL,NULL,NULL),(83,1,1,1,1,NULL,NULL,NULL,NULL,NULL,NULL,NULL,NULL,NULL,NULL,NULL,1,NULL,NULL,NULL),(83,2,0,NULL,NULL,NULL,NULL,NULL,NULL,NULL,NULL,NULL,NULL,NULL,NULL,NULL,NULL,NULL,NULL,NULL),(84,1,0,NULL,NULL,NULL,NULL,NULL,NULL,1,NULL,NULL,NULL,NULL,NULL,NULL,NULL,NULL,NULL,NULL),(84,2,0,NULL,NULL,NULL,NULL,NULL,NULL,NULL,NULL,NULL,NULL,NULL,NULL,NULL,NULL,NULL,NULL,NULL),(85,1,0,NULL,NULL,NULL,NULL,NULL,NULL,NULL,NULL,NULL,NULL,NULL,NULL,NULL,NULL,NULL,NULL,NULL),(85,2,0,NULL,NULL,NULL,NULL,NULL,NULL,NULL,1,NULL,1,NULL,NULL,NULL,NULL,NULL,NULL,NULL),(86,1,0,NULL,NULL,NULL,NULL,NULL,NULL,NULL,NULL,NULL,NULL,NULL,NULL,NULL,NULL,NULL,NULL,NULL),(86,2,0,NULL,NULL,NULL,NULL,NULL,NULL,NULL,1,NULL,NULL,NULL,1,NULL,NULL,NULL,NULL,NULL),(87,1,0,NULL,NULL,NULL,NULL,NULL,NULL,NULL,NULL,NULL,NULL,NULL,NULL,NULL,NULL,NULL,NULL,NULL),(87,2,0,NULL,NULL,NULL,NULL,NULL,NULL,NULL,NULL,NULL,NULL,NULL,1,NULL,NULL,NULL,NULL,NULL),(88,1,0,NULL,NULL,NULL,NULL,NULL,NULL,NULL,NULL,NULL,NULL,NULL,NULL,NULL,NULL,NULL,NULL,NULL),(88,2,0,NULL,NULL,NULL,NULL,NULL,NULL,NULL,NULL,1,NULL,NULL,NULL,NULL,NULL,NULL,NULL,NULL),(89,1,0,NULL,NULL,NULL,NULL,NULL,NULL,NULL,NULL,NULL,NULL,NULL,NULL,NULL,NULL,NULL,NULL,NULL),(89,2,1,NULL,NULL,1,1,NULL,NULL,NULL,NULL,NULL,NULL,NULL,NULL,NULL,NULL,NULL,NULL,NULL),(90,1,0,NULL,NULL,NULL,NULL,NULL,NULL,NULL,NULL,NULL,NULL,NULL,NULL,NULL,NULL,NULL,NULL,NULL),(90,2,0,NULL,NULL,NULL,NULL,NULL,NULL,NULL,1,NULL,1,NULL,NULL,NULL,NULL,NULL,NULL,NULL),(91,1,1,NULL,NULL,NULL,1,NULL,NULL,NULL,NULL,NULL,NULL,NULL,NULL,NULL,NULL,NULL,NULL,NULL),(91,2,0,NULL,NULL,NULL,NULL,NULL,NULL,NULL,NULL,NULL,NULL,NULL,NULL,NULL,NULL,NULL,NULL,NULL),(92,1,0,NULL,NULL,NULL,NULL,NULL,NULL,NULL,NULL,NULL,NULL,NULL,NULL,NULL,NULL,NULL,NULL,NULL),(92,2,0,NULL,NULL,NULL,NULL,NULL,NULL,NULL,1,1,NULL,NULL,NULL,NULL,NULL,NULL,NULL,NULL),(93,1,0,NULL,NULL,NULL,NULL,NULL,NULL,NULL,NULL,NULL,NULL,NULL,NULL,NULL,NULL,NULL,NULL,NULL),(93,2,0,NULL,NULL,NULL,NULL,NULL,NULL,NULL,NULL,1,NULL,NULL,NULL,NULL,NULL,NULL,NULL,NULL),(94,1,0,NULL,NULL,NULL,NULL,NULL,NULL,NULL,NULL,NULL,NULL,NULL,NULL,NULL,NULL,NULL,NULL,NULL),(94,2,0,NULL,NULL,NULL,NULL,NULL,NULL,NULL,1,NULL,NULL,NULL,NULL,NULL,NULL,1,NULL,NULL),(95,1,0,NULL,NULL,NULL,NULL,NULL,NULL,NULL,NULL,NULL,NULL,NULL,NULL,NULL,NULL,NULL,NULL,NULL),(95,2,0,1,NULL,NULL,NULL,NULL,NULL,NULL,NULL,NULL,NULL,NULL,NULL,NULL,NULL,NULL,NULL,NULL),(96,1,0,NULL,NULL,NULL,NULL,NULL,NULL,NULL,NULL,NULL,NULL,NULL,NULL,NULL,NULL,NULL,NULL,NULL),(96,2,0,NULL,NULL,NULL,NULL,1,NULL,NULL,1,NULL,NULL,NULL,NULL,NULL,NULL,NULL,NULL,NULL),(97,1,0,NULL,NULL,NULL,NULL,NULL,NULL,NULL,NULL,NULL,NULL,NULL,NULL,NULL,NULL,NULL,NULL,NULL),(97,2,0,NULL,NULL,NULL,NULL,NULL,NULL,NULL,NULL,NULL,NULL,NULL,NULL,NULL,NULL,NULL,NULL,NULL),(98,1,0,NULL,NULL,NULL,NULL,NULL,NULL,NULL,NULL,NULL,NULL,NULL,NULL,NULL,NULL,NULL,NULL,NULL),(98,2,0,NULL,NULL,NULL,NULL,NULL,NULL,NULL,NULL,NULL,NULL,NULL,1,NULL,NULL,NULL,NULL,NULL),(99,1,0,1,NULL,1,NULL,NULL,NULL,NULL,NULL,NULL,NULL,NULL,NULL,NULL,1,NULL,NULL,NULL),(99,2,0,NULL,NULL,NULL,NULL,NULL,NULL,NULL,NULL,NULL,NULL,NULL,NULL,NULL,NULL,NULL,NULL,NULL),(100,1,0,NULL,NULL,NULL,NULL,NULL,NULL,NULL,NULL,NULL,NULL,NULL,NULL,NULL,NULL,NULL,NULL,NULL),(100,2,0,NULL,NULL,NULL,NULL,NULL,NULL,NULL,NULL,NULL,1,NULL,NULL,NULL,NULL,NULL,NULL,NULL),(101,1,0,NULL,NULL,NULL,NULL,NULL,NULL,NULL,NULL,NULL,NULL,NULL,NULL,NULL,NULL,NULL,NULL,NULL),(101,2,0,NULL,NULL,NULL,NULL,NULL,1,NULL,NULL,NULL,NULL,NULL,NULL,NULL,NULL,NULL,NULL,NULL),(102,1,0,NULL,NULL,NULL,NULL,NULL,NULL,NULL,NULL,NULL,NULL,NULL,NULL,NULL,NULL,NULL,NULL,NULL),(102,2,0,NULL,NULL,NULL,NULL,NULL,NULL,NULL,NULL,1,NULL,NULL,NULL,1,NULL,NULL,NULL,NULL),(103,1,0,NULL,NULL,1,NULL,NULL,NULL,NULL,NULL,NULL,NULL,NULL,NULL,NULL,NULL,NULL,NULL,NULL),(103,2,0,NULL,NULL,NULL,NULL,NULL,NULL,NULL,NULL,NULL,NULL,NULL,NULL,NULL,NULL,NULL,NULL,NULL),(104,1,0,NULL,NULL,NULL,NULL,NULL,NULL,NULL,NULL,NULL,NULL,NULL,NULL,NULL,NULL,NULL,NULL,NULL),(104,2,0,NULL,NULL,NULL,NULL,NULL,1,NULL,NULL,NULL,NULL,NULL,NULL,NULL,NULL,NULL,NULL,1),(105,1,0,NULL,NULL,NULL,NULL,NULL,NULL,NULL,NULL,NULL,NULL,NULL,NULL,NULL,NULL,NULL,NULL,NULL),(105,2,0,NULL,NULL,NULL,NULL,NULL,NULL,NULL,NULL,NULL,NULL,NULL,NULL,NULL,NULL,1,NULL,NULL),(106,1,0,NULL,NULL,NULL,NULL,NULL,1,NULL,NULL,NULL,NULL,NULL,NULL,NULL,NULL,NULL,NULL,NULL),(106,2,0,NULL,NULL,NULL,NULL,NULL,NULL,NULL,NULL,NULL,NULL,NULL,NULL,NULL,NULL,NULL,NULL,NULL),(107,1,0,NULL,NULL,NULL,NULL,NULL,NULL,NULL,NULL,NULL,NULL,NULL,NULL,NULL,NULL,NULL,NULL,NULL),(107,2,0,NULL,NULL,NULL,NULL,NULL,NULL,1,NULL,NULL,NULL,NULL,1,NULL,NULL,NULL,NULL,1),(108,1,0,NULL,NULL,NULL,NULL,NULL,NULL,NULL,NULL,NULL,NULL,NULL,NULL,NULL,NULL,NULL,NULL,1),(108,2,0,NULL,NULL,NULL,NULL,NULL,NULL,NULL,NULL,NULL,NULL,NULL,NULL,NULL,NULL,NULL,NULL,NULL),(109,1,0,NULL,NULL,NULL,NULL,NULL,NULL,NULL,NULL,NULL,NULL,NULL,NULL,NULL,NULL,NULL,NULL,NULL),(109,2,0,NULL,NULL,NULL,NULL,NULL,NULL,NULL,NULL,NULL,NULL,NULL,NULL,NULL,NULL,NULL,NULL,NULL),(110,1,0,NULL,NULL,NULL,NULL,NULL,NULL,NULL,NULL,NULL,NULL,NULL,NULL,NULL,NULL,NULL,NULL,NULL),(110,2,0,NULL,NULL,NULL,NULL,NULL,NULL,NULL,NULL,1,NULL,NULL,NULL,NULL,NULL,NULL,NULL,NULL),(111,1,0,NULL,NULL,NULL,NULL,NULL,NULL,NULL,NULL,NULL,NULL,NULL,NULL,NULL,NULL,NULL,NULL,NULL),(111,2,0,NULL,NULL,NULL,NULL,NULL,NULL,NULL,NULL,NULL,NULL,NULL,NULL,1,NULL,NULL,NULL,NULL),(112,1,0,NULL,NULL,NULL,NULL,NULL,NULL,NULL,NULL,NULL,NULL,NULL,NULL,NULL,NULL,NULL,NULL,NULL),(112,2,0,NULL,NULL,NULL,NULL,NULL,NULL,NULL,NULL,NULL,NULL,NULL,NULL,NULL,NULL,1,NULL,NULL),(113,1,0,NULL,NULL,NULL,NULL,NULL,NULL,NULL,NULL,NULL,NULL,NULL,NULL,NULL,NULL,NULL,NULL,NULL),(113,2,0,1,NULL,1,1,NULL,NULL,NULL,NULL,NULL,NULL,NULL,NULL,NULL,NULL,NULL,NULL,NULL),(114,1,0,NULL,NULL,NULL,NULL,NULL,NULL,NULL,NULL,NULL,NULL,NULL,NULL,NULL,NULL,NULL,NULL,NULL),(114,2,0,NULL,NULL,NULL,NULL,NULL,NULL,NULL,NULL,NULL,NULL,NULL,NULL,NULL,NULL,1,NULL,NULL),(115,1,0,NULL,NULL,NULL,NULL,NULL,NULL,NULL,NULL,NULL,NULL,NULL,NULL,NULL,NULL,NULL,NULL,NULL),(115,2,0,1,NULL,NULL,NULL,NULL,NULL,NULL,NULL,NULL,NULL,NULL,NULL,NULL,NULL,NULL,NULL,NULL),(116,1,0,NULL,NULL,1,NULL,NULL,NULL,NULL,NULL,NULL,NULL,NULL,NULL,NULL,NULL,NULL,NULL,NULL),(116,2,0,NULL,NULL,NULL,NULL,NULL,NULL,NULL,1,NULL,1,NULL,NULL,NULL,NULL,NULL,NULL,NULL),(117,1,0,NULL,NULL,NULL,NULL,NULL,NULL,NULL,NULL,NULL,NULL,NULL,NULL,NULL,NULL,NULL,NULL,NULL),(117,2,0,NULL,NULL,NULL,NULL,1,NULL,NULL,NULL,NULL,NULL,NULL,1,NULL,NULL,NULL,NULL,NULL),(118,1,0,NULL,NULL,NULL,NULL,NULL,NULL,NULL,NULL,NULL,NULL,NULL,NULL,NULL,NULL,NULL,NULL,NULL),(118,2,0,NULL,NULL,NULL,NULL,NULL,NULL,NULL,NULL,NULL,1,NULL,NULL,NULL,NULL,NULL,NULL,NULL),(119,1,0,NULL,NULL,NULL,NULL,NULL,NULL,NULL,NULL,NULL,NULL,NULL,NULL,NULL,NULL,NULL,NULL,NULL),(119,2,0,NULL,NULL,NULL,NULL,NULL,NULL,NULL,NULL,NULL,NULL,NULL,NULL,1,NULL,NULL,NULL,NULL),(120,1,0,NULL,1,NULL,NULL,NULL,NULL,NULL,NULL,NULL,NULL,NULL,NULL,NULL,NULL,NULL,NULL,NULL),(120,2,0,NULL,NULL,NULL,NULL,NULL,NULL,NULL,NULL,NULL,NULL,NULL,NULL,NULL,NULL,NULL,NULL,NULL),(121,1,0,NULL,NULL,NULL,NULL,NULL,NULL,NULL,NULL,NULL,NULL,NULL,NULL,NULL,NULL,NULL,NULL,NULL),(121,2,0,NULL,NULL,NULL,NULL,NULL,NULL,NULL,1,NULL,NULL,NULL,1,NULL,NULL,NULL,NULL,NULL),(122,1,0,NULL,NULL,NULL,NULL,NULL,NULL,NULL,NULL,NULL,NULL,NULL,NULL,NULL,NULL,NULL,NULL,1),(122,2,0,NULL,NULL,NULL,NULL,NULL,NULL,NULL,NULL,NULL,NULL,NULL,NULL,NULL,NULL,NULL,NULL,NULL),(123,1,0,NULL,NULL,NULL,NULL,NULL,NULL,NULL,NULL,NULL,NULL,NULL,NULL,NULL,NULL,NULL,NULL,NULL),(123,2,0,NULL,NULL,NULL,NULL,NULL,NULL,NULL,NULL,1,NULL,NULL,NULL,NULL,NULL,NULL,NULL,NULL),(124,1,0,NULL,NULL,NULL,NULL,NULL,NULL,NULL,NULL,NULL,NULL,NULL,NULL,NULL,NULL,NULL,NULL,NULL),(124,2,0,NULL,NULL,NULL,NULL,NULL,NULL,NULL,NULL,NULL,NULL,NULL,NULL,NULL,NULL,NULL,NULL,1),(125,1,0,NULL,NULL,NULL,NULL,NULL,NULL,NULL,NULL,NULL,NULL,NULL,NULL,NULL,NULL,NULL,NULL,NULL),(125,2,0,NULL,NULL,NULL,NULL,NULL,NULL,NULL,NULL,NULL,NULL,NULL,1,NULL,NULL,NULL,NULL,NULL),(126,1,0,NULL,NULL,1,NULL,NULL,NULL,NULL,NULL,NULL,NULL,NULL,NULL,NULL,NULL,NULL,NULL,NULL),(126,2,0,NULL,NULL,NULL,NULL,NULL,NULL,NULL,NULL,NULL,NULL,NULL,NULL,NULL,NULL,NULL,NULL,NULL),(127,1,0,NULL,NULL,NULL,NULL,NULL,NULL,NULL,NULL,NULL,NULL,NULL,NULL,NULL,NULL,NULL,NULL,NULL),(127,2,0,NULL,NULL,NULL,NULL,NULL,NULL,NULL,NULL,NULL,NULL,NULL,NULL,1,NULL,NULL,NULL,NULL),(128,1,0,NULL,NULL,NULL,NULL,NULL,NULL,NULL,NULL,NULL,NULL,NULL,NULL,NULL,NULL,NULL,NULL,NULL),(128,2,0,NULL,NULL,NULL,NULL,NULL,NULL,NULL,NULL,NULL,NULL,NULL,NULL,1,NULL,NULL,NULL,NULL),(129,1,0,NULL,NULL,NULL,NULL,NULL,NULL,NULL,NULL,NULL,NULL,NULL,NULL,NULL,NULL,NULL,NULL,NULL),(129,2,0,NULL,NULL,NULL,NULL,NULL,NULL,NULL,1,1,NULL,NULL,NULL,NULL,NULL,NULL,NULL,NULL),(130,1,0,NULL,NULL,NULL,NULL,NULL,NULL,NULL,NULL,NULL,NULL,NULL,NULL,NULL,NULL,NULL,NULL,NULL),(130,2,1,NULL,1,NULL,1,NULL,NULL,NULL,NULL,NULL,NULL,NULL,NULL,NULL,1,NULL,NULL,NULL),(131,1,0,NULL,NULL,1,NULL,NULL,NULL,NULL,NULL,NULL,NULL,NULL,NULL,NULL,NULL,NULL,NULL,NULL),(131,2,0,NULL,NULL,NULL,NULL,NULL,NULL,NULL,NULL,NULL,NULL,NULL,NULL,NULL,NULL,NULL,NULL,NULL),(132,1,0,NULL,NULL,NULL,NULL,NULL,NULL,NULL,NULL,NULL,NULL,NULL,NULL,NULL,NULL,NULL,NULL,NULL),(132,2,0,NULL,NULL,NULL,NULL,NULL,1,NULL,NULL,NULL,NULL,NULL,NULL,NULL,NULL,NULL,NULL,NULL),(133,1,0,NULL,NULL,NULL,NULL,NULL,NULL,NULL,NULL,NULL,NULL,NULL,NULL,NULL,NULL,NULL,NULL,NULL),(133,2,0,NULL,NULL,NULL,NULL,NULL,NULL,NULL,NULL,NULL,1,NULL,NULL,NULL,NULL,NULL,NULL,NULL),(134,1,0,NULL,NULL,NULL,NULL,NULL,NULL,NULL,NULL,NULL,NULL,NULL,NULL,NULL,NULL,NULL,NULL,NULL),(134,2,0,NULL,NULL,NULL,NULL,1,NULL,NULL,NULL,1,NULL,NULL,NULL,NULL,NULL,NULL,NULL,NULL),(135,1,0,NULL,NULL,NULL,NULL,NULL,NULL,NULL,NULL,NULL,NULL,NULL,NULL,NULL,NULL,NULL,NULL,NULL),(135,2,0,NULL,NULL,NULL,NULL,NULL,NULL,NULL,1,NULL,NULL,NULL,NULL,NULL,NULL,NULL,NULL,NULL),(136,1,0,NULL,1,NULL,NULL,NULL,NULL,NULL,NULL,NULL,NULL,NULL,NULL,NULL,1,NULL,NULL,NULL),(136,2,0,NULL,NULL,NULL,NULL,NULL,NULL,NULL,NULL,NULL,NULL,NULL,NULL,NULL,NULL,NULL,NULL,NULL),(137,1,0,NULL,NULL,NULL,NULL,NULL,NULL,NULL,NULL,NULL,NULL,NULL,NULL,NULL,NULL,NULL,NULL,NULL),(137,2,0,NULL,NULL,NULL,NULL,NULL,NULL,NULL,NULL,NULL,NULL,NULL,1,NULL,NULL,NULL,NULL,NULL),(138,1,0,NULL,NULL,NULL,NULL,NULL,NULL,NULL,NULL,NULL,NULL,NULL,NULL,NULL,NULL,NULL,NULL,1),(138,2,0,NULL,NULL,NULL,NULL,NULL,NULL,NULL,NULL,NULL,NULL,NULL,NULL,NULL,NULL,NULL,NULL,NULL),(139,1,0,NULL,NULL,NULL,NULL,NULL,NULL,NULL,NULL,NULL,NULL,NULL,NULL,NULL,NULL,NULL,NULL,NULL),(139,2,0,1,NULL,NULL,NULL,NULL,NULL,NULL,NULL,NULL,NULL,NULL,NULL,1,NULL,NULL,NULL,NULL),(140,1,0,NULL,NULL,NULL,NULL,NULL,NULL,NULL,NULL,NULL,NULL,NULL,NULL,NULL,NULL,NULL,NULL,NULL),(140,2,0,NULL,NULL,NULL,NULL,NULL,NULL,NULL,NULL,NULL,NULL,NULL,NULL,NULL,NULL,NULL,NULL,1),(141,1,0,NULL,NULL,NULL,NULL,NULL,NULL,NULL,NULL,NULL,NULL,NULL,NULL,NULL,NULL,NULL,NULL,NULL),(141,2,0,NULL,NULL,NULL,NULL,NULL,NULL,NULL,1,NULL,1,NULL,NULL,NULL,NULL,NULL,NULL,NULL),(142,1,0,NULL,NULL,NULL,NULL,NULL,NULL,NULL,1,NULL,NULL,NULL,NULL,NULL,NULL,NULL,NULL,NULL),(142,2,0,NULL,NULL,NULL,NULL,NULL,NULL,NULL,NULL,NULL,NULL,NULL,NULL,NULL,NULL,NULL,NULL,NULL),(143,1,0,NULL,NULL,NULL,NULL,NULL,1,NULL,NULL,NULL,NULL,NULL,NULL,NULL,NULL,NULL,NULL,NULL),(143,2,0,NULL,NULL,NULL,NULL,NULL,NULL,NULL,NULL,NULL,NULL,NULL,NULL,NULL,NULL,NULL,NULL,NULL),(144,1,0,NULL,NULL,NULL,NULL,NULL,NULL,NULL,NULL,NULL,NULL,NULL,NULL,NULL,NULL,NULL,NULL,NULL),(144,2,0,NULL,NULL,NULL,NULL,NULL,NULL,NULL,NULL,NULL,NULL,NULL,1,NULL,NULL,NULL,NULL,NULL),(145,1,0,NULL,NULL,NULL,NULL,NULL,NULL,NULL,NULL,NULL,NULL,NULL,NULL,NULL,NULL,NULL,NULL,NULL),(145,2,0,NULL,NULL,NULL,NULL,NULL,NULL,NULL,NULL,NULL,NULL,NULL,NULL,NULL,NULL,1,NULL,NULL),(146,1,0,NULL,1,NULL,NULL,NULL,NULL,NULL,NULL,NULL,NULL,NULL,NULL,NULL,1,NULL,NULL,NULL),(146,2,0,NULL,NULL,NULL,NULL,NULL,NULL,NULL,NULL,NULL,NULL,NULL,NULL,NULL,NULL,NULL,NULL,NULL),(147,1,0,NULL,NULL,NULL,NULL,NULL,NULL,NULL,NULL,NULL,NULL,NULL,NULL,NULL,NULL,NULL,NULL,NULL),(147,2,0,NULL,1,NULL,1,NULL,NULL,NULL,NULL,NULL,NULL,NULL,NULL,NULL,NULL,NULL,NULL,NULL),(148,1,0,NULL,NULL,NULL,NULL,NULL,NULL,NULL,NULL,NULL,NULL,NULL,NULL,NULL,NULL,NULL,NULL,NULL),(148,2,0,NULL,NULL,NULL,NULL,NULL,NULL,NULL,NULL,1,NULL,NULL,NULL,NULL,NULL,NULL,NULL,NULL),(149,1,0,1,NULL,NULL,NULL,NULL,NULL,NULL,NULL,NULL,NULL,NULL,NULL,NULL,NULL,NULL,NULL,NULL),(149,2,0,NULL,NULL,NULL,NULL,NULL,NULL,NULL,NULL,NULL,NULL,NULL,NULL,NULL,NULL,NULL,NULL,NULL),(150,1,0,NULL,NULL,NULL,NULL,NULL,NULL,NULL,NULL,NULL,NULL,NULL,NULL,NULL,NULL,NULL,NULL,NULL),(150,2,0,NULL,NULL,NULL,NULL,NULL,1,NULL,NULL,NULL,NULL,NULL,NULL,NULL,NULL,NULL,NULL,NULL),(151,1,0,NULL,NULL,NULL,NULL,NULL,NULL,NULL,NULL,NULL,NULL,NULL,NULL,NULL,NULL,NULL,NULL,NULL),(151,2,0,NULL,NULL,NULL,NULL,NULL,NULL,NULL,NULL,NULL,1,NULL,NULL,NULL,NULL,NULL,NULL,NULL),(152,1,0,NULL,NULL,NULL,NULL,NULL,NULL,NULL,NULL,NULL,NULL,NULL,NULL,NULL,NULL,NULL,NULL,NULL),(152,2,0,NULL,NULL,NULL,NULL,NULL,NULL,NULL,1,1,NULL,NULL,NULL,1,NULL,NULL,NULL,NULL),(153,1,1,NULL,NULL,NULL,NULL,NULL,NULL,NULL,NULL,NULL,NULL,NULL,NULL,NULL,NULL,NULL,NULL,NULL),(153,2,0,NULL,NULL,NULL,NULL,NULL,NULL,NULL,NULL,NULL,NULL,NULL,NULL,NULL,NULL,NULL,NULL,NULL),(154,1,0,NULL,NULL,NULL,1,NULL,NULL,NULL,NULL,NULL,NULL,NULL,NULL,NULL,NULL,NULL,NULL,NULL),(154,2,0,NULL,NULL,NULL,NULL,NULL,NULL,NULL,1,NULL,NULL,NULL,NULL,NULL,NULL,NULL,NULL,NULL),(155,1,0,NULL,NULL,NULL,NULL,NULL,NULL,NULL,NULL,NULL,NULL,NULL,NULL,NULL,NULL,NULL,NULL,NULL),(155,2,0,NULL,NULL,NULL,NULL,1,NULL,NULL,1,NULL,NULL,NULL,NULL,NULL,NULL,NULL,NULL,NULL),(156,1,0,NULL,NULL,NULL,NULL,NULL,NULL,NULL,NULL,NULL,NULL,NULL,NULL,NULL,NULL,NULL,NULL,NULL),(156,2,0,NULL,NULL,NULL,NULL,NULL,NULL,NULL,1,NULL,NULL,NULL,NULL,NULL,NULL,NULL,NULL,NULL),(157,1,0,NULL,NULL,NULL,NULL,NULL,NULL,NULL,NULL,NULL,NULL,NULL,NULL,NULL,NULL,NULL,NULL,NULL),(157,2,0,NULL,NULL,NULL,NULL,NULL,NULL,1,NULL,NULL,NULL,NULL,NULL,NULL,NULL,NULL,NULL,NULL),(158,1,0,NULL,NULL,NULL,NULL,NULL,NULL,NULL,NULL,NULL,NULL,NULL,NULL,NULL,NULL,NULL,NULL,NULL),(158,2,0,NULL,NULL,NULL,NULL,NULL,NULL,NULL,NULL,NULL,NULL,1,NULL,NULL,NULL,NULL,NULL,NULL),(159,1,0,NULL,NULL,NULL,NULL,NULL,NULL,NULL,NULL,NULL,NULL,NULL,NULL,NULL,NULL,NULL,NULL,NULL),(159,2,0,NULL,NULL,NULL,NULL,1,NULL,NULL,NULL,NULL,NULL,NULL,NULL,NULL,NULL,NULL,NULL,NULL),(160,1,0,NULL,NULL,NULL,NULL,NULL,NULL,NULL,NULL,NULL,NULL,1,NULL,NULL,NULL,NULL,NULL,NULL),(160,2,0,NULL,NULL,NULL,NULL,NULL,NULL,NULL,NULL,NULL,NULL,NULL,NULL,NULL,NULL,NULL,NULL,NULL),(161,1,1,NULL,NULL,NULL,NULL,NULL,NULL,NULL,NULL,NULL,NULL,NULL,NULL,NULL,NULL,NULL,NULL,NULL),(161,2,0,NULL,NULL,NULL,NULL,NULL,NULL,NULL,NULL,NULL,NULL,NULL,NULL,NULL,NULL,NULL,NULL,NULL),(162,1,0,NULL,NULL,NULL,NULL,NULL,NULL,NULL,NULL,NULL,NULL,NULL,NULL,NULL,NULL,NULL,NULL,NULL),(162,2,0,NULL,NULL,NULL,NULL,NULL,NULL,NULL,NULL,NULL,NULL,1,NULL,NULL,NULL,NULL,NULL,NULL),(163,1,0,NULL,NULL,NULL,NULL,NULL,NULL,NULL,NULL,NULL,NULL,NULL,NULL,NULL,NULL,NULL,NULL,NULL),(163,2,0,NULL,NULL,NULL,NULL,NULL,NULL,NULL,NULL,NULL,NULL,1,NULL,NULL,NULL,NULL,NULL,NULL),(164,1,0,NULL,NULL,NULL,NULL,NULL,NULL,NULL,NULL,NULL,NULL,NULL,NULL,NULL,NULL,NULL,NULL,NULL),(164,2,0,NULL,NULL,NULL,NULL,NULL,NULL,NULL,NULL,NULL,NULL,NULL,NULL,NULL,NULL,NULL,1,NULL),(165,1,0,NULL,NULL,NULL,NULL,NULL,NULL,NULL,NULL,NULL,NULL,NULL,NULL,NULL,NULL,NULL,NULL,NULL),(165,2,0,NULL,NULL,NULL,NULL,NULL,NULL,NULL,NULL,NULL,NULL,NULL,NULL,NULL,NULL,NULL,1,NULL),(166,1,0,NULL,NULL,NULL,NULL,NULL,NULL,NULL,NULL,NULL,NULL,NULL,NULL,NULL,NULL,NULL,NULL,NULL),(166,2,0,NULL,NULL,NULL,NULL,1,NULL,NULL,NULL,NULL,NULL,NULL,NULL,NULL,NULL,NULL,NULL,NULL),(167,1,0,NULL,NULL,NULL,NULL,NULL,NULL,NULL,NULL,NULL,NULL,NULL,NULL,NULL,NULL,NULL,1,NULL),(167,2,0,NULL,NULL,NULL,NULL,NULL,NULL,NULL,NULL,NULL,NULL,NULL,NULL,NULL,NULL,NULL,NULL,NULL),(168,1,0,NULL,NULL,NULL,NULL,NULL,NULL,NULL,NULL,NULL,NULL,NULL,NULL,NULL,NULL,NULL,NULL,NULL),(168,2,0,NULL,NULL,NULL,NULL,NULL,NULL,NULL,NULL,NULL,NULL,1,NULL,NULL,NULL,NULL,NULL,NULL),(169,1,0,NULL,NULL,NULL,NULL,NULL,NULL,1,NULL,NULL,NULL,NULL,NULL,NULL,NULL,NULL,NULL,NULL),(169,2,0,NULL,NULL,NULL,NULL,NULL,NULL,NULL,NULL,NULL,NULL,NULL,NULL,NULL,NULL,NULL,NULL,NULL),(170,1,0,NULL,NULL,NULL,NULL,NULL,NULL,NULL,NULL,NULL,NULL,NULL,NULL,NULL,NULL,NULL,NULL,NULL),(170,2,1,NULL,NULL,NULL,NULL,NULL,NULL,NULL,NULL,NULL,NULL,NULL,NULL,NULL,NULL,NULL,NULL,NULL),(171,1,0,NULL,NULL,NULL,NULL,NULL,NULL,NULL,NULL,NULL,NULL,NULL,NULL,NULL,NULL,NULL,NULL,NULL),(171,2,0,NULL,NULL,NULL,NULL,NULL,NULL,1,NULL,NULL,NULL,NULL,NULL,NULL,NULL,NULL,NULL,NULL),(172,1,0,NULL,NULL,NULL,NULL,NULL,NULL,NULL,NULL,NULL,NULL,NULL,NULL,NULL,NULL,NULL,NULL,NULL),(172,2,0,NULL,NULL,NULL,NULL,1,NULL,NULL,NULL,NULL,NULL,NULL,NULL,NULL,NULL,NULL,NULL,NULL),(173,1,0,NULL,NULL,NULL,NULL,NULL,NULL,NULL,NULL,NULL,NULL,1,NULL,NULL,NULL,NULL,NULL,NULL),(173,2,0,NULL,NULL,NULL,NULL,NULL,NULL,NULL,NULL,NULL,NULL,NULL,NULL,NULL,NULL,NULL,NULL,NULL),(174,1,1,NULL,NULL,NULL,NULL,NULL,NULL,NULL,NULL,NULL,NULL,NULL,NULL,NULL,NULL,NULL,NULL,NULL),(174,2,0,NULL,NULL,NULL,NULL,NULL,NULL,NULL,NULL,NULL,NULL,NULL,NULL,NULL,NULL,NULL,NULL,NULL),(175,1,0,NULL,NULL,NULL,NULL,NULL,NULL,NULL,NULL,NULL,NULL,NULL,NULL,NULL,NULL,NULL,NULL,NULL),(175,2,0,NULL,NULL,NULL,NULL,NULL,NULL,NULL,NULL,NULL,NULL,NULL,NULL,NULL,NULL,NULL,1,NULL),(176,1,0,NULL,NULL,NULL,NULL,NULL,NULL,NULL,NULL,NULL,NULL,NULL,NULL,NULL,NULL,NULL,NULL,NULL),(176,2,0,NULL,NULL,NULL,NULL,NULL,NULL,NULL,NULL,NULL,NULL,1,NULL,NULL,NULL,NULL,NULL,NULL),(177,1,0,NULL,NULL,NULL,NULL,NULL,NULL,NULL,NULL,NULL,NULL,NULL,NULL,NULL,NULL,NULL,NULL,NULL),(177,2,0,NULL,NULL,NULL,NULL,NULL,NULL,NULL,NULL,NULL,NULL,1,NULL,NULL,NULL,NULL,NULL,NULL),(178,1,0,NULL,NULL,NULL,NULL,NULL,NULL,NULL,NULL,NULL,NULL,NULL,NULL,NULL,NULL,NULL,NULL,NULL),(178,2,0,NULL,NULL,NULL,NULL,1,NULL,NULL,NULL,NULL,NULL,NULL,NULL,NULL,NULL,NULL,NULL,NULL),(179,1,0,NULL,NULL,NULL,NULL,NULL,NULL,NULL,NULL,NULL,NULL,NULL,NULL,NULL,NULL,NULL,NULL,NULL),(179,2,0,NULL,NULL,NULL,NULL,NULL,NULL,NULL,NULL,NULL,NULL,NULL,NULL,NULL,1,NULL,NULL,NULL),(180,1,0,NULL,NULL,NULL,NULL,NULL,NULL,NULL,NULL,NULL,NULL,NULL,NULL,NULL,NULL,NULL,NULL,NULL),(180,2,0,NULL,NULL,NULL,NULL,1,NULL,NULL,NULL,NULL,NULL,NULL,NULL,NULL,NULL,NULL,NULL,NULL),(181,1,1,NULL,NULL,NULL,NULL,NULL,NULL,NULL,NULL,NULL,NULL,NULL,NULL,NULL,NULL,NULL,NULL,NULL),(181,2,0,NULL,NULL,NULL,NULL,NULL,NULL,NULL,NULL,NULL,NULL,NULL,NULL,NULL,NULL,NULL,NULL,NULL),(182,1,0,NULL,NULL,NULL,NULL,NULL,NULL,NULL,NULL,NULL,NULL,NULL,NULL,NULL,NULL,NULL,NULL,NULL),(182,2,0,NULL,NULL,NULL,NULL,NULL,NULL,NULL,NULL,NULL,NULL,1,NULL,NULL,NULL,NULL,NULL,NULL),(183,1,0,NULL,NULL,NULL,NULL,NULL,NULL,NULL,NULL,NULL,NULL,NULL,NULL,NULL,NULL,NULL,NULL,NULL),(183,2,0,NULL,NULL,NULL,NULL,NULL,NULL,NULL,NULL,NULL,NULL,NULL,NULL,NULL,NULL,NULL,1,NULL),(184,1,0,NULL,NULL,NULL,NULL,NULL,NULL,NULL,NULL,NULL,NULL,NULL,NULL,NULL,NULL,NULL,NULL,NULL),(184,2,0,NULL,NULL,NULL,NULL,NULL,NULL,NULL,NULL,NULL,NULL,NULL,NULL,NULL,NULL,NULL,1,NULL),(185,1,0,NULL,NULL,NULL,NULL,NULL,NULL,NULL,NULL,NULL,NULL,NULL,NULL,NULL,NULL,NULL,NULL,NULL),(185,2,0,NULL,NULL,NULL,NULL,NULL,NULL,NULL,NULL,NULL,NULL,NULL,NULL,NULL,1,NULL,NULL,NULL),(186,1,0,NULL,NULL,NULL,NULL,NULL,NULL,1,NULL,NULL,NULL,NULL,NULL,NULL,NULL,NULL,NULL,NULL),(186,2,0,NULL,NULL,NULL,NULL,NULL,NULL,NULL,NULL,NULL,NULL,NULL,NULL,NULL,NULL,NULL,NULL,NULL),(187,1,0,NULL,NULL,NULL,NULL,NULL,NULL,NULL,NULL,NULL,NULL,NULL,NULL,NULL,NULL,NULL,NULL,NULL),(187,2,0,NULL,NULL,NULL,NULL,1,NULL,NULL,NULL,NULL,NULL,NULL,NULL,NULL,NULL,NULL,NULL,NULL),(188,1,0,NULL,NULL,NULL,NULL,NULL,NULL,NULL,NULL,NULL,NULL,NULL,NULL,NULL,NULL,NULL,NULL,NULL),(188,2,0,NULL,NULL,NULL,NULL,NULL,NULL,NULL,NULL,NULL,NULL,1,NULL,NULL,NULL,NULL,NULL,NULL),(189,1,0,NULL,NULL,NULL,NULL,NULL,NULL,NULL,NULL,NULL,NULL,NULL,NULL,NULL,NULL,NULL,NULL,NULL),(189,2,0,NULL,NULL,NULL,NULL,NULL,NULL,NULL,NULL,NULL,NULL,NULL,NULL,NULL,NULL,NULL,1,NULL),(190,1,0,NULL,NULL,NULL,NULL,NULL,NULL,NULL,NULL,NULL,NULL,NULL,NULL,NULL,NULL,NULL,NULL,NULL),(190,2,0,NULL,NULL,NULL,NULL,NULL,NULL,NULL,NULL,NULL,NULL,NULL,NULL,NULL,NULL,NULL,1,NULL),(191,1,0,NULL,NULL,NULL,NULL,NULL,NULL,NULL,NULL,NULL,NULL,NULL,NULL,NULL,NULL,NULL,NULL,NULL),(191,2,0,NULL,NULL,NULL,NULL,1,NULL,NULL,NULL,NULL,NULL,NULL,NULL,NULL,NULL,NULL,NULL,NULL),(192,1,0,NULL,NULL,NULL,NULL,NULL,NULL,NULL,NULL,NULL,NULL,NULL,NULL,NULL,NULL,NULL,NULL,NULL),(192,2,0,NULL,NULL,NULL,NULL,NULL,NULL,NULL,NULL,NULL,NULL,1,NULL,NULL,NULL,NULL,NULL,NULL),(193,1,0,NULL,NULL,NULL,NULL,NULL,NULL,NULL,NULL,NULL,NULL,NULL,NULL,NULL,NULL,NULL,NULL,NULL),(193,2,1,NULL,NULL,NULL,NULL,NULL,NULL,NULL,NULL,NULL,NULL,NULL,NULL,NULL,NULL,NULL,NULL,NULL),(194,1,0,NULL,NULL,NULL,NULL,NULL,NULL,NULL,NULL,NULL,NULL,NULL,NULL,NULL,NULL,NULL,NULL,NULL),(194,2,0,NULL,NULL,NULL,NULL,NULL,NULL,NULL,NULL,NULL,NULL,NULL,NULL,NULL,NULL,NULL,1,NULL),(195,1,0,NULL,NULL,NULL,NULL,NULL,NULL,NULL,NULL,NULL,NULL,NULL,NULL,NULL,NULL,NULL,NULL,NULL),(195,2,0,NULL,NULL,NULL,NULL,NULL,NULL,1,NULL,NULL,NULL,NULL,NULL,NULL,NULL,NULL,NULL,NULL),(196,1,0,NULL,NULL,NULL,NULL,NULL,NULL,NULL,NULL,NULL,NULL,NULL,NULL,NULL,NULL,NULL,NULL,NULL),(196,2,0,NULL,NULL,NULL,NULL,NULL,NULL,1,NULL,NULL,NULL,NULL,NULL,NULL,NULL,NULL,NULL,NULL),(197,1,0,NULL,NULL,NULL,NULL,NULL,NULL,NULL,NULL,NULL,NULL,NULL,NULL,NULL,NULL,NULL,NULL,NULL),(197,2,0,NULL,NULL,NULL,NULL,NULL,NULL,1,NULL,NULL,NULL,NULL,NULL,NULL,NULL,NULL,NULL,NULL),(198,1,0,NULL,NULL,NULL,NULL,NULL,NULL,NULL,NULL,NULL,NULL,NULL,NULL,NULL,NULL,NULL,NULL,NULL),(198,2,0,NULL,NULL,NULL,NULL,NULL,NULL,NULL,NULL,NULL,NULL,NULL,NULL,NULL,NULL,NULL,1,NULL),(199,1,1,NULL,NULL,NULL,NULL,NULL,NULL,NULL,NULL,NULL,NULL,NULL,NULL,NULL,NULL,NULL,NULL,NULL),(199,2,0,NULL,NULL,NULL,NULL,NULL,NULL,NULL,NULL,NULL,NULL,NULL,NULL,NULL,NULL,NULL,NULL,NULL),(200,1,0,NULL,NULL,NULL,NULL,NULL,NULL,NULL,NULL,NULL,NULL,NULL,NULL,NULL,NULL,NULL,NULL,NULL),(200,2,0,NULL,NULL,NULL,NULL,NULL,NULL,NULL,NULL,NULL,NULL,NULL,NULL,NULL,NULL,NULL,NULL,NULL),(201,1,0,NULL,NULL,NULL,NULL,NULL,NULL,NULL,NULL,NULL,NULL,NULL,NULL,NULL,NULL,NULL,NULL,NULL),(201,2,0,NULL,NULL,NULL,NULL,NULL,NULL,1,NULL,NULL,NULL,NULL,NULL,NULL,NULL,NULL,NULL,NULL),(202,1,0,NULL,NULL,NULL,NULL,NULL,NULL,NULL,NULL,NULL,NULL,NULL,NULL,NULL,NULL,NULL,NULL,NULL),(202,2,0,NULL,NULL,NULL,NULL,1,NULL,NULL,NULL,NULL,NULL,NULL,NULL,NULL,NULL,NULL,NULL,NULL),(203,1,0,NULL,NULL,NULL,NULL,NULL,NULL,NULL,NULL,NULL,NULL,NULL,NULL,NULL,NULL,NULL,NULL,NULL),(203,2,0,NULL,NULL,NULL,NULL,NULL,NULL,NULL,NULL,NULL,NULL,NULL,NULL,NULL,NULL,NULL,1,NULL),(204,1,0,NULL,NULL,NULL,NULL,NULL,NULL,NULL,NULL,NULL,NULL,NULL,NULL,NULL,NULL,NULL,NULL,NULL),(204,2,0,NULL,NULL,NULL,NULL,1,NULL,NULL,NULL,NULL,NULL,NULL,NULL,NULL,NULL,NULL,NULL,NULL),(205,1,1,NULL,NULL,NULL,NULL,NULL,NULL,NULL,NULL,NULL,NULL,NULL,NULL,NULL,NULL,NULL,NULL,NULL),(205,2,0,NULL,NULL,NULL,NULL,NULL,NULL,NULL,NULL,NULL,NULL,NULL,NULL,NULL,NULL,NULL,NULL,NULL),(206,1,0,NULL,NULL,NULL,NULL,NULL,NULL,NULL,NULL,NULL,NULL,NULL,NULL,NULL,NULL,NULL,NULL,NULL),(206,2,0,NULL,NULL,NULL,NULL,1,NULL,NULL,NULL,NULL,NULL,NULL,NULL,NULL,NULL,NULL,NULL,NULL),(207,1,0,NULL,NULL,NULL,NULL,NULL,NULL,NULL,NULL,NULL,NULL,NULL,NULL,NULL,NULL,NULL,NULL,NULL),(207,2,0,NULL,NULL,NULL,NULL,NULL,NULL,1,NULL,NULL,NULL,NULL,NULL,NULL,NULL,NULL,NULL,NULL),(208,1,0,NULL,NULL,NULL,NULL,NULL,NULL,NULL,NULL,NULL,NULL,NULL,NULL,NULL,NULL,NULL,NULL,NULL),(208,2,0,NULL,NULL,NULL,NULL,NULL,NULL,NULL,NULL,NULL,NULL,NULL,NULL,NULL,1,NULL,NULL,NULL),(209,1,0,NULL,NULL,NULL,NULL,NULL,NULL,NULL,NULL,NULL,NULL,NULL,NULL,NULL,NULL,NULL,NULL,NULL),(209,2,1,NULL,NULL,NULL,NULL,NULL,NULL,NULL,NULL,NULL,NULL,NULL,NULL,NULL,NULL,NULL,NULL,NULL),(210,1,0,NULL,NULL,NULL,NULL,NULL,NULL,NULL,NULL,NULL,NULL,NULL,NULL,NULL,NULL,NULL,NULL,NULL),(210,2,0,NULL,NULL,NULL,NULL,NULL,NULL,NULL,NULL,NULL,NULL,NULL,NULL,NULL,1,NULL,NULL,NULL),(211,1,0,NULL,NULL,NULL,NULL,NULL,NULL,NULL,NULL,NULL,NULL,NULL,NULL,NULL,NULL,NULL,NULL,NULL),(211,2,0,NULL,NULL,NULL,NULL,NULL,NULL,1,NULL,NULL,NULL,NULL,NULL,NULL,NULL,NULL,NULL,NULL),(212,1,0,NULL,NULL,NULL,NULL,NULL,NULL,NULL,NULL,NULL,NULL,NULL,NULL,NULL,NULL,NULL,NULL,NULL),(212,2,0,NULL,NULL,NULL,NULL,NULL,NULL,NULL,NULL,NULL,NULL,NULL,NULL,NULL,1,NULL,NULL,NULL),(213,1,0,NULL,NULL,NULL,NULL,NULL,NULL,NULL,NULL,NULL,NULL,NULL,NULL,NULL,NULL,NULL,NULL,NULL),(213,2,1,NULL,NULL,NULL,NULL,NULL,NULL,NULL,NULL,NULL,NULL,NULL,NULL,NULL,NULL,NULL,NULL,NULL),(214,1,0,NULL,NULL,NULL,NULL,NULL,NULL,NULL,NULL,NULL,NULL,NULL,NULL,NULL,NULL,NULL,NULL,NULL),(214,2,0,NULL,NULL,NULL,NULL,1,NULL,NULL,NULL,NULL,NULL,NULL,NULL,NULL,NULL,NULL,NULL,NULL),(215,1,0,NULL,NULL,NULL,NULL,NULL,NULL,NULL,NULL,NULL,NULL,1,NULL,NULL,NULL,NULL,NULL,NULL),(215,2,0,NULL,NULL,NULL,NULL,NULL,NULL,NULL,NULL,NULL,NULL,NULL,NULL,NULL,NULL,NULL,NULL,NULL),(216,1,0,NULL,NULL,NULL,NULL,NULL,NULL,NULL,NULL,NULL,NULL,NULL,NULL,NULL,NULL,NULL,NULL,NULL),(216,2,0,NULL,NULL,NULL,NULL,NULL,NULL,1,NULL,NULL,NULL,NULL,NULL,NULL,NULL,NULL,NULL,NULL),(217,1,0,NULL,NULL,NULL,NULL,NULL,NULL,NULL,NULL,NULL,NULL,NULL,NULL,NULL,NULL,NULL,NULL,NULL),(217,2,0,NULL,NULL,NULL,NULL,1,NULL,NULL,NULL,NULL,NULL,NULL,NULL,NULL,NULL,NULL,NULL,NULL),(218,1,0,NULL,NULL,NULL,NULL,NULL,NULL,NULL,NULL,NULL,NULL,NULL,NULL,NULL,NULL,NULL,NULL,NULL),(218,2,0,NULL,NULL,NULL,NULL,NULL,NULL,1,NULL,NULL,NULL,NULL,NULL,NULL,NULL,NULL,NULL,NULL),(219,1,0,NULL,NULL,NULL,NULL,NULL,NULL,NULL,NULL,NULL,NULL,NULL,NULL,NULL,NULL,NULL,NULL,NULL),(219,2,0,NULL,NULL,NULL,NULL,NULL,NULL,1,NULL,NULL,NULL,NULL,NULL,NULL,NULL,NULL,NULL,NULL),(220,1,0,NULL,NULL,NULL,NULL,NULL,NULL,NULL,NULL,NULL,NULL,NULL,NULL,NULL,NULL,NULL,NULL,NULL),(220,2,0,NULL,NULL,NULL,NULL,1,NULL,NULL,NULL,NULL,NULL,NULL,NULL,NULL,NULL,NULL,NULL,NULL),(221,1,0,NULL,NULL,NULL,NULL,NULL,NULL,1,NULL,NULL,NULL,NULL,NULL,NULL,NULL,NULL,NULL,NULL),(221,2,0,NULL,NULL,NULL,NULL,NULL,NULL,NULL,NULL,NULL,NULL,NULL,NULL,NULL,NULL,NULL,NULL,NULL),(222,1,0,NULL,NULL,NULL,NULL,NULL,NULL,NULL,NULL,NULL,NULL,NULL,NULL,NULL,NULL,NULL,NULL,NULL),(222,2,0,NULL,NULL,NULL,NULL,NULL,NULL,NULL,NULL,NULL,NULL,NULL,NULL,NULL,1,NULL,NULL,NULL),(223,1,0,NULL,NULL,NULL,NULL,NULL,NULL,NULL,NULL,NULL,NULL,NULL,NULL,NULL,NULL,NULL,NULL,NULL),(223,2,0,NULL,NULL,NULL,NULL,NULL,NULL,NULL,NULL,NULL,NULL,NULL,NULL,NULL,NULL,NULL,1,NULL),(224,1,0,NULL,NULL,NULL,NULL,NULL,NULL,NULL,NULL,NULL,NULL,NULL,NULL,NULL,NULL,NULL,NULL,NULL),(224,2,1,NULL,NULL,NULL,NULL,NULL,NULL,NULL,NULL,NULL,NULL,NULL,NULL,NULL,NULL,NULL,NULL,NULL),(225,1,0,NULL,NULL,NULL,NULL,NULL,NULL,NULL,NULL,NULL,NULL,NULL,NULL,NULL,NULL,NULL,NULL,NULL),(225,2,0,NULL,NULL,NULL,NULL,NULL,NULL,1,NULL,NULL,NULL,NULL,NULL,NULL,NULL,NULL,NULL,NULL),(226,1,0,NULL,NULL,NULL,NULL,NULL,NULL,NULL,NULL,NULL,NULL,1,NULL,NULL,NULL,NULL,NULL,NULL),(226,2,0,NULL,NULL,NULL,NULL,NULL,NULL,NULL,NULL,NULL,NULL,NULL,NULL,NULL,NULL,NULL,NULL,NULL),(227,1,1,NULL,NULL,NULL,NULL,NULL,NULL,NULL,NULL,NULL,NULL,NULL,NULL,NULL,NULL,NULL,NULL,NULL),(227,2,0,NULL,NULL,NULL,NULL,NULL,NULL,NULL,NULL,NULL,NULL,NULL,NULL,NULL,NULL,NULL,NULL,NULL),(228,1,0,NULL,NULL,NULL,NULL,NULL,NULL,NULL,NULL,NULL,NULL,NULL,NULL,NULL,NULL,NULL,NULL,NULL),(228,2,0,NULL,NULL,NULL,NULL,NULL,NULL,NULL,NULL,NULL,NULL,NULL,NULL,NULL,NULL,NULL,1,NULL),(229,1,0,NULL,NULL,NULL,NULL,NULL,NULL,NULL,NULL,NULL,NULL,NULL,NULL,NULL,NULL,NULL,NULL,NULL),(229,2,0,NULL,NULL,NULL,NULL,NULL,NULL,1,NULL,NULL,NULL,NULL,NULL,NULL,NULL,NULL,NULL,NULL),(230,1,0,NULL,NULL,NULL,NULL,NULL,NULL,NULL,NULL,NULL,NULL,NULL,NULL,NULL,NULL,NULL,NULL,NULL),(230,2,0,NULL,NULL,NULL,NULL,NULL,NULL,NULL,NULL,NULL,NULL,NULL,NULL,NULL,NULL,NULL,1,NULL);
/*!40000 ALTER TABLE `cpidf` ENABLE KEYS */;
UNLOCK TABLES;

--
-- Table structure for table `eppsdf`
--

DROP TABLE IF EXISTS `eppsdf`;
/*!40101 SET @saved_cs_client     = @@character_set_client */;
/*!40101 SET character_set_client = utf8 */;
CREATE TABLE `eppsdf` (
  `X` int(11) DEFAULT NULL,
  `Y` int(11) DEFAULT NULL,
  `TH` int(11) NOT NULL,
  PRIMARY KEY (`TH`)
) ENGINE=InnoDB DEFAULT CHARSET=utf8;
/*!40101 SET character_set_client = @saved_cs_client */;

--
-- Dumping data for table `eppsdf`
--

LOCK TABLES `eppsdf` WRITE;
/*!40000 ALTER TABLE `eppsdf` DISABLE KEYS */;
INSERT INTO `eppsdf` VALUES (1,1,1),(2,1,2),(3,1,3),(4,1,4),(5,1,5),(1,2,6),(2,2,7),(3,2,8),(4,2,9),(5,2,10),(1,3,11),(2,3,12),(3,3,13),(4,3,14),(5,3,15),(1,4,16),(2,4,17),(3,4,18),(4,4,19),(5,4,20),(1,5,21),(2,5,22),(3,5,23),(4,5,24),(5,5,25),(1,6,26),(2,6,27),(3,6,28),(4,6,29),(5,6,30),(1,7,31),(2,7,32),(3,7,33),(4,7,34),(5,7,35),(1,8,36),(2,8,37),(3,8,38),(4,8,39),(5,8,40),(1,9,41),(2,9,42),(3,9,43),(4,9,44),(5,9,45),(1,10,46),(2,10,47),(3,10,48),(4,10,49),(5,10,50),(1,11,51),(2,11,52),(3,11,53),(4,11,54),(5,11,55),(1,12,56),(2,12,57),(3,12,58),(4,12,59),(5,12,60),(1,13,61),(2,13,62),(3,13,63),(4,13,64),(5,13,65),(1,14,66),(2,14,67),(3,14,68),(4,14,69),(5,14,70),(1,15,71),(2,15,72),(3,15,73),(4,15,74),(5,15,75),(6,1,76),(7,1,77),(8,1,78),(9,1,79),(10,1,80),(6,2,81),(7,2,82),(8,2,83),(9,2,84),(10,2,85),(6,3,86),(7,3,87),(8,3,88),(9,3,89),(10,3,90),(6,4,91),(7,4,92),(8,4,93),(9,4,94),(10,4,95),(6,5,96),(7,5,97),(8,5,98),(9,5,99),(10,5,100),(6,6,101),(7,6,102),(8,6,103),(9,6,104),(10,6,105),(6,7,106),(7,7,107),(8,7,108),(9,7,109),(10,7,110),(6,8,111),(7,8,112),(8,8,113),(9,8,114),(10,8,115),(6,9,116),(7,9,117),(8,9,118),(9,9,119),(10,9,120),(6,10,121),(7,10,122),(8,10,123),(9,10,124),(10,10,125),(6,11,126),(7,11,127),(8,11,128),(9,11,129),(10,11,130),(6,12,131),(7,12,132),(8,12,133),(9,12,134),(10,12,135),(6,13,136),(7,13,137),(8,13,138),(9,13,139),(10,13,140),(6,14,141),(7,14,142),(8,14,143),(9,14,144),(10,14,145),(6,15,146),(7,15,147),(8,15,148),(9,15,149),(10,15,150),(11,1,151),(12,1,152),(13,1,153),(14,1,154),(15,1,155),(11,2,156),(12,2,157),(13,2,158),(14,2,159),(15,2,160),(11,3,161),(12,3,162),(13,3,163),(14,3,164),(15,3,165),(11,4,166),(12,4,167),(13,4,168),(14,4,169),(15,4,170),(11,5,171),(12,5,172),(13,5,173),(14,5,174),(15,5,175),(11,6,176),(12,6,177),(13,6,178),(14,6,179),(15,6,180),(11,7,181),(12,7,182),(13,7,183),(14,7,184),(15,7,185),(11,8,186),(12,8,187),(13,8,188),(14,8,189),(15,8,190),(11,9,191),(12,9,192),(13,9,193),(14,9,194),(15,9,195),(11,10,196),(12,10,197),(13,10,198),(14,10,199),(15,10,200),(11,11,201),(12,11,202),(13,11,203),(14,11,204),(15,11,205),(11,12,206),(12,12,207),(13,12,208),(14,12,209),(15,12,210),(11,13,211),(12,13,212),(13,13,213),(14,13,214),(15,13,215),(11,14,216),(12,14,217),(13,14,218),(14,14,219),(15,14,220),(11,15,221),(12,15,222),(13,15,223),(14,15,224),(15,15,225);
/*!40000 ALTER TABLE `eppsdf` ENABLE KEYS */;
UNLOCK TABLES;

--
-- Table structure for table `epqadf`
--

DROP TABLE IF EXISTS `epqadf`;
/*!40101 SET @saved_cs_client     = @@character_set_client */;
/*!40101 SET character_set_client = utf8 */;
CREATE TABLE `epqadf` (
  `TH` int(11) NOT NULL,
  `XZ` int(11) NOT NULL,
  `E` int(11) DEFAULT NULL,
  `N` int(11) DEFAULT NULL,
  `P` int(11) DEFAULT NULL,
  `L` int(11) DEFAULT NULL,
  PRIMARY KEY (`TH`,`XZ`)
) ENGINE=InnoDB DEFAULT CHARSET=utf8;
/*!40101 SET character_set_client = @saved_cs_client */;

--
-- Dumping data for table `epqadf`
--

LOCK TABLES `epqadf` WRITE;
/*!40000 ALTER TABLE `epqadf` DISABLE KEYS */;
INSERT INTO `epqadf` VALUES (1,1,1,0,0,0),(1,2,0,0,0,0),(2,1,0,0,0,0),(2,2,0,0,1,0),(3,1,0,1,0,0),(3,2,0,0,0,0),(4,1,0,0,0,0),(4,2,0,0,0,1),(5,1,1,NULL,NULL,NULL),(5,2,NULL,NULL,NULL,NULL),(6,1,NULL,0,NULL,NULL),(6,2,NULL,NULL,1,NULL),(7,1,NULL,1,0,NULL),(7,2,NULL,NULL,NULL,0),(8,1,NULL,NULL,NULL,0),(8,2,NULL,NULL,0,1),(9,1,0,NULL,NULL,NULL),(9,2,0,NULL,1,NULL),(10,1,1,0,NULL,NULL),(10,2,NULL,NULL,0,NULL),(11,1,NULL,0,NULL,NULL),(11,2,NULL,NULL,1,0),(12,1,NULL,1,0,0),(12,2,NULL,NULL,NULL,NULL),(13,1,1,NULL,NULL,NULL),(13,2,NULL,NULL,NULL,NULL),(14,1,1,0,NULL,NULL),(14,2,NULL,NULL,NULL,NULL),(15,1,NULL,1,0,NULL),(15,2,NULL,NULL,NULL,0),(16,1,0,NULL,NULL,NULL),(16,2,NULL,NULL,NULL,1),(17,1,1,NULL,NULL,NULL),(17,2,NULL,NULL,0,NULL),(18,1,NULL,0,NULL,NULL),(18,2,NULL,NULL,1,NULL),(19,1,0,1,0,NULL),(19,2,NULL,NULL,NULL,NULL),(20,1,NULL,0,NULL,1),(20,2,NULL,NULL,NULL,0),(21,1,0,NULL,NULL,NULL),(21,2,1,NULL,NULL,0),(22,1,0,0,1,NULL),(22,2,NULL,NULL,NULL,NULL),(23,1,NULL,1,0,NULL),(23,2,NULL,NULL,NULL,NULL),(24,1,NULL,0,NULL,0),(24,2,NULL,NULL,NULL,1),(25,1,1,NULL,NULL,NULL),(25,2,NULL,NULL,NULL,0),(26,1,NULL,0,1,NULL),(26,2,0,NULL,NULL,NULL),(27,1,NULL,1,0,0),(27,2,NULL,NULL,NULL,NULL),(28,1,0,0,NULL,NULL),(28,2,NULL,NULL,NULL,1),(29,1,0,0,NULL,NULL),(29,2,1,NULL,NULL,NULL),(30,1,NULL,0,1,NULL),(30,2,NULL,NULL,0,NULL),(31,1,NULL,1,NULL,0),(31,2,NULL,NULL,NULL,NULL),(32,1,0,NULL,0,1),(32,2,NULL,NULL,NULL,NULL),(33,1,1,NULL,NULL,NULL),(33,2,NULL,NULL,0,NULL),(34,1,NULL,0,1,NULL),(34,2,NULL,NULL,NULL,NULL),(35,1,0,1,0,NULL),(35,2,NULL,NULL,NULL,NULL),(36,1,NULL,0,NULL,1),(36,2,NULL,NULL,NULL,NULL),(37,1,1,NULL,NULL,NULL),(37,2,0,NULL,NULL,NULL),(38,1,NULL,0,0,NULL),(38,2,NULL,NULL,1,NULL),(39,1,NULL,1,0,NULL),(39,2,NULL,NULL,NULL,0),(40,1,0,NULL,NULL,NULL),(40,2,NULL,NULL,NULL,1),(41,1,1,NULL,0,NULL),(41,2,NULL,NULL,NULL,NULL),(42,1,NULL,0,NULL,NULL),(42,2,NULL,NULL,1,NULL),(43,1,0,1,0,NULL),(43,2,NULL,NULL,NULL,NULL),(44,1,NULL,NULL,0,0),(44,2,NULL,NULL,NULL,1),(45,1,0,NULL,NULL,NULL),(45,2,1,NULL,NULL,0),(46,1,0,0,1,NULL),(46,2,NULL,NULL,NULL,NULL),(47,1,NULL,1,0,NULL),(47,2,NULL,NULL,NULL,NULL),(48,1,NULL,NULL,NULL,0),(48,2,NULL,NULL,NULL,1),(49,1,1,NULL,NULL,NULL),(49,2,0,NULL,NULL,NULL),(50,1,NULL,0,1,NULL),(50,2,NULL,NULL,0,NULL),(51,1,NULL,1,0,NULL),(51,2,NULL,NULL,NULL,NULL),(52,1,NULL,NULL,NULL,0),(52,2,NULL,NULL,NULL,1),(53,1,1,NULL,0,NULL),(53,2,NULL,NULL,NULL,NULL),(54,1,NULL,0,NULL,NULL),(54,2,NULL,NULL,NULL,1),(55,1,1,NULL,0,NULL),(55,2,NULL,NULL,NULL,0),(56,1,0,NULL,NULL,0),(56,2,NULL,NULL,1,NULL),(57,1,0,1,0,NULL),(57,2,NULL,NULL,NULL,NULL),(58,1,NULL,0,0,1),(58,2,NULL,NULL,NULL,NULL),(59,1,NULL,1,0,NULL),(59,2,NULL,NULL,NULL,NULL),(60,1,0,NULL,0,NULL),(60,2,NULL,NULL,NULL,1),(61,1,1,NULL,NULL,NULL),(61,2,NULL,NULL,NULL,NULL),(62,1,NULL,0,0,NULL),(62,2,NULL,NULL,1,NULL),(63,1,NULL,1,NULL,0),(63,2,NULL,NULL,NULL,NULL),(64,1,0,NULL,NULL,NULL),(64,2,NULL,NULL,NULL,1),(65,1,1,0,0,NULL),(65,2,NULL,NULL,NULL,NULL),(66,1,NULL,0,1,NULL),(66,2,NULL,NULL,0,NULL),(67,1,NULL,1,NULL,NULL),(67,2,NULL,NULL,NULL,0),(68,1,0,NULL,1,0),(68,2,NULL,NULL,NULL,NULL),(69,1,NULL,1,0,NULL),(69,2,NULL,NULL,NULL,NULL),(70,1,NULL,0,NULL,NULL),(70,2,NULL,NULL,NULL,1),(71,1,1,NULL,NULL,NULL),(71,2,NULL,NULL,NULL,0),(72,1,0,0,NULL,NULL),(72,2,NULL,NULL,1,NULL),(73,1,NULL,1,0,NULL),(73,2,NULL,NULL,NULL,0),(74,1,NULL,1,NULL,NULL),(74,2,NULL,NULL,NULL,NULL),(75,1,0,NULL,1,NULL),(75,2,NULL,NULL,NULL,0),(76,1,0,0,1,NULL),(76,2,NULL,NULL,NULL,NULL),(77,1,NULL,1,0,NULL),(77,2,NULL,NULL,0,NULL),(78,1,NULL,1,NULL,0),(78,2,NULL,NULL,NULL,NULL),(79,1,0,NULL,NULL,0),(79,2,NULL,NULL,NULL,1),(80,1,1,NULL,NULL,NULL),(80,2,NULL,NULL,0,0),(81,1,NULL,0,1,0),(81,2,NULL,NULL,NULL,NULL),(82,1,NULL,1,NULL,NULL),(82,2,NULL,NULL,NULL,0),(83,1,0,NULL,NULL,NULL),(83,2,NULL,NULL,NULL,1),(84,1,1,0,NULL,NULL),(84,2,NULL,NULL,NULL,0),(85,1,0,NULL,1,NULL),(85,2,NULL,NULL,NULL,NULL),(86,1,0,1,NULL,NULL),(86,2,NULL,NULL,NULL,NULL),(87,1,NULL,NULL,NULL,1),(87,2,NULL,NULL,NULL,0),(88,1,0,NULL,0,NULL),(88,2,NULL,NULL,1,NULL);
/*!40000 ALTER TABLE `epqadf` ENABLE KEYS */;
UNLOCK TABLES;

--
-- Table structure for table `examinee`
--

DROP TABLE IF EXISTS `examinee`;
/*!40101 SET @saved_cs_client     = @@character_set_client */;
/*!40101 SET character_set_client = utf8 */;
CREATE TABLE `examinee` (
  `id` int(11) NOT NULL AUTO_INCREMENT,
  `number` varchar(45) NOT NULL COMMENT 'username',
  `password` varchar(256) NOT NULL,
  `name` varchar(45) DEFAULT NULL,
  `other` text COMMENT 'json',
  `sex` tinyint(1) DEFAULT NULL,
  `native` varchar(200) DEFAULT NULL COMMENT '',
  `education` varchar(200) DEFAULT NULL COMMENT '',
  `politics` varchar(200) DEFAULT NULL COMMENT '',
  `professional` varchar(200) DEFAULT NULL COMMENT '',
  `degree` varchar(200) DEFAULT NULL COMMENT '',
  `employer` varchar(200) DEFAULT NULL COMMENT '',
  `unit` varchar(200) DEFAULT NULL COMMENT '',
  `team` varchar(200) DEFAULT NULL COMMENT '/',
  `duty` varchar(200) DEFAULT NULL COMMENT '',
  `project_id` int(11) NOT NULL COMMENT 'id',
  `birthday` date DEFAULT NULL,
  `last_login` datetime DEFAULT NULL,
  `is_exam_com` tinyint(1) NOT NULL DEFAULT '0',
  PRIMARY KEY (`id`),
  UNIQUE KEY `username_UNIQUE` (`number`),
  KEY `index3` (`project_id`),
  CONSTRAINT `fk_examinee_1` FOREIGN KEY (`project_id`) REFERENCES `project` (`id`) ON DELETE CASCADE ON UPDATE CASCADE
) ENGINE=InnoDB AUTO_INCREMENT=16 DEFAULT CHARSET=utf8;
/*!40101 SET character_set_client = @saved_cs_client */;

--
-- Dumping data for table `examinee`
--

LOCK TABLES `examinee` WRITE;
/*!40000 ALTER TABLE `examinee` DISABLE KEYS */;
INSERT INTO `examinee` VALUES (12,'15010001','efxonl','','{\"education\":[],\"work\":[]}',1,'','','',NULL,NULL,'','',NULL,'',1,'1993-11-12',NULL,0),(13,'15010002','2oumzy','','{\"education\":[],\"work\":[]}',1,'','','',NULL,NULL,'','',NULL,'',1,'1993-11-12',NULL,0),(14,'15010003','0mzg2o','','{\"education\":[],\"work\":[]}',1,'','','',NULL,NULL,'','',NULL,'',1,'1993-11-12',NULL,0),(15,'15010004','zkxvjb','','{\"education\":[],\"work\":[]}',1,'','','',NULL,NULL,'','',NULL,'',1,'1993-11-12',NULL,0);
/*!40000 ALTER TABLE `examinee` ENABLE KEYS */;
UNLOCK TABLES;

--
-- Table structure for table `factor`
--

DROP TABLE IF EXISTS `factor`;
/*!40101 SET @saved_cs_client     = @@character_set_client */;
/*!40101 SET character_set_client = utf8 */;
CREATE TABLE `factor` (
  `id` int(11) NOT NULL AUTO_INCREMENT,
  `name` varchar(45) NOT NULL,
  `factor` double DEFAULT NULL COMMENT '',
  `father_factor` int(11) DEFAULT NULL COMMENT 'id',
  `paper_id` int(11) DEFAULT NULL COMMENT 'id',
  `children` varchar(2000) DEFAULT NULL COMMENT '\n',
  `children_type` varchar(1000) DEFAULT NULL COMMENT 'factorquestion',
  `action` varchar(1000) DEFAULT NULL COMMENT '',
  `ans_do` varchar(1000) DEFAULT NULL COMMENT '',
  `chabiao` varchar(1000) DEFAULT NULL COMMENT '',
  `chs_name` varchar(45) DEFAULT NULL COMMENT '',
  PRIMARY KEY (`id`),
  UNIQUE KEY `name_UNIQUE` (`name`),
  KEY `index2` (`father_factor`),
  KEY `index4` (`paper_id`),
  CONSTRAINT `fk_factor_1` FOREIGN KEY (`father_factor`) REFERENCES `factor` (`id`) ON DELETE SET NULL ON UPDATE SET NULL
) ENGINE=InnoDB AUTO_INCREMENT=141 DEFAULT CHARSET=utf8;
/*!40101 SET character_set_client = @saved_cs_client */;

--
-- Dumping data for table `factor`
--

LOCK TABLES `factor` WRITE;
/*!40000 ALTER TABLE `factor` DISABLE KEYS */;
INSERT INTO `factor` VALUES (62,'A',NULL,NULL,32,'3, 26, 27, 51, 52, 76, 101, 126, 151, 176','1,1,1,1,1,1,1,1,1,1','sum','$ans=$ans',NULL,''),(63,'B',NULL,NULL,32,'28, 53, 54, 77, 78, 102, 103, 127, 128, 152, 153, 177, 178','1,1,1,1,1,1,1,1,1,1,1,1,1','sum','$ans=$ans',NULL,''),(64,'C',NULL,NULL,32,'4, 5, 29, 30, 55, 79, 80, 104, 105, 129, 130, 154, 179','1,1,1,1,1,1,1,1,1,1,1,1,1','sum','$ans=$ans',NULL,''),(65,'E',NULL,NULL,32,'6, 7, 31, 32, 56, 57, 81, 106, 131, 155, 156, 180, 181','1,1,1,1,1,1,1,1,1,1,1,1,1','sum','$ans=$ans',NULL,''),(66,'F',NULL,NULL,32,'8, 33, 58, 82, 83, 107, 108, 132, 133, 157, 158, 182, 183','1,1,1,1,1,1,1,1,1,1,1,1,1','sum','$ans=$ans',NULL,''),(67,'G',NULL,NULL,32,'9, 34, 59, 84, 109, 134, 159, 160, 184, 185','1,1,1,1,1,1,1,1,1,1','sum','$ans=$ans',NULL,''),(68,'H',NULL,NULL,32,'10, 35, 36, 60, 61, 85, 86, 110, 111, 135, 136, 161, 186','1,1,1,1,1,1,1,1,1,1,1,1,1','sum','$ans=$ans',NULL,''),(69,'I',NULL,NULL,32,'11, 12, 37, 62, 87, 112, 137, 138, 162, 163','1,1,1,1,1,1,1,1,1,1','sum','$ans=$ans',NULL,''),(70,'L',NULL,NULL,32,'13, 38, 63, 64, 88, 89, 113, 114, 139, 164','1,1,1,1,1,1,1,1,1,1','sum','$ans=$ans',NULL,''),(71,'M',NULL,NULL,32,'14, 15, 39, 40, 65, 90, 91, 115, 116, 140, 141, 165, 166','1,1,1,1,1,1,1,1,1,1,1,1,1','sum','$ans=$ans',NULL,''),(72,'N',NULL,NULL,32,'16, 17, 41, 42, 66, 67, 92, 117, 142, 167','1,1,1,1,1,1,1,1,1,1','sum','$ans=$ans',NULL,''),(73,'O',NULL,NULL,32,'18, 19, 43, 44, 68, 69, 93, 94, 118, 119, 143, 144, 168','1,1,1,1,1,1,1,1,1,1,1,1,1','sum','$ans=$ans',NULL,''),(74,'Q1',NULL,NULL,32,'20, 21, 45, 46, 70, 95, 120, 145, 169, 170','1,1,1,1,1,1,1,1,1,1','sum','$ans=$ans',NULL,''),(75,'Q2',NULL,NULL,32,'22, 47, 71, 72, 96, 97, 121, 122, 146, 171','1,1,1,1,1,1,1,1,1,1','sum','$ans=$ans',NULL,''),(76,'Q3',NULL,NULL,32,'23, 24, 48, 73, 98, 123, 147, 148, 172, 173','1,1,1,1,1,1,1,1,1,1','sum','$ans=$ans',NULL,''),(77,'Q4',NULL,NULL,32,'25, 49, 50, 74, 75, 99, 100, 124, 125, 149, 150, 174, 175','1,1,1,1,1,1,1,1,1,1,1,1,1','sum','$ans=10-$ans',NULL,''),(78,'X1',NULL,NULL,32,'L,O,Q4,C,H,Q3','0,0,0,0,0,0','(38+2*L+3*O+4*Q4-(2*C+2*H+2*Q3))/10','$ans=10-$ans',NULL,''),(79,'X2',NULL,NULL,32,'A,E,F,H,Q2','0,0,0,0,0','(2*A+3*E+4*F+5*H-(2*Q2+11))/10','$ans=$ans',NULL,''),(80,'X3',NULL,NULL,32,'C,E,F,N,A,I,M','0,0,0,0,0,0,0','(77+2*C+2*E+2*F+2*N-(4*A+6*I+2*M))/10','$ans=$ans',NULL,''),(81,'X4',NULL,NULL,32,'E,M,Q1,Q2,A,G','0,0,0,0,0,0','(4*E+3*M+4*Q1+4*Q2-(3*A+2*G))/10','$ans=$ans',NULL,''),(82,'Y1',NULL,NULL,32,'C,F,O,Q4','0,0,0,0','C+F+(11-O)+(11-Q4)','$ans=$ans/4',NULL,''),(83,'Y2',NULL,NULL,32,'Q3,G,C,E,N,Q1,Q2','0,0,0,0,0,0,0','2*Q3+2*G+2*C+E+N+Q1+Q2','$ans=$ans/7.5',NULL,''),(84,'Y3',NULL,NULL,32,'A,B,E,F,H,I,M,N,Q1,Q2','0,0,0,0,0,0,0,0,0,0','2*(11-A)+2*B+E+2*(11-F)+H+2*I+M+(11-N)+Q1+2*Q2','$ans=$ans',NULL,''),(85,'Y4',NULL,NULL,32,'B,G,Q3,F','0,0,0,0','B+G+Q3+(11-F)','$ans=$ans/4',NULL,''),(86,'end',NULL,NULL,34,'153,158,163,168,173,178,182,188,193,198,203,208,213,218,223,61,62,63,64,65,136,137,138,139,140,211,212,213,214,215','1,1,1,1,1,1,1,1,1,1,1,1,1,1,1,1,1,1,1,1,1,1,1,1,1,1,1,1,1,1','sum','$ans=($ans-1)/2.8',NULL,''),(87,'int',NULL,NULL,34,'77,82,87,92,97,102,107,112,117,122,127,132,137,142,147,31,32,33,34,35,106,107,108,109,110,181,182,183,184,185','1,1,1,1,1,1,1,1,1,1,1,1,1,1,1,1,1,1,1,1,1,1,1,1,1,1,1,1,1,1','sum','$ans=($ans-1)/2.8',NULL,''),(88,'ord',NULL,NULL,34,'3,8,13,18,23,28,33,38,43,48,53,58,63,68,73,11,12,13,14,15,86,87,88,89,90,161,162,163,164,165','1,1,1,1,1,1,1,1,1,1,1,1,1,1,1,1,1,1,1,1,1,1,1,1,1,1,1,1,1,1','sum','$ans=($ans-1)/2.8',NULL,''),(89,'ach',NULL,NULL,34,'1,6,11,16,21,26,31,36,41,46,51,56,61,66,71,1,2,3,4,5,76,77,78,79,80,151,152,153,154,155','1,1,1,1,1,1,1,1,1,1,1,1,1,1,1,1,1,1,1,1,1,1,1,1,1,1,1,1,1,1','sum','$ans=($ans-1)/2.8',NULL,''),(90,'chg',NULL,NULL,34,'152,157,162,167,172,177,182,187,192,197,202,207,212,217,222,56,57,58,59,60,131,132,133,134,135,206,207,208,209,210','1,1,1,1,1,1,1,1,1,1,1,1,1,1,1,1,1,1,1,1,1,1,1,1,1,1,1,1,1,1','sum','$ans=($ans-1)/2.8',NULL,''),(91,'aba',NULL,NULL,34,'80,85,90,95,100,105,110,115,120,125,130,135,140,150,46,47,48,49,50,121,122,123,124,125,196,197,198,199,200','1,1,1,1,1,1,1,1,1,1,1,1,1,1,1,1,1,1,1,1,1,1,1,1,1,1,1,1,1','sum','$ans=($ans-1)/2.8',NULL,''),(92,'dom',NULL,NULL,34,'79,84,89,94,99,104,109,114,119,124,129,134,139,144,149,41,42,43,44,45,116,117,118,119,120,191,192,193,194,195','1,1,1,1,1,1,1,1,1,1,1,1,1,1,1,1,1,1,1,1,1,1,1,1,1,1,1,1,1,1','sum','$ans=($ans-1)/2.8',NULL,''),(93,'aff',NULL,NULL,34,'76,81,86,91,96,101,106,111,116,121,126,131,136,141,146,26,27,28,29,30,101,102,103,104,105,176,177,178,179,180','1,1,1,1,1,1,1,1,1,1,1,1,1,1,1,1,1,1,1,1,1,1,1,1,1,1,1,1,1,1','sum','$ans=($ans-1)/2.8',NULL,''),(94,'def',NULL,NULL,34,'2,7,12,17,22,27,32,37,42,47,52,57,62,67,72,6,7,8,9,10,81,82,83,84,85,156,157,158,159,160','1,1,1,1,1,1,1,1,1,1,1,1,1,1,1,1,1,1,1,1,1,1,1,1,1,1,1,1,1,1','sum','$ans=($ans-1)/2.8',NULL,''),(95,'agg',NULL,NULL,34,'155,160,165,170,175,180,185,190,195,200,205,210,215,220,225,71,72,73,74,75,146,147,148,149,150,221,222,223,224,225','1,1,1,1,1,1,1,1,1,1,1,1,1,1,1,1,1,1,1,1,1,1,1,1,1,1,1,1,1,1','sum','$ans=($ans-1)/2.8',NULL,''),(96,'suc',NULL,NULL,34,'78,83,88,93,98,103,108,113,118,123,128,133,138,143,148,36,37,38,39,40,111,112,113,114,115,186,187,188,189,190','1,1,1,1,1,1,1,1,1,1,1,1,1,1,1,1,1,1,1,1,1,1,1,1,1,1,1,1,1,1','sum','$ans=($ans-1)/2.8',NULL,''),(97,'exh',NULL,NULL,34,'4,9,14,19,24,29,34,39,44,49,54,59,64,69,74,16,17,18,19,20,91,92,93,94,95,166,167,168,169,170','1,1,1,1,1,1,1,1,1,1,1,1,1,1,1,1,1,1,1,1,1,1,1,1,1,1,1,1,1,1','sum','$ans=($ans-1)/2.8',NULL,''),(98,'aut',NULL,NULL,34,'5,10,15,20,25,30,35,40,45,50,55,60,65,70,75,21,22,23,24,25,96,97,98,99,100,171,172,173,174,175','1,1,1,1,1,1,1,1,1,1,1,1,1,1,1,1,1,1,1,1,1,1,1,1,1,1,1,1,1,1','sum','$ans=($ans-1)/2.8',NULL,''),(99,'het',NULL,NULL,34,'154,159,164,169,174,179,184,189,194,199,204,209,214,219,224,66,67,68,69,70,141,142,143,144,145,216,217,218,219,220','1,1,1,1,1,1,1,1,1,1,1,1,1,1,1,1,1,1,1,1,1,1,1,1,1,1,1,1,1,1','sum','$ans=($ans-1)/2.8',NULL,''),(100,'nur',NULL,NULL,34,'151,156,161,166,171,176,181,186,191,196,201,206,211,216,221,51,52,53,54,55,126,127,128,129,130,201,202,203,204,205','1,1,1,1,1,1,1,1,1,1,1,1,1,1,1,1,1,1,1,1,1,1,1,1,1,1,1,1,1,1','sum','$ans=($ans-1)/2.8',NULL,''),(101,'con',NULL,NULL,34,'','',NULL,'',NULL,''),(102,'soma',NULL,NULL,35,'1,4,12,27,40,42,48,49,52,53,56,58','1,1,1,1,1,1,1,1,1,1,1,1','sum','',NULL,''),(103,'inte',NULL,NULL,35,'6,21,34,36,37,41,61,69,73','1,1,1,1,1,1,1,1,1','avg','if ($ans == 1) $ans = 9; else                    if ($ans < 1.1) $ans = 8; else                      if ($ans < 1.3) $ans = 7; else                    if ($ans < 1.4) $ans = 6; else                     if($ans <1.6 ) $ans=4;else                     if ($ans < 2) $ans = 3; else                      if ($ans < 4) $ans = 2; else $ans = 1;',NULL,''),(104,'depr',NULL,NULL,35,'5,14,15,20,22,26,29,30,31,32,54,71,79','1,1,1,1,1,1,1,1,1,1,1,1,1','avg','if ($ans == 1) $ans = 9; else                    if ($ans < 1.1) $ans = 8; else                      if ($ans < 1.3) $ans = 7; else                    if ($ans < 1.4) $ans = 6; else                     if($ans <1.6 ) $ans=4;else                     if ($ans < 2) $ans = 3; else                      if ($ans < 4) $ans = 2; else $ans = 1;',NULL,''),(105,'anxi',NULL,NULL,35,'2,17,23,33,39,57,72,78,80,86','1,1,1,1,1,1,1,1,1,1','avg','if ($ans == 1) $ans = 9; else                    if ($ans < 1.1) $ans = 8; else                      if ($ans < 1.3) $ans = 7; else                    if ($ans < 1.4) $ans = 6; else                     if($ans <1.6 ) $ans=4;else                     if ($ans < 2) $ans = 3; else                      if ($ans < 4) $ans = 2; else $ans = 1;',NULL,''),(106,'host',NULL,NULL,35,'11,24,63,67,74,81','1,1,1,1,1,1','avg','if ($ans == 1) $ans = 9; else                    if ($ans < 1.1) $ans = 8; else                      if ($ans < 1.3) $ans = 7; else                    if ($ans < 1.4) $ans = 6; else                     if($ans <1.6 ) $ans=4;else                     if ($ans < 2) $ans = 3; else                      if ($ans < 4) $ans = 2; else $ans = 1;',NULL,''),(107,'phob',NULL,NULL,35,'13,25,47,50,70,75,82','1,1,1,1,1,1,1','avg','if ($ans == 1) $ans = 9; else                    if ($ans < 1.1) $ans = 8; else                      if ($ans < 1.3) $ans = 7; else                    if ($ans < 1.4) $ans = 6; else                     if($ans <1.6 ) $ans=4;else                     if ($ans < 2) $ans = 3; else                      if ($ans < 4) $ans = 2; else $ans = 1;',NULL,''),(108,'parn',NULL,NULL,35,'8,18,43,68,76,83','1,1,1,1,1,1','avg','if ($ans == 1) $ans = 9; else                    if ($ans < 1.1) $ans = 8; else                      if ($ans < 1.3) $ans = 7; else                    if ($ans < 1.4) $ans = 6; else                     if($ans <1.6 ) $ans=4;else                     if ($ans < 2) $ans = 3; else                      if ($ans < 4) $ans = 2; else $ans = 1;',NULL,''),(109,'psyc',NULL,NULL,35,'7,16,35,62,77,84,85,87,88,90','1,1,1,1,1,1,1,1,1,1','avg','if ($ans == 1) $ans = 9; else                    if ($ans < 1.1) $ans = 8; else                      if ($ans < 1.3) $ans = 7; else                    if ($ans < 1.4) $ans = 6; else                     if($ans <1.6 ) $ans=4;else                     if ($ans < 2) $ans = 3; else                      if ($ans < 4) $ans = 2; else $ans = 1;',NULL,''),(110,'qtfm',NULL,NULL,35,'19,44,59,60,64,66,89','1,1,1,1,1,1,1','avg','if ($ans == 1) $ans = 9; else                    if ($ans < 1.1) $ans = 8; else                      if ($ans < 1.3) $ans = 7; else                    if ($ans < 1.4) $ans = 6; else                     if($ans <1.6 ) $ans=4;else                     if ($ans < 2) $ans = 3; else                      if ($ans < 4) $ans = 2; else $ans = 1;',NULL,''),(111,'epqae',NULL,NULL,31,'1,5,10,13,14,17,21,25,29,33,37,41,45,49,53,55,61,65,71,80,84','1,1,1,1,1,1,1,1,1,1,1,1,1,1,1,1,1,1,1,1,1','sum','$ans=$ans/10',NULL,''),(112,'epqan',NULL,NULL,31,'3,7,12,15,19,23,27,31,35,39,43,47,51,57,59,63,67,69,73,74,77,78,82,86','1,1,1,1,1,1,1,1,1,1,1,1,1,1,1,1,1,1,1,1,1,1,1,1','sum','$ans=10-$ans/10',NULL,''),(113,'epqap',NULL,NULL,31,'2,6,9,11,18,22,26,30,34,38,42,46,50,56,62,66,68,72,75,76,81,85,88','1,1,1,1,1,1,1,1,1,1,1,1,1,1,1,1,1,1,1,1,1,1,1','sum','$ans=10-$ans/10',NULL,''),(114,'epqal',NULL,NULL,31,'4,8,16,20,24,28,32,36,40,44,48,52,54,58,60,64,70,79,83,87','1,1,1,1,1,1,1,1,1,1,1,1,1,1,1,1,1,1,1,1','sum','$ans=10-$ans/10',NULL,''),(115,'do',NULL,NULL,33,'26,27,57,83,89,91,130,153,161,170,174,181,193,199,205,109,213,224,227','1,1,1,1,1,1,1,1,1,1,1,1,1,1,1,1,1,1,1','sum','$ans=$ans/10',NULL,''),(116,'cs',NULL,NULL,33,'8,18,23,36,43,50,79,83,95,99,113,115,139,149','1,1,1,1,1,1,1,1,1,1,1,1,1,1','sum','$ans=$ans/10',NULL,''),(117,'sy',NULL,NULL,33,'1,25,38,46,53,54,57,64,72,81,83,120,130,136,146,147','1,1,1,1,1,1,1,1,1,1,1,1,1,1,1,1','sum','$ans=$ans/10',NULL,''),(118,'sp',NULL,NULL,33,'3,11,23,25,28,34,38,40,46,53,89,99,103,113,116,126,131','1,1,1,1,1,1,1,1,1,1,1,1,1,1,1,1,1','sum','$ans=$ans/10',NULL,''),(119,'sa',NULL,NULL,33,'4,16,17,57,89,91,113,130,147,154','1,1,1,1,1,1,1,1,1,1','sum','$ans=$ans/10',NULL,''),(120,'wb',NULL,NULL,33,'7,35,48,96,117,134,155,159,166,172,178,180,187,191,202,204,206,214,217,220','1,1,1,1,1,1,1,1,1,1,1,1,1,1,1,1,1,1,1,1','sum','$ans=$ans/10',NULL,''),(121,'re',NULL,NULL,33,'21,24,30,37,39,41,58,65,69,82,101,104,106,132,143,150','1,1,1,1,1,1,1,1,1,1,1,1,1,1,1,1','sum','$ans=$ans/10',NULL,''),(122,'so',NULL,NULL,33,'71,82,84,107,157,169,171,186,195,196,197,201,207,211,216,218,219,221,225,229','1,1,1,1,1,1,1,1,1,1,1,1,1,1,1,1,1,1,1,1','sum','$ans=$ans/10',NULL,''),(123,'sc',NULL,NULL,33,'3,14,20,22,26,42,53,59,68,74,85,86,90,92,94,96,116,121,129,135,141,142,152,154,155,156','1,1,1,1,1,1,1,1,1,1,1,1,1,1,1,1,1,1,1,1,1,1,1,1,1,1','sum','$ans=$ans/10',NULL,''),(124,'to',NULL,NULL,33,'7,12,33,48,50,74,77,88,92,93,102,110,123,129,134,148,152','1,1,1,1,1,1,1,1,1,1,1,1,1,1,1,1,1','sum','$ans=$ans/10',NULL,''),(125,'gi',NULL,NULL,33,'6,15,20,22,32,35,42,44,49,52,55,73,75,78,85,90,100,116,118,133,141,151','1,1,1,1,1,1,1,1,1,1,1,1,1,1,1,1,1,1,1,1,1,1','sum','$ans=$ans/10',NULL,''),(126,'cm',NULL,NULL,33,'158,160,162,163,168,173,176,177,182,188,192,215,226','1,1,1,1,1,1,1,1,1,1,1,1,1','sum','$ans=$ans/10',NULL,''),(127,'ac',NULL,NULL,33,'14,24,61,72,76,80,86,87,98,107,117,121,125,137,144','1,1,1,1,1,1,1,1,1,1,1,1,1,1,1','sum','$ans=$ans/10',NULL,''),(128,'ai',NULL,NULL,33,'4,19,29,60,62,66,70,102,111,119,127,128,139,152','1,1,1,1,1,1,1,1,1,1,1,1,1,1','sum','$ans=$ans/10',NULL,''),(129,'ie',NULL,NULL,33,'25,40,57,83,99,130,136,146,179,185,208,210,212,222','1,1,1,1,1,1,1,1,1,1,1,1,1,1','sum','$ans=$ans/10',NULL,''),(130,'py',NULL,NULL,33,'5,27,47,51,67,72,94,105,112,114,145','1,1,1,1,1,1,1,1,1,1,1','sum','$ans=$ans/10',NULL,''),(131,'fx',NULL,NULL,33,'164,165,167,175,183,184,189,190,194,198,203,223,228,230','1,1,1,1,1,1,1,1,1,1,1,1,1,1','sum','if ($ans == 100) $ans = 10; else                    if ($ans > 80) $ans = 9; else                      if ($ans > 65) $ans = 8; else                    if ($ans > 30) $ans = 5; else                     if ($ans > 10) $ans = 2;else $ans = 1;',NULL,''),(132,'fe',NULL,NULL,33,'9,13,28,31,42,45,56,65,71,104,107,108,122,124,138,140','1,1,1,1,1,1,1,1,1,1,1,1,1,1,1,1','sum','$ans=$ans/10',NULL,''),(133,'spma',NULL,NULL,36,'1,2,3,4,5,6,7,8,9,10,11,12','1,1,1,1,1,1,1,1,1,1,1,1','sum','if ($ans == 1) $ans = 9; else                    if ($ans == 2) $ans = 7.5; else                      if ($ans == 3) $ans = 6; else                    if ($ans == 4) $ans = 5; else                      if ($ans == 5) $ans = 4; else $ans = 1;',NULL,'SPM(A)'),(134,'spmb',NULL,NULL,36,'13,14,15,16,17,18,19,20,21,22,23,24','1,1,1,1,1,1,1,1,1,1,1,1','sum','if ($ans == 1) $ans = 9; else                    if ($ans == 2) $ans = 7.5; else                      if ($ans == 3) $ans = 6; else                    if ($ans == 4) $ans = 5; else                      if ($ans == 5) $ans = 4; else $ans = 1;',NULL,'SPM(B)'),(135,'spmc',NULL,NULL,36,'25,26,27,28,29,30,31,32,33,34,35,36','1,1,1,1,1,1,1,1,1,1,1,1','sum','if ($ans == 1) $ans = 9; else                    if ($ans == 2) $ans = 7.5; else                      if ($ans == 3) $ans = 6; else                    if ($ans == 4) $ans = 5; else                      if ($ans == 5) $ans = 4; else $ans = 1;',NULL,'SPM(C)'),(136,'spmd',NULL,NULL,36,'37,38,39,40,41,42,43,44,45,46,47,48','1,1,1,1,1,1,1,1,1,1,1,1','sum','if ($ans == 1) $ans = 9; else                    if ($ans == 2) $ans = 7.5; else                      if ($ans == 3) $ans = 6; else                    if ($ans == 4) $ans = 5; else                      if ($ans == 5) $ans = 4; else $ans = 1;',NULL,'SPM(D)'),(137,'spme',NULL,NULL,36,'49,50,51,52,53,54,55,56,57,58,59,60','1,1,1,1,1,1,1,1,1,1,1,1','sum','if ($ans == 1) $ans = 9; else                    if ($ans == 2) $ans = 7.5; else                      if ($ans == 3) $ans = 6; else                    if ($ans == 4) $ans = 5; else                      if ($ans == 5) $ans = 4; else $ans = 1;',NULL,'SPM(E)'),(138,'spm',NULL,NULL,36,'spma,spmb,spmc,spmd,spme','0,0,0,0,0','sum',NULL,NULL,'SPM'),(139,'spmabc',NULL,NULL,36,'spma,spmb,spmc','0,0,0','sum',NULL,NULL,'SPM(ABC)'),(140,'obse',NULL,NULL,35,'3,9,10,28,38,45,46,51,55,65','1,1,1,1,1,1,1,1,1,1','avg','if ($ans == 1) $ans = 9; else                    if ($ans < 1.1) $ans = 8; else                      if ($ans < 1.3) $ans = 7; else                    if ($ans < 1.4) $ans = 6; else                     if($ans <1.6 ) $ans=4;else                     if ($ans < 2) $ans = 3; else                      if ($ans < 4) $ans = 2; else $ans = 1;',NULL,'');
/*!40000 ALTER TABLE `factor` ENABLE KEYS */;
UNLOCK TABLES;

--
-- Table structure for table `factor_ans`
--

DROP TABLE IF EXISTS `factor_ans`;
/*!40101 SET @saved_cs_client     = @@character_set_client */;
/*!40101 SET character_set_client = utf8 */;
CREATE TABLE `factor_ans` (
  `score` int(11) DEFAULT NULL COMMENT '',
  `std_score` int(11) DEFAULT NULL COMMENT '',
  `examinee_id` int(11) NOT NULL COMMENT 'id',
  `factor_id` int(11) NOT NULL COMMENT 'id',
  `ans_score` int(11) DEFAULT NULL,
  PRIMARY KEY (`examinee_id`,`factor_id`),
  KEY `fk_factor_ans_2_idx` (`factor_id`),
  CONSTRAINT `fk_factor_ans_1` FOREIGN KEY (`examinee_id`) REFERENCES `examinee` (`id`) ON DELETE CASCADE ON UPDATE CASCADE,
  CONSTRAINT `fk_factor_ans_2` FOREIGN KEY (`factor_id`) REFERENCES `factor` (`id`) ON DELETE CASCADE ON UPDATE CASCADE
) ENGINE=InnoDB DEFAULT CHARSET=utf8;
/*!40101 SET character_set_client = @saved_cs_client */;

--
-- Dumping data for table `factor_ans`
--

LOCK TABLES `factor_ans` WRITE;
/*!40000 ALTER TABLE `factor_ans` DISABLE KEYS */;
/*!40000 ALTER TABLE `factor_ans` ENABLE KEYS */;
UNLOCK TABLES;

--
-- Table structure for table `firel`
--

DROP TABLE IF EXISTS `firel`;
/*!40101 SET @saved_cs_client     = @@character_set_client */;
/*!40101 SET character_set_client = utf8 */;
CREATE TABLE `firel` (
  `factor_id` int(11) NOT NULL,
  `index_id` int(11) NOT NULL,
  PRIMARY KEY (`factor_id`,`index_id`),
  KEY `fk_firel_2_idx` (`index_id`),
  CONSTRAINT `fk_firel_1` FOREIGN KEY (`factor_id`) REFERENCES `factor` (`id`) ON DELETE NO ACTION ON UPDATE NO ACTION,
  CONSTRAINT `fk_firel_2` FOREIGN KEY (`index_id`) REFERENCES `index` (`id`) ON DELETE NO ACTION ON UPDATE NO ACTION
) ENGINE=InnoDB DEFAULT CHARSET=utf8;
/*!40101 SET character_set_client = @saved_cs_client */;

--
-- Dumping data for table `firel`
--

LOCK TABLES `firel` WRITE;
/*!40000 ALTER TABLE `firel` DISABLE KEYS */;
/*!40000 ALTER TABLE `firel` ENABLE KEYS */;
UNLOCK TABLES;

--
-- Table structure for table `fqrel`
--

DROP TABLE IF EXISTS `fqrel`;
/*!40101 SET @saved_cs_client     = @@character_set_client */;
/*!40101 SET character_set_client = utf8 */;
CREATE TABLE `fqrel` (
  `factor_id` int(11) NOT NULL,
  `question_id` int(11) NOT NULL,
  PRIMARY KEY (`factor_id`,`question_id`),
  KEY `fk_fqrel_2_idx` (`question_id`),
  CONSTRAINT `fk_fqrel_1` FOREIGN KEY (`factor_id`) REFERENCES `factor` (`id`) ON DELETE CASCADE ON UPDATE CASCADE,
  CONSTRAINT `fk_fqrel_2` FOREIGN KEY (`question_id`) REFERENCES `question` (`id`) ON DELETE CASCADE ON UPDATE CASCADE
) ENGINE=InnoDB DEFAULT CHARSET=utf8;
/*!40101 SET character_set_client = @saved_cs_client */;

--
-- Dumping data for table `fqrel`
--

LOCK TABLES `fqrel` WRITE;
/*!40000 ALTER TABLE `fqrel` DISABLE KEYS */;
/*!40000 ALTER TABLE `fqrel` ENABLE KEYS */;
UNLOCK TABLES;

--
-- Table structure for table `index`
--

DROP TABLE IF EXISTS `index`;
/*!40101 SET @saved_cs_client     = @@character_set_client */;
/*!40101 SET character_set_client = utf8 */;
CREATE TABLE `index` (
  `id` int(11) NOT NULL AUTO_INCREMENT,
  `name` varchar(45) NOT NULL COMMENT '',
  `father_index` int(11) DEFAULT NULL COMMENT 'id',
  `module_id` int(11) DEFAULT NULL COMMENT 'id',
  `children` varchar(2000) DEFAULT NULL COMMENT '',
  `children_type` varchar(1000) DEFAULT NULL COMMENT 'indexfactor',
  `chs_name` varchar(45) DEFAULT NULL COMMENT '',
  `ans_do` varchar(1000) DEFAULT NULL COMMENT '',
  `action` varchar(1000) DEFAULT NULL COMMENT '',
  PRIMARY KEY (`id`),
  UNIQUE KEY `name_UNIQUE` (`name`),
  KEY `index2` (`father_index`),
  KEY `index3` (`module_id`),
  CONSTRAINT `fk_index_1` FOREIGN KEY (`father_index`) REFERENCES `index` (`id`) ON DELETE SET NULL ON UPDATE SET NULL,
  CONSTRAINT `fk_index_2` FOREIGN KEY (`module_id`) REFERENCES `module` (`id`) ON DELETE CASCADE ON UPDATE CASCADE
) ENGINE=InnoDB AUTO_INCREMENT=30 DEFAULT CHARSET=utf8;
/*!40101 SET character_set_client = @saved_cs_client */;

--
-- Dumping data for table `index`
--

LOCK TABLES `index` WRITE;
/*!40000 ALTER TABLE `index` DISABLE KEYS */;
INSERT INTO `index` VALUES (1,'ldnl',NULL,NULL,'pdyjcnl,zznl,cxnl,ybnl,dlgznl','0,0,0,0,0',NULL,NULL,'(2*(pdyjcnl + zznl) + cxnl + ybnl + dlgznl)/7'),(2,'zb_ldnl',NULL,NULL,'zb_pdyjcnl,zb_zzglnl,zb_cxnl,zb_ybnl,zb_dlgznl','0,0,0,0,0','',NULL,'(2*(zb_pdyjcnl + zb_zzglnl)+ zb_cxnl + zb_ybnl+ zb_dlgznl)/7'),(3,'zb_pdyjcnl',NULL,NULL,'X4,H,chg,Y3,ord,end,aut,X3','1,1,1,1,1,1,1,1','',NULL,'(1.5*(X4 + H)+chg +Y3 + ord+end +aut +X3)/8'),(4,'zb_zzglnl',NULL,NULL,'dom,ord,H,X4,Y2,ach,end,aut,re,do','1,1,1,1,1,1,1,1,1,1','',NULL,'(1.5*(dom + ord) + H + X4 + Y2 + ach + end + aut + re + do)/11'),(5,'zb_fxx',NULL,NULL,'H,chg,M,Q2,I,sp,sa,A','1,1,1,1,1,1,1,1','',NULL,'(1.5*(H + chg) + M + Q2 + I + sp + sa + A)/9'),(6,'zb_dlgznl',NULL,NULL,'aut,Q2,dom,ai,ach,exh,def,Q1,H,E,ie','1,1,1,1,1,1,1,1,1,1,1','',NULL,'(1.5*(aut + Q2) + dom + ai + ach + exh + def + Q1 + H + E + ie)/12'),(7,'zb_cxnl',NULL,NULL,'Y3,H,chg,M,I,F,Q1,L,A,fx,py,end,Y4','1,1,1,1,1,1,1,1,1,1,1,1,1','',NULL,'(1.5*(Y3 + H + chg) + M + I + F + Q1 + L + A + fx + py + end + Y4)/14.5'),(8,'zb_ybnl',NULL,NULL,'X1,Y4,Y3,chg,ach,Q1,I,B,Q3','1,1,1,1,1,1,1,1,1','',NULL,'(1.5*(X1 + Y4) + Y3 + chg + ach + Q1 + I + B + Q3)/10'),(9,'zb_jlx',NULL,NULL,'Q3,sc,sa,to,G,fx,so,int','1,1,1,1,1,1,1,1','',NULL,'(1.5*(Q3 + sc) + sa + to + G + fx + so + int)/9'),(10,'zb_fxnl',NULL,NULL,'spmd,Y3,int,B,Y4,Y2,end,Q2,ord,E,L','1,1,1,1,1,1,1,1,1,1,1','',NULL,'(1.5*(spmd + Y3 + int) + B + Y4 + Y2 + end + Q2 + ord + E + L)/12.5'),(11,'zb_gnnl',NULL,NULL,'spme,spmd,Y2,ai,ac,chg,aut,dom,Q2,N,fx,ie','1,1,1,1,1,1,1,1,1,1,1,1','',NULL,'(1.5*(spme + spmd + Y2) + ai + ac + chg + aut + dom + Q2 + N + fx + ie)/13.5'),(12,'zb_zrx',NULL,NULL,'re,G,C,Q2,ach,end,ac,ai,def,aut,ord,dom','1,1,1,1,1,1,1,1,1,1,1,1','',NULL,'(2*(re + G + C + Q2) + ach + end + ac + ai + def + aut + ord + dom)/16'),(13,'zb_cxd',NULL,NULL,'con,epqal,gi,wb,Q3,re,cm','1,1,1,1,1,1,1','',NULL,'(1.5*(con + epqal) + gi + wb + Q3 + re + cm)/8'),(14,'zb_grjzqx',NULL,NULL,'ach,Y2,cs,exh,dom,nur,aff,aba,def,gi,wb,Q3,sc,to','1,1,1,1,1,1,1,1,1,1,1,1,1,1','',NULL,'(2*(ach + Y2 + cs) + exh + dom + nur + aff + aba + def + gi + wb + Q3 + sc +to)/17'),(15,'zb_tdjs',NULL,NULL,'ac,A,Y2,aff,def,ach,ord,end,aut,cs,ai','1,1,1,1,1,1,1,1,1,1,1','',NULL,'(1.5*(ac + A + Y2) + aff + def + ach + ord + end + aut + cs +ai)/12.5'),(16,'zb_gztd',NULL,NULL,'re,Q2,G,ord,end,sc,Y4','1,1,1,1,1,1,1','',NULL,'(1.5*(re + Q2) + G + ord + end + sc + Y4)/8'),(17,'zb_gzzf',NULL,NULL,'X4,zb_rjgxtjsp,chg,Y3,Q3,spmabc,aff','1,0,1,1,1,1,1','',NULL,'(1.5*(X4 + zb_rjgxtjsp) + chg + Y3 + Q3 + spmabc + aff)/8'),(18,'zb_rnx',NULL,NULL,'to,nur,aff,ac,aba,def,X1,A,L,E','1,1,1,1,1,1,1,1,1,1','',NULL,'(1.5*(to + nur + aff) + ac + aba + def + X1 + A + L + E)/11.5'),(19,'zb_bxx',NULL,NULL,'exh,gi,cm,wb,sy,aut,dom,agg,Q2','1,1,1,1,1,1,1,1,1','',NULL,'(1.5*(exh + gi + cm) + wb + sy + aut + dom + agg + Q2)/10.5'),(20,'zb_rjgxtjsp',NULL,NULL,'to,aff,nur,def,E,X3,N,inte,I,aba,suc,fx','1,1,1,1,1,1,1,1,1,1,1,1','',NULL,'(1.5*(to + aff + nur) + def + E + X3 + N + inte + I + aba + suc +fx)/13.5'),(21,'zb_tzjl',NULL,NULL,'soma,obse,epqap,epqan,F,M,G,I','1,1,1,1,1,1,1,1','',NULL,'(1.5*(soma + obse) + epqap + epqan + F + M + G + I)/9'),(22,'zb_xg',NULL,NULL,'X2,epqae,A,sy,sa,sp,F,exh,spmabc,I','1,1,1,1,1,1,1,1,1,1','',NULL,'(1.5*(X2 + epqae + A) + sy + sa + sp + F + exh + spmabc + I)/11.5'),(23,'zb_qxkzsp',NULL,NULL,'Y1,sc,C,G,Q3,F,I,to,N,epqan','1,1,1,1,1,1,1,1,1,1','',NULL,'(1.5*(Y1 + sc + C) + G + Q3 + F + I + to + N + epqan)/11.5'),(24,'zb_syhjsp',NULL,NULL,'Y4,fx,sp,O,sc,to,Q4,X1','1,1,1,1,1,1,1,1','',NULL,'(1.5*(Y4 + fx) + sp + O + sc + to + Q4 + X1)/9'),(25,'zb_zz',NULL,NULL,'ai,end,E,G,aut,def,agg,Q2,H,L,parn','1,1,1,1,1,1,1,1,1,1,1','',NULL,'(1.5*(ai + end + E) + G + aut + def + agg + Q2 + H + L + parn)/12.5'),(26,'zb_xljksp',NULL,NULL,'Y1,C,sc,X1,sa,Q3,py,O,Q4,A','1,1,1,1,1,1,1,1,1,1','',NULL,'(1.5*(Y1 + C + sc + X1) + sa + Q3 + py + O + Q4+ A)/12'),(27,'zb_sjnl',NULL,NULL,'sy,aff,def,end,agg,I,F,epqae,A,L,E,sp','1,1,1,1,1,1,1,1,1,1,1,1','',NULL,'(1.5*(sy + aff + def + end) + agg + I + F + epqae + A + L + E +sp)/14'),(28,'zb_chd',NULL,NULL,'B,spm,Y4,Y2,Y3,chg,ai,ac,ie,N','1,1,1,1,1,1,1,1,1,1','',NULL,'(1.5*(B + spm + Y4) + Y2 + Y3 + chg + ai + ac + ie + N)/11.5'),(29,'zb_jmng',NULL,NULL,'ie,N,fx,sc,to,sa,Y4','1,1,1,1,1,1,1','',NULL,'(1.5*(ie + N) + fx + sc + to + sa + Y4)/8');
/*!40000 ALTER TABLE `index` ENABLE KEYS */;
UNLOCK TABLES;

--
-- Table structure for table `index_ans`
--

DROP TABLE IF EXISTS `index_ans`;
/*!40101 SET @saved_cs_client     = @@character_set_client */;
/*!40101 SET character_set_client = utf8 */;
CREATE TABLE `index_ans` (
  `score` int(11) DEFAULT NULL COMMENT '\n',
  `index_id` int(11) NOT NULL COMMENT 'id',
  `examinee_id` int(11) NOT NULL COMMENT 'id',
  PRIMARY KEY (`index_id`,`examinee_id`),
  KEY `fk_index_ans_1_idx` (`examinee_id`),
  KEY `fk_index_ans_2_idx` (`index_id`),
  CONSTRAINT `fk_index_ans_1` FOREIGN KEY (`examinee_id`) REFERENCES `examinee` (`id`) ON DELETE CASCADE ON UPDATE CASCADE,
  CONSTRAINT `fk_index_ans_2` FOREIGN KEY (`index_id`) REFERENCES `index` (`id`) ON DELETE CASCADE ON UPDATE CASCADE
) ENGINE=InnoDB DEFAULT CHARSET=utf8;
/*!40101 SET character_set_client = @saved_cs_client */;

--
-- Dumping data for table `index_ans`
--

LOCK TABLES `index_ans` WRITE;
/*!40000 ALTER TABLE `index_ans` DISABLE KEYS */;
/*!40000 ALTER TABLE `index_ans` ENABLE KEYS */;
UNLOCK TABLES;

--
-- Table structure for table `inquery`
--

DROP TABLE IF EXISTS `inquery`;
/*!40101 SET @saved_cs_client     = @@character_set_client */;
/*!40101 SET character_set_client = utf8 */;
CREATE TABLE `inquery` (
  `id` int(11) NOT NULL AUTO_INCREMENT,
  `project_id` int(11) DEFAULT NULL COMMENT 'id',
  `description` text COMMENT '',
  PRIMARY KEY (`id`),
  UNIQUE KEY `project_id_UNIQUE` (`project_id`),
  CONSTRAINT `fk_inquery_1` FOREIGN KEY (`project_id`) REFERENCES `project` (`id`) ON DELETE CASCADE ON UPDATE CASCADE
) ENGINE=InnoDB DEFAULT CHARSET=utf8;
/*!40101 SET character_set_client = @saved_cs_client */;

--
-- Dumping data for table `inquery`
--

LOCK TABLES `inquery` WRITE;
/*!40000 ALTER TABLE `inquery` DISABLE KEYS */;
/*!40000 ALTER TABLE `inquery` ENABLE KEYS */;
UNLOCK TABLES;

--
-- Table structure for table `inquery_ans`
--

DROP TABLE IF EXISTS `inquery_ans`;
/*!40101 SET @saved_cs_client     = @@character_set_client */;
/*!40101 SET character_set_client = utf8 */;
CREATE TABLE `inquery_ans` (
  `inquery_id` int(11) NOT NULL,
  `examinee_id` int(11) NOT NULL,
  `option` text,
  PRIMARY KEY (`inquery_id`,`examinee_id`),
  KEY `fk_inquery_ans_2_idx` (`examinee_id`),
  CONSTRAINT `fk_inquery_ans_1` FOREIGN KEY (`inquery_id`) REFERENCES `inquery` (`id`) ON DELETE CASCADE ON UPDATE CASCADE,
  CONSTRAINT `fk_inquery_ans_2` FOREIGN KEY (`examinee_id`) REFERENCES `examinee` (`id`) ON DELETE CASCADE ON UPDATE CASCADE
) ENGINE=InnoDB DEFAULT CHARSET=utf8;
/*!40101 SET character_set_client = @saved_cs_client */;

--
-- Dumping data for table `inquery_ans`
--

LOCK TABLES `inquery_ans` WRITE;
/*!40000 ALTER TABLE `inquery_ans` DISABLE KEYS */;
/*!40000 ALTER TABLE `inquery_ans` ENABLE KEYS */;
UNLOCK TABLES;

--
-- Table structure for table `inquery_question`
--

DROP TABLE IF EXISTS `inquery_question`;
/*!40101 SET @saved_cs_client     = @@character_set_client */;
/*!40101 SET character_set_client = utf8 */;
CREATE TABLE `inquery_question` (
  `id` int(11) NOT NULL AUTO_INCREMENT,
  `topic` text COMMENT '',
  `options` text,
  `is_radio` tinyint(1) DEFAULT NULL,
  PRIMARY KEY (`id`)
) ENGINE=InnoDB DEFAULT CHARSET=utf8;
/*!40101 SET character_set_client = @saved_cs_client */;

--
-- Dumping data for table `inquery_question`
--

LOCK TABLES `inquery_question` WRITE;
/*!40000 ALTER TABLE `inquery_question` DISABLE KEYS */;
/*!40000 ALTER TABLE `inquery_question` ENABLE KEYS */;
UNLOCK TABLES;

--
-- Table structure for table `interview`
--

DROP TABLE IF EXISTS `interview`;
/*!40101 SET @saved_cs_client     = @@character_set_client */;
/*!40101 SET character_set_client = utf8 */;
CREATE TABLE `interview` (
  `advantage` text COMMENT '5',
  `disadvantage` text COMMENT '3',
  `remark` text COMMENT '',
  `manager_id` int(11) NOT NULL,
  `examinee_id` int(11) NOT NULL,
  PRIMARY KEY (`manager_id`,`examinee_id`),
  KEY `fk_interview_2_idx` (`examinee_id`),
  CONSTRAINT `fk_interview_1` FOREIGN KEY (`manager_id`) REFERENCES `manager` (`id`) ON DELETE CASCADE ON UPDATE CASCADE,
  CONSTRAINT `fk_interview_2` FOREIGN KEY (`examinee_id`) REFERENCES `examinee` (`id`) ON DELETE CASCADE ON UPDATE CASCADE
) ENGINE=InnoDB DEFAULT CHARSET=utf8;
/*!40101 SET character_set_client = @saved_cs_client */;

--
-- Dumping data for table `interview`
--

LOCK TABLES `interview` WRITE;
/*!40000 ALTER TABLE `interview` DISABLE KEYS */;
/*!40000 ALTER TABLE `interview` ENABLE KEYS */;
UNLOCK TABLES;

--
-- Table structure for table `ksdf`
--

DROP TABLE IF EXISTS `ksdf`;
/*!40101 SET @saved_cs_client     = @@character_set_client */;
/*!40101 SET character_set_client = utf8 */;
CREATE TABLE `ksdf` (
  `TH` varchar(255) DEFAULT NULL,
  `F1` varchar(255) DEFAULT NULL,
  `F2` varchar(255) DEFAULT NULL,
  `F3` varchar(255) DEFAULT NULL,
  `XZXS` varchar(255) DEFAULT NULL,
  `WX1` varchar(255) DEFAULT NULL,
  `WY1` varchar(255) DEFAULT NULL,
  `WX2` varchar(255) DEFAULT NULL,
  `WY2` varchar(255) DEFAULT NULL,
  `TMX` varchar(255) DEFAULT NULL,
  `TMY` varchar(255) DEFAULT NULL,
  `XZX` varchar(255) DEFAULT NULL,
  `XZY` varchar(255) DEFAULT NULL,
  `TMHK` varchar(255) DEFAULT NULL,
  `XZ` varchar(255) DEFAULT NULL,
  `FLAG` varchar(255) DEFAULT NULL,
  `COLOR1` varchar(255) DEFAULT NULL,
  `COLOR2` varchar(255) DEFAULT NULL,
  `YZ` varchar(255) DEFAULT NULL,
  `A` varchar(255) DEFAULT NULL,
  `B` varchar(255) DEFAULT NULL,
  `C` varchar(255) DEFAULT NULL
) ENGINE=InnoDB DEFAULT CHARSET=utf8;
/*!40101 SET character_set_client = @saved_cs_client */;

--
-- Dumping data for table `ksdf`
--

LOCK TABLES `ksdf` WRITE;
/*!40000 ALTER TABLE `ksdf` DISABLE KEYS */;
INSERT INTO `ksdf` VALUES ('1','A','B','C','3','12','5','21','70','14','18','16','18','46','A','0','W+/B','N+/W+','','0','0','0'),('2','A','B','C','3','12','5','21','70','14','18','16','18','46','C','0','W+/B','N+/W+','','0','0','0'),('3','A','B','C','3','12','5','21','70','14','18','16','18','46','B','0','W+/B','N+/W+','A','2','1','0'),('4','A','B','C','3','12','5','21','70','14','18','16','18','46','A','0','W+/B','N+/W+','C','2','1','0'),('5','A','B','C','3','12','5','21','70','14','18','16','18','46','C','0','W+/B','N+/W+','C','0','1','2'),('6','A','B','C','3','12','5','21','70','14','18','16','18','46','B','0','W+/B','N+/W+','E','0','1','2'),('7','A','B','C','3','12','5','21','70','14','18','16','18','46','A','0','W+/B','N+/W+','E','2','1','0'),('8','A','B','C','3','12','5','21','70','14','18','16','18','46','C','0','W+/B','N+/W+','F','0','1','2'),('9','A','B','C','3','12','5','21','70','14','18','16','18','46','B','0','W+/B','N+/W+','G','0','1','2'),('10','A','B','C','3','12','5','21','70','14','18','16','18','46','A','0','W+/B','N+/W+','H','2','1','0'),('11','A','B','C','3','12','5','21','70','14','18','16','18','46','C','0','W+/B','N+/W+','I','0','1','2'),('12','A','B','C','3','12','5','21','70','14','18','16','18','46','B','0','W+/B','N+/W+','I','0','1','2'),('13','A','B','C','3','12','5','21','70','14','18','16','18','46','A','0','W+/B','N+/W+','L','2','1','0'),('14','A','B','C','3','12','5','21','70','14','18','16','18','46','C','0','W+/B','N+/W+','M','0','1','2'),('15','A','B','C','3','12','5','21','70','14','18','16','18','46','B','0','W+/B','N+/W+','M','0','1','2'),('16','A','B','C','3','12','5','21','70','14','18','16','18','46','A','0','W+/B','N+/W+','N','0','1','2'),('17','A','B','C','3','12','5','21','70','14','18','16','18','46','C','0','W+/B','N+/W+','N','2','1','0'),('18','A','B','C','3','12','5','21','70','14','18','16','18','46','B','0','W+/B','N+/W+','O','2','1','0'),('19','A','B','C','3','12','5','21','70','14','18','16','18','46','A','0','W+/B','N+/W+','O','0','1','2'),('20','A','B','C','3','12','5','21','70','14','18','16','18','46','C','0','W+/B','N+/W+','Q1','2','1','0'),('21','A','B','C','3','12','5','21','70','14','18','16','18','46','B','0','W+/B','N+/W+','Q1','2','1','0'),('22','A','B','C','3','12','5','21','70','14','18','16','18','46','A','0','W+/B','N+/W+','Q2','0','1','2'),('23','A','B','C','3','12','5','21','70','14','18','16','18','46','C','0','W+/B','N+/W+','Q3','0','1','2'),('24','A','B','C','3','12','5','21','70','14','18','16','18','46','B','0','W+/B','N+/W+','Q3','0','1','2'),('25','A','B','C','3','12','5','21','70','14','18','16','18','46','A','0','W+/B','N+/W+','Q4','2','1','0'),('26','A','B','C','3','12','5','21','70','14','18','16','18','46','C','0','W+/B','N+/W+','A','0','1','2'),('27','A','B','C','3','12','5','21','70','14','18','16','18','46','B','0','W+/B','N+/W+','A','0','1','2'),('28','A','B','C','3','12','5','21','70','14','18','16','18','46','A','0','W+/B','N+/W+','B','0','1','0'),('29','A','B','C','3','12','5','21','70','14','18','16','18','46','C','0','W+/B','N+/W+','C','0','1','2'),('30','A','B','C','3','12','5','21','70','14','18','16','18','46','B','0','W+/B','N+/W+','C','2','1','0'),('31','A','B','C','3','12','5','21','70','14','18','16','18','46','A','0','W+/B','N+/W+','E','0','1','2'),('32','A','B','C','3','12','5','21','70','14','18','16','18','46','C','0','W+/B','N+/W+','E','0','1','2'),('33','A','B','C','3','12','5','21','70','14','18','16','18','46','B','0','W+/B','N+/W+','F','2','1','0'),('34','A','B','C','3','12','5','21','70','14','18','16','18','46','A','0','W+/B','N+/W+','G','0','1','2'),('35','A','B','C','3','12','5','21','70','14','18','16','18','46','C','0','W+/B','N+/W+','H','0','1','2'),('36','A','B','C','3','12','5','21','70','14','18','16','18','46','B','0','W+/B','N+/W+','H','2','1','0'),('37','A','B','C','3','12','5','21','70','14','18','16','18','46','A','0','W+/B','N+/W+','I','2','1','0'),('38','A','B','C','3','12','5','21','70','14','18','16','18','46','C','0','W+/B','N+/W+','L','2','1','0'),('39','A','B','C','3','12','5','21','70','14','18','16','18','46','B','0','W+/B','N+/W+','M','2','1','0'),('40','A','B','C','3','12','5','21','70','14','18','16','18','46','A','0','W+/B','N+/W+','M','2','1','0'),('41','A','B','C','3','12','5','21','70','14','18','16','18','46','C','0','W+/B','N+/W+','N','0','1','2'),('42','A','B','C','3','12','5','21','70','14','18','16','18','46','B','0','W+/B','N+/W+','N','2','1','0'),('43','A','B','C','3','12','5','21','70','14','18','16','18','46','A','0','W+/B','N+/W+','O','2','1','0'),('44','A','B','C','3','12','5','21','70','14','18','16','18','46','C','0','W+/B','N+/W+','O','0','1','2'),('45','A','B','C','3','12','5','21','70','14','18','16','18','46','B','0','W+/B','N+/W+','Q1','0','1','2'),('46','A','B','C','3','12','5','21','70','14','18','16','18','46','A','0','W+/B','N+/W+','Q1','2','1','0'),('47','A','B','C','3','12','5','21','70','14','18','16','18','46','A','0','W+/B','N+/W+','Q2','2','1','0'),('48','A','B','C','3','12','5','21','70','14','18','16','18','46','B','0','W+/B','N+/W+','Q3','2','1','0'),('49','A','B','C','3','12','5','21','70','14','18','16','18','46','B','0','W+/B','N+/W+','Q4','2','1','0'),('50','A','B','C','3','12','5','21','70','14','18','16','18','46','B','0','W+/B','N+/W+','Q4','2','1','0'),('51','A','B','C','3','12','5','21','70','14','18','16','18','46','B','0','W+/B','N+/W+','A','0','1','2'),('52','A','B','C','3','12','5','21','70','14','18','16','18','46','B','0','W+/B','N+/W+','A','2','1','0'),('53','A','B','C','3','12','5','21','70','14','18','16','18','46','B','0','W+/B','N+/W+','B','0','1','0'),('54','A','B','C','3','12','5','21','70','14','18','16','18','46','B','0','W+/B','N+/W+','B','0','1','0'),('55','A','B','C','3','12','5','21','70','14','18','16','18','46','B','0','W+/B','N+/W+','C','2','1','0'),('56','A','B','C','3','12','5','21','70','14','18','16','18','46','B','0','W+/B','N+/W+','E','2','1','0'),('57','A','B','C','3','12','5','21','70','14','18','16','18','46','B','0','W+/B','N+/W+','E','0','1','2'),('58','A','B','C','3','12','5','21','70','14','18','16','18','46','B','0','W+/B','N+/W+','F','2','1','0'),('59','A','B','C','3','12','5','21','70','14','18','16','18','46','B','0','W+/B','N+/W+','G','2','1','0'),('60','A','B','C','3','12','5','21','70','14','18','16','18','46','B','0','W+/B','N+/W+','H','0','1','2'),('61','A','B','C','3','12','5','21','70','14','18','16','18','46','B','0','W+/B','N+/W+','H','0','1','2'),('62','A','B','C','3','12','5','21','70','14','18','16','18','46','B','0','W+/B','N+/W+','I','0','1','2'),('63','A','B','C','3','12','5','21','70','14','18','16','18','46','B','0','W+/B','N+/W+','L','0','1','2'),('64','A','B','C','3','12','5','21','70','14','18','16','18','46','B','0','W+/B','N+/W+','L','0','1','2'),('65','A','B','C','3','12','5','21','70','14','18','16','18','46','B','0','W+/B','N+/W+','M','2','1','0'),('66','A','B','C','3','12','5','21','70','14','18','16','18','46','B','0','W+/B','N+/W+','N','0','1','2'),('67','A','B','C','3','12','5','21','70','14','18','16','18','46','B','0','W+/B','N+/W+','N','0','1','2'),('68','A','B','C','3','12','5','21','70','14','18','16','18','46','B','0','W+/B','N+/W+','O','0','1','2'),('69','A','B','C','3','12','5','21','70','14','18','16','18','46','B','0','W+/B','N+/W+','O','2','1','0'),('70','A','B','C','3','12','5','21','70','14','18','16','18','46','B','0','W+/B','N+/W+','Q1','2','1','0'),('71','A','B','C','3','12','5','21','70','14','18','16','18','46','B','0','W+/B','N+/W+','Q2','2','1','0'),('72','A','B','C','3','12','5','21','70','14','18','16','18','46','B','0','W+/B','N+/W+','Q2','2','1','0'),('73','A','B','C','3','12','5','21','70','14','18','16','18','46','B','0','W+/B','N+/W+','Q3','2','1','0'),('74','A','B','C','3','12','5','21','70','14','18','16','18','46','B','0','W+/B','N+/W+','Q4','2','1','0'),('75','A','B','C','3','12','5','21','70','14','18','16','18','46','B','0','W+/B','N+/W+','Q4','0','1','2'),('76','A','B','C','3','12','5','21','70','14','18','16','18','46','B','0','W+/B','N+/W+','A','0','1','2'),('77','A','B','C','3','12','5','21','70','14','18','16','18','46','B','0','W+/B','N+/W+','B','0','0','1'),('78','A','B','C','3','12','5','21','70','14','18','16','18','46','B','0','W+/B','N+/W+','B','0','1','0'),('79','A','B','C','3','12','5','21','70','14','18','16','18','46','B','0','W+/B','N+/W+','C','0','1','2'),('80','A','B','C','3','12','5','21','70','14','18','16','18','46','B','0','W+/B','N+/W+','C','0','1','2'),('81','A','B','C','3','12','5','21','70','14','18','16','18','46','B','0','W+/B','N+/W+','E','0','1','2'),('82','A','B','C','3','12','5','21','70','14','18','16','18','46','B','0','W+/B','N+/W+','F','0','1','2'),('83','A','B','C','3','12','5','21','70','14','18','16','18','46','B','0','W+/B','N+/W+','F','0','1','2'),('84','A','B','C','3','12','5','21','70','14','18','16','18','46','B','0','W+/B','N+/W+','G','0','1','2'),('85','A','B','C','3','12','5','21','70','14','18','16','18','46','B','0','W+/B','N+/W+','H','0','1','2'),('86','A','B','C','3','12','5','21','70','14','18','16','18','46','B','0','W+/B','N+/W+','H','0','1','2'),('87','A','B','C','3','12','5','21','70','14','18','16','18','46','B','0','W+/B','N+/W+','I','0','1','2'),('88','A','B','C','3','12','5','21','70','14','18','16','18','46','B','0','W+/B','N+/W+','L','2','1','0'),('89','A','B','C','3','12','5','21','70','14','18','16','18','46','B','0','W+/B','N+/W+','L','0','1','2'),('90','A','B','C','3','12','5','21','70','14','18','16','18','46','B','0','W+/B','N+/W+','M','0','1','2'),('91','A','B','C','3','12','5','21','70','14','18','16','18','46','B','0','W+/B','N+/W+','M','2','1','0'),('92','A','B','C','3','12','5','21','70','14','18','16','18','46','B','0','W+/B','N+/W+','N','0','1','2'),('93','A','B','C','3','12','5','21','70','14','18','16','18','46','B','0','W+/B','N+/W+','O','0','1','2'),('94','A','B','C','3','12','5','21','70','14','18','16','18','46','B','0','W+/B','N+/W+','O','0','1','2'),('95','A','B','C','3','12','5','21','70','14','18','16','18','46','B','0','W+/B','N+/W+','Q1','0','1','2'),('96','A','B','C','3','12','5','21','70','14','18','16','18','46','B','0','W+/B','N+/W+','Q2','0','1','2'),('97','A','B','C','3','12','5','21','70','14','18','16','18','46','B','0','W+/B','N+/W+','Q2','0','1','2'),('98','A','B','C','3','12','5','21','70','14','18','16','18','46','B','0','W+/B','N+/W+','Q3','2','1','0'),('99','A','B','C','3','12','5','21','70','14','18','16','18','46','B','0','W+/B','N+/W+','Q4','2','1','0'),('100','A','B','C','3','12','5','21','70','14','18','16','18','46','B','0','W+/B','N+/W+','Q4','0','1','2'),('101','A','B','C','3','12','5','21','70','14','18','16','18','46','B','0','W+/B','N+/W+','A','2','1','0'),('102','A','B','C','3','12','5','21','70','14','18','16','18','46','B','0','W+/B','N+/W+','B','0','0','1'),('103','A','B','C','3','12','5','21','70','14','18','16','18','46','B','0','W+/B','N+/W+','B','0','1','0'),('104','A','B','C','3','12','5','21','70','14','18','16','18','46','B','0','W+/B','N+/W+','C','2','1','0'),('105','A','B','C','3','12','5','21','70','14','18','16','18','46','B','0','W+/B','N+/W+','C','2','1','0'),('106','A','B','C','3','12','5','21','70','14','18','16','18','46','B','0','W+/B','N+/W+','E','0','1','2'),('107','A','B','C','3','12','5','21','70','14','18','16','18','46','B','0','W+/B','N+/W+','F','0','1','2'),('108','A','B','C','3','12','5','21','70','14','18','16','18','46','B','0','W+/B','N+/W+','F','0','1','2'),('109','A','B','C','3','12','5','21','70','14','18','16','18','46','B','0','W+/B','N+/W+','G','2','1','0'),('110','A','B','C','3','12','5','21','70','14','18','16','18','46','B','0','W+/B','N+/W+','H','2','1','0'),('111','A','B','C','3','12','5','21','70','14','18','16','18','46','B','0','W+/B','N+/W+','H','2','1','0'),('112','A','B','C','3','12','5','21','70','14','18','16','18','46','B','0','W+/B','N+/W+','I','2','1','0'),('113','A','B','C','3','12','5','21','70','14','18','16','18','46','B','0','W+/B','N+/W+','L','2','1','0'),('114','A','B','C','3','12','5','21','70','14','18','16','18','46','B','0','W+/B','N+/W+','L','2','1','0'),('115','A','B','C','3','12','5','21','70','14','18','16','18','46','B','0','W+/B','N+/W+','M','2','1','0'),('116','A','B','C','3','12','5','21','70','14','18','16','18','46','B','0','W+/B','N+/W+','M','0','1','2'),('117','A','B','C','3','12','5','21','70','14','18','16','18','46','B','0','W+/B','N+/W+','N','2','1','0'),('118','A','B','C','3','12','5','21','70','14','18','16','18','46','B','0','W+/B','N+/W+','O','2','1','0'),('119','A','B','C','3','12','5','21','70','14','18','16','18','46','B','0','W+/B','N+/W+','O','2','1','0'),('120','A','B','C','3','12','5','21','70','14','18','16','18','46','B','0','W+/B','N+/W+','Q1','0','1','2'),('121','A','B','C','3','12','5','21','70','14','18','16','18','46','B','0','W+/B','N+/W+','Q2','0','1','2'),('122','A','B','C','3','12','5','21','70','14','18','16','18','46','B','0','W+/B','N+/W+','Q2','0','1','2'),('123','A','B','C','3','12','5','21','70','14','18','16','18','46','B','0','W+/B','N+/W+','Q3','0','1','2'),('124','A','B','C','3','12','5','21','70','14','18','16','18','46','B','0','W+/B','N+/W+','Q4','2','1','0'),('125','A','B','C','3','12','5','21','70','14','18','16','18','46','B','0','W+/B','N+/W+','Q4','0','1','2'),('126','A','B','C','3','12','5','21','70','14','18','16','18','46','B','0','W+/B','N+/W+','A','2','1','0'),('127','A','B','C','3','12','5','21','70','14','18','16','18','46','B','0','W+/B','N+/W+','B','0','0','1'),('128','A','B','C','3','12','5','21','70','14','18','16','18','46','B','0','W+/B','N+/W+','B','0','1','0'),('129','A','B','C','3','12','5','21','70','14','18','16','18','46','B','0','W+/B','N+/W+','C','2','1','0'),('130','A','B','C','3','12','5','21','70','14','18','16','18','46','B','0','W+/B','N+/W+','C','2','1','0'),('131','A','B','C','3','12','5','21','70','14','18','16','18','46','B','0','W+/B','N+/W+','E','2','1','0'),('132','A','B','C','3','12','5','21','70','14','18','16','18','46','B','0','W+/B','N+/W+','F','2','1','0'),('133','A','B','C','3','12','5','21','70','14','18','16','18','46','B','0','W+/B','N+/W+','F','2','1','0'),('134','A','B','C','3','12','5','21','70','14','18','16','18','46','B','0','W+/B','N+/W+','G','2','1','0'),('135','A','B','C','3','12','5','21','70','14','18','16','18','46','B','0','W+/B','N+/W+','H','0','1','2'),('136','A','B','C','3','12','5','21','70','14','18','16','18','46','B','0','W+/B','N+/W+','H','2','1','0'),('137','A','B','C','3','12','5','21','70','14','18','16','18','46','B','0','W+/B','N+/W+','I','0','1','2'),('138','A','B','C','3','12','5','21','70','14','18','16','18','46','B','0','W+/B','N+/W+','I','2','1','0'),('139','A','B','C','3','12','5','21','70','14','18','16','18','46','B','0','W+/B','N+/W+','L','0','1','2'),('140','A','B','C','3','12','5','21','70','14','18','16','18','46','B','0','W+/B','N+/W+','M','2','1','0'),('141','A','B','C','3','12','5','21','70','14','18','16','18','46','B','0','W+/B','N+/W+','M','0','1','2'),('142','A','B','C','3','12','5','21','70','14','18','16','18','46','B','0','W+/B','N+/W+','N','2','1','0'),('143','A','B','C','3','12','5','21','70','14','18','16','18','46','B','0','W+/B','N+/W+','O','2','1','0'),('144','A','B','C','3','12','5','21','70','14','18','16','18','46','B','0','W+/B','N+/W+','O','0','1','2'),('145','A','B','C','3','12','5','21','70','14','18','16','18','46','B','0','W+/B','N+/W+','Q1','2','1','0'),('146','A','B','C','3','12','5','21','70','14','18','16','18','46','B','0','W+/B','N+/W+','Q2','2','1','0'),('147','A','B','C','3','12','5','21','70','14','18','16','18','46','B','0','W+/B','N+/W+','Q3','2','1','0'),('148','A','B','C','3','12','5','21','70','14','18','16','18','46','B','0','W+/B','N+/W+','Q3','2','1','0'),('149','A','B','C','3','12','5','21','70','14','18','16','18','46','B','0','W+/B','N+/W+','Q4','2','1','0'),('150','A','B','C','3','12','5','21','70','14','18','16','18','46','B','0','W+/B','N+/W+','Q4','2','1','0'),('151','A','B','C','3','12','5','21','70','14','18','16','18','46','B','0','W+/B','N+/W+','A','0','1','2'),('152','A','B','C','3','12','5','21','70','14','18','16','18','46','B','0','W+/B','N+/W+','B','0','1','0'),('153','A','B','C','3','12','5','21','70','14','18','16','18','46','B','0','W+/B','N+/W+','B','0','0','1'),('154','A','B','C','3','12','5','21','70','14','18','16','18','46','B','0','W+/B','N+/W+','C','0','1','2'),('155','A','B','C','3','12','5','21','70','14','18','16','18','46','B','0','W+/B','N+/W+','E','2','1','0'),('156','A','B','C','3','12','5','21','70','14','18','16','18','46','B','0','W+/B','N+/W+','E','2','1','0'),('157','A','B','C','3','12','5','21','70','14','18','16','18','46','B','0','W+/B','N+/W+','F','0','1','2'),('158','A','B','C','3','12','5','21','70','14','18','16','18','46','B','0','W+/B','N+/W+','F','0','1','2'),('159','A','B','C','3','12','5','21','70','14','18','16','18','46','B','0','W+/B','N+/W+','G','0','1','2'),('160','A','B','C','3','12','5','21','70','14','18','16','18','46','B','0','W+/B','N+/W+','G','2','1','0'),('161','A','B','C','3','12','5','21','70','14','18','16','18','46','B','0','W+/B','N+/W+','H','0','1','2'),('162','A','B','C','3','12','5','21','70','14','18','16','18','46','B','0','W+/B','N+/W+','I','0','1','2'),('163','A','B','C','3','12','5','21','70','14','18','16','18','46','B','0','W+/B','N+/W+','I','2','1','0'),('164','A','B','C','3','12','5','21','70','14','18','16','18','46','B','0','W+/B','N+/W+','L','2','1','0'),('165','A','B','C','3','12','5','21','70','14','18','16','18','46','B','0','W+/B','N+/W+','M','0','1','2'),('166','A','B','C','3','12','5','21','70','14','18','16','18','46','B','0','W+/B','N+/W+','M','0','1','2'),('167','A','B','C','3','12','5','21','70','14','18','16','18','46','B','0','W+/B','N+/W+','N','2','1','0'),('168','A','B','C','3','12','5','21','70','14','18','16','18','46','B','0','W+/B','N+/W+','O','2','1','0'),('169','A','B','C','3','12','5','21','70','14','18','16','18','46','B','0','W+/B','N+/W+','Q1','2','1','0'),('170','A','B','C','3','12','5','21','70','14','18','16','18','46','B','0','W+/B','N+/W+','Q1','0','1','2'),('171','A','B','C','3','12','5','21','70','14','18','16','18','46','B','0','W+/B','N+/W+','Q2','2','1','0'),('172','A','B','C','3','12','5','21','70','14','18','16','18','46','B','0','W+/B','N+/W+','Q3','0','1','2'),('173','A','B','C','3','12','5','21','70','14','18','16','18','46','B','0','W+/B','N+/W+','Q3','2','1','0'),('174','A','B','C','3','12','5','21','70','14','18','16','18','46','B','0','W+/B','N+/W+','Q4','2','1','0'),('175','A','B','C','3','12','5','21','70','14','18','16','18','46','B','0','W+/B','N+/W+','Q4','0','1','2'),('176','A','B','C','3','12','5','21','70','14','18','16','18','46','B','0','W+/B','N+/W+','A','2','1','0'),('177','A','B','C','3','12','5','21','70','14','18','16','18','46','B','0','W+/B','N+/W+','B','1','0','0'),('178','A','B','C','3','12','5','21','70','14','18','16','18','46','B','0','W+/B','N+/W+','B','1','0','0'),('179','A','B','C','3','12','5','21','70','14','18','16','18','46','B','0','W+/B','N+/W+','C','2','1','0'),('180','A','B','C','3','12','5','21','70','14','18','16','18','46','B','0','W+/B','N+/W+','E','2','1','0'),('181','A','B','C','3','12','5','21','70','14','18','16','18','46','B','0','W+/B','N+/W+','E','2','1','0'),('182','A','B','C','3','12','5','21','70','14','18','16','18','46','B','0','W+/B','N+/W+','F','2','1','0'),('183','A','B','C','3','12','5','21','70','14','18','16','18','46','B','0','W+/B','N+/W+','F','2','1','0'),('184','A','B','C','3','12','5','21','70','14','18','16','18','46','B','0','W+/B','N+/W+','G','2','1','0'),('185','A','B','C','3','12','5','21','70','14','18','16','18','46','B','0','W+/B','N+/W+','G','2','1','0'),('186','A','B','C','3','12','5','21','70','14','18','16','18','46','B','0','W+/B','N+/W+','H','2','1','0'),('187','A','B','C','3','12','5','21','70','14','18','16','18','46','B','0','W+/B','N+/W+','','0','0','0');
/*!40000 ALTER TABLE `ksdf` ENABLE KEYS */;
UNLOCK TABLES;

--
-- Table structure for table `manager`
--

DROP TABLE IF EXISTS `manager`;
/*!40101 SET @saved_cs_client     = @@character_set_client */;
/*!40101 SET character_set_client = utf8 */;
CREATE TABLE `manager` (
  `id` int(11) NOT NULL AUTO_INCREMENT,
  `username` varchar(45) NOT NULL,
  `password` varchar(256) NOT NULL,
  `role` varchar(45) DEFAULT NULL COMMENT 'M-ManagerP-PME-ExamineeG-GuestL-LeaderI-Interviewer',
  `project_id` int(11) DEFAULT NULL COMMENT '',
  `name` varchar(45) DEFAULT NULL,
  `last_login` datetime DEFAULT NULL,
  PRIMARY KEY (`id`),
  UNIQUE KEY `index3` (`username`),
  KEY `index2` (`project_id`),
  CONSTRAINT `fk_manager_project` FOREIGN KEY (`project_id`) REFERENCES `project` (`id`) ON DELETE CASCADE ON UPDATE CASCADE
) ENGINE=InnoDB AUTO_INCREMENT=111 DEFAULT CHARSET=utf8;
/*!40101 SET character_set_client = @saved_cs_client */;

--
-- Dumping data for table `manager`
--

LOCK TABLES `manager` WRITE;
/*!40000 ALTER TABLE `manager` DISABLE KEYS */;
INSERT INTO `manager` VALUES (1,'sa','123456','M',NULL,'gly','2015-08-10 16:47:38'),(2,'pm','123456','P',1,'','2015-08-10 17:12:40'),(8,'hh','123456',NULL,NULL,'',NULL),(11,'hw','123456',NULL,NULL,'',NULL),(60,'pm2','123456','P',2,'pm2.5','2015-08-10 17:12:48'),(81,'107779','380188','L',1,'1',NULL),(82,'478933','923609','L',1,'2',NULL),(83,'699855','114125','L',1,'3',NULL),(84,'664102','614373','L',1,'4',NULL),(85,'528774','233122','L',1,'5',NULL),(86,'416103','544602','L',1,'6',NULL),(87,'953904','088360','L',1,'7',NULL),(88,'155695','344652','L',1,'8',NULL),(89,'760173','910870','L',1,'9',NULL),(90,'189825','525131','L',1,'10',NULL),(91,'691693','565973','I',1,'1',NULL),(92,'037667','956424','I',1,'2',NULL),(93,'288094','410167','I',1,'3',NULL),(94,'149848','241186','I',1,'4',NULL),(95,'441307','827849','I',1,'5',NULL),(96,'337145','838631','I',1,'6',NULL),(97,'811966','935330','I',1,'7',NULL),(98,'538858','700752','I',1,'8',NULL),(99,'732481','682496','I',1,'9',NULL),(100,'092720','602570','I',1,'10',NULL),(101,'857909','687630','I',2,'1',NULL),(102,'768711','779959','I',2,'2',NULL),(103,'485404','535543','I',2,'3',NULL),(104,'720167','015617','I',2,'4',NULL),(105,'582359','503611','I',2,'5',NULL),(106,'434872','993470','I',2,'6',NULL),(107,'867420','059915','I',2,'7',NULL),(108,'332178','493653','I',2,'8',NULL),(109,'638373','197289','I',2,'9',NULL),(110,'358676','646598','I',2,'10',NULL);
/*!40000 ALTER TABLE `manager` ENABLE KEYS */;
UNLOCK TABLES;

--
-- Table structure for table `module`
--

DROP TABLE IF EXISTS `module`;
/*!40101 SET @saved_cs_client     = @@character_set_client */;
/*!40101 SET character_set_client = utf8 */;
CREATE TABLE `module` (
  `id` int(11) NOT NULL AUTO_INCREMENT,
  `name` varchar(45) NOT NULL COMMENT '',
  `belong_module` varchar(45) DEFAULT NULL,
  `chs_name` varchar(45) DEFAULT NULL,
  `children` varchar(1000) DEFAULT NULL,
  PRIMARY KEY (`id`),
  UNIQUE KEY `name_UNIQUE` (`name`)
) ENGINE=InnoDB AUTO_INCREMENT=26 DEFAULT CHARSET=utf8;
/*!40101 SET character_set_client = @saved_cs_client */;

--
-- Dumping data for table `module`
--

LOCK TABLES `module` WRITE;
/*!40000 ALTER TABLE `module` DISABLE KEYS */;
INSERT INTO `module` VALUES (9,'ldl','',NULL,'ldnl,pdyjcnl,zzglnl'),(14,'','',NULL,NULL),(15,'','',NULL,NULL),(16,'mk_ldl','','','zb_ldnl,zb_pdyjcnl,zb_zzglnl,zb_fxx'),(17,'mk_zysz','','','zb_dlgznl,zb_cxnl,zb_tdjs,zb_gztd,zb_gzzf'),(18,'mk_swnl','','','zb_jlx,zb_fxnl,zb_gnnl'),(19,'mk_tdpz','','','zb_zrx,zb_cxd,zb_grjzqx,zb_rnx'),(20,'mk_zynl','','','zb_bxx,zb_ybnl,zb_jmng,zb_rjgxtjsp,zb_chd'),(21,'mk_grtz','','','zb_tzjl,zb_xg,zb_qxkzsp,zb_syhjsp,zb_sjnl,zb_zz,zb_xljksp'),(22,'mk_xljk','','','zb_xljksp,zb_qxkzsp,zb_syhjsp,zb_rjgxtjsp,zb_xg,zb_zz,zb_fxx'),(23,'mk_szjg','','','zb_zrx,zb_cxd,zb_grjzqx,zb_tdjs,zb_gztd,zb_gzzf,zb_bxx,zb_rnx'),(24,'mk_ztjg','','','zb_chd,zb_jmng,zb_jlx,zb_tzjl,zb_fxnl,zb_gnnl'),(25,'mk_nljg','','','zb_dlgznl,zb_cxnl,zb_ybnl,zb_pdyjcnl,zb_zzglnl,zb_sjnl,zb_ldnl');
/*!40000 ALTER TABLE `module` ENABLE KEYS */;
UNLOCK TABLES;

--
-- Table structure for table `paper`
--

DROP TABLE IF EXISTS `paper`;
/*!40101 SET @saved_cs_client     = @@character_set_client */;
/*!40101 SET character_set_client = utf8 */;
CREATE TABLE `paper` (
  `id` int(11) NOT NULL AUTO_INCREMENT,
  `description` varchar(2000) DEFAULT NULL COMMENT '',
  `name` varchar(200) DEFAULT NULL COMMENT '',
  PRIMARY KEY (`id`),
  UNIQUE KEY `name_UNIQUE` (`name`)
) ENGINE=InnoDB AUTO_INCREMENT=37 DEFAULT CHARSET=utf8;
/*!40101 SET character_set_client = @saved_cs_client */;

--
-- Dumping data for table `paper`
--

LOCK TABLES `paper` WRITE;
/*!40000 ALTER TABLE `paper` DISABLE KEYS */;
INSERT INTO `paper` VALUES (31,'88','EPQA'),(32,'<br />187 <br /><br /><br /> <br />','16PF'),(33,'','CPI'),(34,'<br /> AB','EPPS'),(35,'123 45','SCL'),(36,' <br />6068<br />40','SPM');
/*!40000 ALTER TABLE `paper` ENABLE KEYS */;
UNLOCK TABLES;

--
-- Table structure for table `pmrel`
--

DROP TABLE IF EXISTS `pmrel`;
/*!40101 SET @saved_cs_client     = @@character_set_client */;
/*!40101 SET character_set_client = utf8 */;
CREATE TABLE `pmrel` (
  `project_id` int(11) NOT NULL,
  `module_id` int(11) NOT NULL,
  PRIMARY KEY (`project_id`,`module_id`),
  KEY `fk_pmrel_2_idx` (`module_id`),
  CONSTRAINT `fk_pmrel_1` FOREIGN KEY (`project_id`) REFERENCES `project` (`id`) ON DELETE CASCADE ON UPDATE CASCADE,
  CONSTRAINT `fk_pmrel_2` FOREIGN KEY (`module_id`) REFERENCES `module` (`id`) ON DELETE CASCADE ON UPDATE CASCADE
) ENGINE=InnoDB DEFAULT CHARSET=utf8;
/*!40101 SET character_set_client = @saved_cs_client */;

--
-- Dumping data for table `pmrel`
--

LOCK TABLES `pmrel` WRITE;
/*!40000 ALTER TABLE `pmrel` DISABLE KEYS */;
INSERT INTO `pmrel` VALUES (1,19),(1,24);
/*!40000 ALTER TABLE `pmrel` ENABLE KEYS */;
UNLOCK TABLES;

--
-- Table structure for table `project`
--

DROP TABLE IF EXISTS `project`;
/*!40101 SET @saved_cs_client     = @@character_set_client */;
/*!40101 SET character_set_client = utf8 */;
CREATE TABLE `project` (
  `id` int(11) NOT NULL AUTO_INCREMENT,
  `begintime` datetime DEFAULT NULL COMMENT '',
  `endtime` datetime DEFAULT NULL COMMENT '',
  `name` varchar(200) NOT NULL COMMENT '',
  `description` varchar(2000) DEFAULT NULL COMMENT '',
  `manager_id` int(11) NOT NULL COMMENT 'id',
  `last_examinee_id` int(11) DEFAULT '1',
  PRIMARY KEY (`id`),
  KEY `fk_project_1_idx` (`manager_id`),
  CONSTRAINT `fk_project_1` FOREIGN KEY (`manager_id`) REFERENCES `manager` (`id`) ON DELETE CASCADE ON UPDATE CASCADE
) ENGINE=InnoDB AUTO_INCREMENT=3 DEFAULT CHARSET=utf8;
/*!40101 SET character_set_client = @saved_cs_client */;

--
-- Dumping data for table `project`
--

LOCK TABLES `project` WRITE;
/*!40000 ALTER TABLE `project` DISABLE KEYS */;
INSERT INTO `project` VALUES (1,'2015-07-01 15:42:00','2015-08-03 15:43:00','','',2,5),(2,'2015-08-04 19:30:00','2015-08-21 23:55:00','lalala','...',60,1);
/*!40000 ALTER TABLE `project` ENABLE KEYS */;
UNLOCK TABLES;

--
-- Table structure for table `question`
--

DROP TABLE IF EXISTS `question`;
/*!40101 SET @saved_cs_client     = @@character_set_client */;
/*!40101 SET character_set_client = utf8 */;
CREATE TABLE `question` (
  `id` int(11) NOT NULL AUTO_INCREMENT,
  `topic` text COMMENT '',
  `options` text COMMENT '',
  `grade` text COMMENT 'options ',
  `number` int(11) NOT NULL COMMENT '',
  `paper_id` int(11) DEFAULT NULL COMMENT 'id',
  PRIMARY KEY (`id`),
  KEY `fk_question_1_idx` (`paper_id`),
  CONSTRAINT `fk_question_1` FOREIGN KEY (`paper_id`) REFERENCES `paper` (`id`) ON DELETE CASCADE ON UPDATE CASCADE
) ENGINE=InnoDB AUTO_INCREMENT=3146 DEFAULT CHARSET=utf8;
/*!40101 SET character_set_client = @saved_cs_client */;

--
-- Dumping data for table `question`
--

LOCK TABLES `question` WRITE;
/*!40000 ALTER TABLE `question` DISABLE KEYS */;
INSERT INTO `question` VALUES (2326,'','||||',NULL,1,35),(2327,'','||||',NULL,2,35),(2328,'','||||',NULL,3,35),(2329,'','||||',NULL,4,35),(2330,'','||||',NULL,5,35),(2331,'','||||',NULL,6,35),(2332,'','||||',NULL,7,35),(2333,'','||||',NULL,8,35),(2334,'','||||',NULL,9,35),(2335,'','||||',NULL,10,35),(2336,'','||||',NULL,11,35),(2337,'','||||',NULL,12,35),(2338,'','||||',NULL,13,35),(2339,'','||||',NULL,14,35),(2340,'','||||',NULL,15,35),(2341,'','||||',NULL,16,35),(2342,'','||||',NULL,17,35),(2343,'','||||',NULL,18,35),(2344,'','||||',NULL,19,35),(2345,'','||||',NULL,20,35),(2346,'','||||',NULL,21,35),(2347,'','||||',NULL,22,35),(2348,'','||||',NULL,23,35),(2349,'','||||',NULL,24,35),(2350,'','||||',NULL,25,35),(2351,'','||||',NULL,26,35),(2352,'','||||',NULL,27,35),(2353,'','||||',NULL,28,35),(2354,'','||||',NULL,29,35),(2355,'','||||',NULL,30,35),(2356,'','||||',NULL,31,35),(2357,'','||||',NULL,32,35),(2358,'','||||',NULL,33,35),(2359,'','||||',NULL,34,35),(2360,'','||||',NULL,35,35),(2361,'','||||',NULL,36,35),(2362,'','||||',NULL,37,35),(2363,'','||||',NULL,38,35),(2364,'','||||',NULL,39,35),(2365,'','||||',NULL,40,35),(2366,'','||||',NULL,41,35),(2367,'','||||',NULL,42,35),(2368,'','||||',NULL,43,35),(2369,'','||||',NULL,44,35),(2370,'','||||',NULL,45,35),(2371,'','||||',NULL,46,35),(2372,'','||||',NULL,47,35),(2373,'','||||',NULL,48,35),(2374,'','||||',NULL,49,35),(2375,'','||||',NULL,50,35),(2376,'','||||',NULL,51,35),(2377,'','||||',NULL,52,35),(2378,'','||||',NULL,53,35),(2379,'','||||',NULL,54,35),(2380,'','||||',NULL,55,35),(2381,'','||||',NULL,56,35),(2382,'','||||',NULL,57,35),(2383,'','||||',NULL,58,35),(2384,'','||||',NULL,59,35),(2385,'','||||',NULL,60,35),(2386,'','||||',NULL,61,35),(2387,'','||||',NULL,62,35),(2388,'','||||',NULL,63,35),(2389,'','||||',NULL,64,35),(2390,'','||||',NULL,65,35),(2391,'','||||',NULL,66,35),(2392,'','||||',NULL,67,35),(2393,'','||||',NULL,68,35),(2394,'','||||',NULL,69,35),(2395,'','||||',NULL,70,35),(2396,'','||||',NULL,71,35),(2397,'','||||',NULL,72,35),(2398,'','||||',NULL,73,35),(2399,'','||||',NULL,74,35),(2400,'','||||',NULL,75,35),(2401,'','||||',NULL,76,35),(2402,'','||||',NULL,77,35),(2403,'','||||',NULL,78,35),(2404,'','||||',NULL,79,35),(2405,'','||||',NULL,80,35),(2406,'','||||',NULL,81,35),(2407,'','||||',NULL,82,35),(2408,'','||||',NULL,83,35),(2409,'','||||',NULL,84,35),(2410,'','||||',NULL,85,35),(2411,'','||||',NULL,86,35),(2412,'','||||',NULL,87,35),(2413,'','||||',NULL,88,35),(2414,'','||||',NULL,89,35),(2415,'','||||',NULL,90,35),(2416,'','|',NULL,1,33),(2417,'','|',NULL,2,33),(2418,'','|',NULL,3,33),(2419,'','|',NULL,4,33),(2420,'','|',NULL,5,33),(2421,'','|',NULL,6,33),(2422,'','|',NULL,7,33),(2423,'','|',NULL,8,33),(2424,'','|',NULL,9,33),(2425,'','|',NULL,10,33),(2426,'','|',NULL,11,33),(2427,'','|',NULL,12,33),(2428,'','|',NULL,13,33),(2429,'','|',NULL,14,33),(2430,'','|',NULL,15,33),(2431,'','|',NULL,16,33),(2432,'','|',NULL,17,33),(2433,'','|',NULL,18,33),(2434,'','|',NULL,19,33),(2435,'','|',NULL,20,33),(2436,'','|',NULL,21,33),(2437,'','|',NULL,22,33),(2438,'','|',NULL,23,33),(2439,'','|',NULL,24,33),(2440,'','|',NULL,25,33),(2441,'','|',NULL,26,33),(2442,'','|',NULL,27,33),(2443,'','|',NULL,28,33),(2444,'','|',NULL,29,33),(2445,'','|',NULL,30,33),(2446,'','|',NULL,31,33),(2447,'','|',NULL,32,33),(2448,'','|',NULL,33,33),(2449,'','|',NULL,34,33),(2450,'','|',NULL,35,33),(2451,'','|',NULL,36,33),(2452,'','|',NULL,37,33),(2453,'','|',NULL,38,33),(2454,'','|',NULL,39,33),(2455,'','|',NULL,40,33),(2456,'','|',NULL,41,33),(2457,'','|',NULL,42,33),(2458,'','|',NULL,43,33),(2459,'','|',NULL,44,33),(2460,'','|',NULL,45,33),(2461,'','|',NULL,46,33),(2462,'','|',NULL,47,33),(2463,'','|',NULL,48,33),(2464,'','|',NULL,49,33),(2465,'','|',NULL,50,33),(2466,'','|',NULL,51,33),(2467,'','|',NULL,52,33),(2468,'','|',NULL,53,33),(2469,'','|',NULL,54,33),(2470,'','|',NULL,55,33),(2471,'','|',NULL,56,33),(2472,'','|',NULL,57,33),(2473,'','|',NULL,58,33),(2474,'','|',NULL,59,33),(2475,'','|',NULL,60,33),(2476,'','|',NULL,61,33),(2477,'','|',NULL,62,33),(2478,'','|',NULL,63,33),(2479,'','|',NULL,64,33),(2480,'','|',NULL,65,33),(2481,'','|',NULL,66,33),(2482,'','|',NULL,67,33),(2483,'','|',NULL,68,33),(2484,'','|',NULL,69,33),(2485,'','|',NULL,70,33),(2486,'','|',NULL,71,33),(2487,'','|',NULL,72,33),(2488,'','|',NULL,73,33),(2489,'','|',NULL,74,33),(2490,'','|',NULL,75,33),(2491,'','|',NULL,76,33),(2492,'','|',NULL,77,33),(2493,'','|',NULL,78,33),(2494,'','|',NULL,79,33),(2495,'','|',NULL,80,33),(2496,'','|',NULL,81,33),(2497,'','|',NULL,82,33),(2498,'','|',NULL,83,33),(2499,'','|',NULL,84,33),(2500,'','|',NULL,85,33),(2501,'','|',NULL,86,33),(2502,'','|',NULL,87,33),(2503,'','|',NULL,88,33),(2504,'','|',NULL,89,33),(2505,'','|',NULL,90,33),(2506,'','|',NULL,91,33),(2507,'','|',NULL,92,33),(2508,'','|',NULL,93,33),(2509,'','|',NULL,94,33),(2510,'','|',NULL,95,33),(2511,'','|',NULL,96,33),(2512,'','|',NULL,97,33),(2513,'','|',NULL,98,33),(2514,'','|',NULL,99,33),(2515,'','|',NULL,100,33),(2516,'','|',NULL,101,33),(2517,'','|',NULL,102,33),(2518,'','|',NULL,103,33),(2519,'','|',NULL,104,33),(2520,'','|',NULL,105,33),(2521,'','|',NULL,106,33),(2522,'','|',NULL,107,33),(2523,'','|',NULL,108,33),(2524,'','|',NULL,109,33),(2525,'','|',NULL,110,33),(2526,'','|',NULL,111,33),(2527,'','|',NULL,112,33),(2528,'','|',NULL,113,33),(2529,'','|',NULL,114,33),(2530,'','|',NULL,115,33),(2531,'','|',NULL,116,33),(2532,'','|',NULL,117,33),(2533,'','|',NULL,118,33),(2534,'','|',NULL,119,33),(2535,'','|',NULL,120,33),(2536,'','|',NULL,121,33),(2537,'','|',NULL,122,33),(2538,'','|',NULL,123,33),(2539,'','|',NULL,124,33),(2540,'','|',NULL,125,33),(2541,'','|',NULL,126,33),(2542,'','|',NULL,127,33),(2543,'','|',NULL,128,33),(2544,'','|',NULL,129,33),(2545,'','|',NULL,130,33),(2546,'','|',NULL,131,33),(2547,'','|',NULL,132,33),(2548,'','|',NULL,133,33),(2549,'','|',NULL,134,33),(2550,'','|',NULL,135,33),(2551,'','|',NULL,136,33),(2552,'','|',NULL,137,33),(2553,'','|',NULL,138,33),(2554,'','|',NULL,139,33),(2555,'','|',NULL,140,33),(2556,'','|',NULL,141,33),(2557,'','|',NULL,142,33),(2558,'','|',NULL,143,33),(2559,'','|',NULL,144,33),(2560,'','|',NULL,145,33),(2561,'','|',NULL,146,33),(2562,'','|',NULL,147,33),(2563,'','|',NULL,148,33),(2564,'','|',NULL,149,33),(2565,'','|',NULL,150,33),(2566,'','|',NULL,151,33),(2567,'','|',NULL,152,33),(2568,'','|',NULL,153,33),(2569,'','|',NULL,154,33),(2570,'','|',NULL,155,33),(2571,'','|',NULL,156,33),(2572,'','|',NULL,157,33),(2573,'','|',NULL,158,33),(2574,'  ','|',NULL,159,33),(2575,'','|',NULL,160,33),(2576,'','|',NULL,161,33),(2577,'','|',NULL,162,33),(2578,'','|',NULL,163,33),(2579,'','|',NULL,164,33),(2580,'','|',NULL,165,33),(2581,'','|',NULL,166,33),(2582,'','|',NULL,167,33),(2583,'','|',NULL,168,33),(2584,'','|',NULL,169,33),(2585,'','|',NULL,170,33),(2586,'','|',NULL,171,33),(2587,'','|',NULL,172,33),(2588,'','|',NULL,173,33),(2589,'','|',NULL,174,33),(2590,'','|',NULL,175,33),(2591,'','|',NULL,176,33),(2592,'','|',NULL,177,33),(2593,'','|',NULL,178,33),(2594,'','|',NULL,179,33),(2595,'','|',NULL,180,33),(2596,'','|',NULL,181,33),(2597,'','|',NULL,182,33),(2598,'','|',NULL,183,33),(2599,'','|',NULL,184,33),(2600,'','|',NULL,185,33),(2601,'','|',NULL,186,33),(2602,'','|',NULL,187,33),(2603,'','|',NULL,188,33),(2604,'','|',NULL,189,33),(2605,'','|',NULL,190,33),(2606,'','|',NULL,191,33),(2607,'','|',NULL,192,33),(2608,'','|',NULL,193,33),(2609,'','|',NULL,194,33),(2610,'','|',NULL,195,33),(2611,'','|',NULL,196,33),(2612,'','|',NULL,197,33),(2613,'','|',NULL,198,33),(2614,'','|',NULL,199,33),(2615,'','|',NULL,200,33),(2616,'','|',NULL,201,33),(2617,'','|',NULL,202,33),(2618,'','|',NULL,203,33),(2619,'','|',NULL,204,33),(2620,'','|',NULL,205,33),(2621,'','|',NULL,206,33),(2622,'','|',NULL,207,33),(2623,'','|',NULL,208,33),(2624,'','|',NULL,209,33),(2625,'','|',NULL,210,33),(2626,'','|',NULL,211,33),(2627,'','|',NULL,212,33),(2628,'','|',NULL,213,33),(2629,'','|',NULL,214,33),(2630,'','|',NULL,215,33),(2631,'','|',NULL,216,33),(2632,'','|',NULL,217,33),(2633,'','|',NULL,218,33),(2634,'','|',NULL,219,33),(2635,'','|',NULL,220,33),(2636,'','|',NULL,221,33),(2637,'','|',NULL,222,33),(2638,'','|',NULL,223,33),(2639,'','|',NULL,224,33),(2640,'','|',NULL,225,33),(2641,'  ','|',NULL,226,33),(2642,'','|',NULL,227,33),(2643,'','|',NULL,228,33),(2644,'','|',NULL,229,33),(2645,'','|',NULL,230,33),(2646,NULL,'|',NULL,1,34),(2647,NULL,'|',NULL,2,34),(2648,NULL,'|',NULL,3,34),(2649,NULL,'|',NULL,4,34),(2650,NULL,'|',NULL,5,34),(2651,NULL,'|',NULL,6,34),(2652,NULL,'|',NULL,7,34),(2653,NULL,'|',NULL,8,34),(2654,NULL,'|',NULL,9,34),(2655,NULL,'|',NULL,10,34),(2656,NULL,'|',NULL,11,34),(2657,NULL,'  |',NULL,12,34),(2658,NULL,'|',NULL,13,34),(2659,NULL,'|',NULL,14,34),(2660,NULL,'|',NULL,15,34),(2661,NULL,'|',NULL,16,34),(2662,NULL,'|',NULL,17,34),(2663,NULL,'|',NULL,18,34),(2664,NULL,'|',NULL,19,34),(2665,NULL,'|',NULL,20,34),(2666,NULL,'|',NULL,21,34),(2667,NULL,'|',NULL,22,34),(2668,NULL,'|',NULL,23,34),(2669,NULL,'|',NULL,24,34),(2670,NULL,'|',NULL,25,34),(2671,NULL,'|',NULL,26,34),(2672,NULL,'|',NULL,27,34),(2673,NULL,'|',NULL,28,34),(2674,NULL,'|',NULL,29,34),(2675,NULL,'|',NULL,30,34),(2676,NULL,'|',NULL,31,34),(2677,NULL,'|',NULL,32,34),(2678,NULL,'|',NULL,33,34),(2679,NULL,'|',NULL,34,34),(2680,NULL,'|',NULL,35,34),(2681,NULL,'|',NULL,36,34),(2682,NULL,'|',NULL,37,34),(2683,NULL,'|',NULL,38,34),(2684,NULL,'|',NULL,39,34),(2685,NULL,'|',NULL,40,34),(2686,NULL,'|',NULL,41,34),(2687,NULL,'|',NULL,42,34),(2688,NULL,'|',NULL,43,34),(2689,NULL,'|',NULL,44,34),(2690,NULL,'|',NULL,45,34),(2691,NULL,'|',NULL,46,34),(2692,NULL,'|',NULL,47,34),(2693,NULL,'|',NULL,48,34),(2694,NULL,'|',NULL,49,34),(2695,NULL,'|',NULL,50,34),(2696,NULL,'|',NULL,51,34),(2697,NULL,'|',NULL,52,34),(2698,NULL,'|',NULL,53,34),(2699,NULL,'|',NULL,54,34),(2700,NULL,'|',NULL,55,34),(2701,NULL,'|',NULL,56,34),(2702,NULL,'|',NULL,57,34),(2703,NULL,'|',NULL,58,34),(2704,NULL,'|',NULL,59,34),(2705,NULL,'|',NULL,60,34),(2706,NULL,'|',NULL,61,34),(2707,NULL,'|',NULL,62,34),(2708,NULL,'|',NULL,63,34),(2709,NULL,'|',NULL,64,34),(2710,NULL,'|',NULL,65,34),(2711,NULL,'|',NULL,66,34),(2712,NULL,'|',NULL,67,34),(2713,NULL,'|',NULL,68,34),(2714,NULL,'|',NULL,69,34),(2715,NULL,'|',NULL,70,34),(2716,NULL,'|',NULL,71,34),(2717,NULL,'|',NULL,72,34),(2718,NULL,'|',NULL,73,34),(2719,NULL,'|',NULL,74,34),(2720,NULL,'|',NULL,75,34),(2721,NULL,'|',NULL,76,34),(2722,NULL,'|',NULL,77,34),(2723,NULL,'|',NULL,78,34),(2724,NULL,'|',NULL,79,34),(2725,NULL,'|',NULL,80,34),(2726,NULL,'|',NULL,81,34),(2727,NULL,'|',NULL,82,34),(2728,NULL,'|',NULL,83,34),(2729,NULL,'|',NULL,84,34),(2730,NULL,'|',NULL,85,34),(2731,NULL,'|',NULL,86,34),(2732,NULL,'|',NULL,87,34),(2733,NULL,'|',NULL,88,34),(2734,NULL,'|, ',NULL,89,34),(2735,NULL,'|',NULL,90,34),(2736,NULL,'|',NULL,91,34),(2737,NULL,'|',NULL,92,34),(2738,NULL,'|',NULL,93,34),(2739,NULL,'|',NULL,94,34),(2740,NULL,'|',NULL,95,34),(2741,NULL,'|',NULL,96,34),(2742,NULL,'|',NULL,97,34),(2743,NULL,'|',NULL,98,34),(2744,NULL,'|',NULL,99,34),(2745,NULL,'|',NULL,100,34),(2746,NULL,'|',NULL,101,34),(2747,NULL,'|',NULL,102,34),(2748,NULL,'|',NULL,103,34),(2749,NULL,'|',NULL,104,34),(2750,NULL,'|',NULL,105,34),(2751,NULL,'|',NULL,106,34),(2752,NULL,'|',NULL,107,34),(2753,NULL,'|',NULL,108,34),(2754,NULL,'|',NULL,109,34),(2755,NULL,'|',NULL,110,34),(2756,NULL,'|',NULL,111,34),(2757,NULL,'|',NULL,112,34),(2758,NULL,'|',NULL,113,34),(2759,NULL,'|',NULL,114,34),(2760,NULL,'|',NULL,115,34),(2761,NULL,'|',NULL,116,34),(2762,NULL,'|',NULL,117,34),(2763,NULL,'|',NULL,118,34),(2764,NULL,'|',NULL,119,34),(2765,NULL,'|',NULL,120,34),(2766,NULL,'|',NULL,121,34),(2767,NULL,'|',NULL,122,34),(2768,NULL,'|',NULL,123,34),(2769,NULL,'|',NULL,124,34),(2770,NULL,'|',NULL,125,34),(2771,NULL,'|',NULL,126,34),(2772,NULL,'|',NULL,127,34),(2773,NULL,'|',NULL,128,34),(2774,NULL,'|',NULL,129,34),(2775,NULL,'|',NULL,130,34),(2776,NULL,'|',NULL,131,34),(2777,NULL,'|',NULL,132,34),(2778,NULL,'|',NULL,133,34),(2779,NULL,'|',NULL,134,34),(2780,NULL,'|',NULL,135,34),(2781,NULL,'|',NULL,136,34),(2782,NULL,'|',NULL,137,34),(2783,NULL,'|',NULL,138,34),(2784,NULL,'|',NULL,139,34),(2785,NULL,'|',NULL,140,34),(2786,NULL,'|',NULL,141,34),(2787,NULL,'|',NULL,142,34),(2788,NULL,'|',NULL,143,34),(2789,NULL,'|',NULL,144,34),(2790,NULL,'|',NULL,145,34),(2791,NULL,'|',NULL,146,34),(2792,NULL,'|',NULL,147,34),(2793,NULL,'|',NULL,148,34),(2794,NULL,'|',NULL,149,34),(2795,NULL,'|',NULL,150,34),(2796,NULL,'|',NULL,151,34),(2797,NULL,'|',NULL,152,34),(2798,NULL,'|',NULL,153,34),(2799,NULL,'|',NULL,154,34),(2800,NULL,'|',NULL,155,34),(2801,NULL,'|',NULL,156,34),(2802,NULL,'|',NULL,157,34),(2803,NULL,'|',NULL,158,34),(2804,NULL,'|',NULL,159,34),(2805,NULL,'|',NULL,160,34),(2806,NULL,'|',NULL,161,34),(2807,NULL,'|',NULL,162,34),(2808,NULL,'|',NULL,163,34),(2809,NULL,'|',NULL,164,34),(2810,NULL,'|',NULL,165,34),(2811,NULL,'|',NULL,166,34),(2812,NULL,'  |',NULL,167,34),(2813,NULL,'|',NULL,168,34),(2814,NULL,'|',NULL,169,34),(2815,NULL,'|',NULL,170,34),(2816,NULL,'|',NULL,171,34),(2817,NULL,'|',NULL,172,34),(2818,NULL,'|',NULL,173,34),(2819,NULL,'|  ',NULL,174,34),(2820,NULL,'|',NULL,175,34),(2821,NULL,'|',NULL,176,34),(2822,NULL,'|',NULL,177,34),(2823,NULL,'|',NULL,178,34),(2824,NULL,'|',NULL,179,34),(2825,NULL,'|',NULL,180,34),(2826,NULL,'|',NULL,181,34),(2827,NULL,'|',NULL,182,34),(2828,NULL,'|',NULL,183,34),(2829,NULL,'|',NULL,184,34),(2830,NULL,'|',NULL,185,34),(2831,NULL,'|',NULL,186,34),(2832,NULL,'|',NULL,187,34),(2833,NULL,',|',NULL,188,34),(2834,NULL,'|',NULL,189,34),(2835,NULL,'|',NULL,190,34),(2836,NULL,'|',NULL,191,34),(2837,NULL,'|',NULL,192,34),(2838,NULL,'|',NULL,193,34),(2839,NULL,'|',NULL,194,34),(2840,NULL,'|',NULL,195,34),(2841,NULL,'|',NULL,196,34),(2842,NULL,'|',NULL,197,34),(2843,NULL,'|',NULL,198,34),(2844,NULL,'|',NULL,199,34),(2845,NULL,'|',NULL,200,34),(2846,NULL,'|',NULL,201,34),(2847,NULL,'|',NULL,202,34),(2848,NULL,'|',NULL,203,34),(2849,NULL,'|',NULL,204,34),(2850,NULL,'|',NULL,205,34),(2851,NULL,'|',NULL,206,34),(2852,NULL,'|',NULL,207,34),(2853,NULL,'  |',NULL,208,34),(2854,NULL,'|',NULL,209,34),(2855,NULL,'|',NULL,210,34),(2856,NULL,'|',NULL,211,34),(2857,NULL,'|',NULL,212,34),(2858,NULL,'|',NULL,213,34),(2859,NULL,'|',NULL,214,34),(2860,NULL,'|',NULL,215,34),(2861,NULL,'|',NULL,216,34),(2862,NULL,'|',NULL,217,34),(2863,NULL,'|',NULL,218,34),(2864,NULL,'|',NULL,219,34),(2865,NULL,'|',NULL,220,34),(2866,NULL,'|',NULL,221,34),(2867,NULL,'|',NULL,222,34),(2868,NULL,'|',NULL,223,34),(2869,NULL,'|',NULL,224,34),(2870,NULL,'|  ',NULL,225,34),(2871,'','|',NULL,1,31),(2872,'','|',NULL,2,31),(2873,'','|',NULL,3,31),(2874,'','|',NULL,4,31),(2875,'','|',NULL,5,31),(2876,'','|',NULL,6,31),(2877,'','|',NULL,7,31),(2878,'','|',NULL,8,31),(2879,'','|',NULL,9,31),(2880,'','|',NULL,10,31),(2881,'','|',NULL,11,31),(2882,'','|',NULL,12,31),(2883,'','|',NULL,13,31),(2884,'','|',NULL,14,31),(2885,'','|',NULL,15,31),(2886,'','|',NULL,16,31),(2887,'','|',NULL,17,31),(2888,'','|',NULL,18,31),(2889,'','|',NULL,19,31),(2890,'','|',NULL,20,31),(2891,'','|',NULL,21,31),(2892,'','|',NULL,22,31),(2893,'','|',NULL,23,31),(2894,'','|',NULL,24,31),(2895,'','|',NULL,25,31),(2896,'','|',NULL,26,31),(2897,'','|',NULL,27,31),(2898,'','|',NULL,28,31),(2899,'','|',NULL,29,31),(2900,'','|',NULL,30,31),(2901,'','|',NULL,31,31),(2902,'','|',NULL,32,31),(2903,'','|',NULL,33,31),(2904,'','|',NULL,34,31),(2905,'','|',NULL,35,31),(2906,'','|',NULL,36,31),(2907,'','|',NULL,37,31),(2908,'','|',NULL,38,31),(2909,'','|',NULL,39,31),(2910,'','|',NULL,40,31),(2911,'','|',NULL,41,31),(2912,'','|',NULL,42,31),(2913,'','|',NULL,43,31),(2914,'','|',NULL,44,31),(2915,'','|',NULL,45,31),(2916,'','|',NULL,46,31),(2917,'','|',NULL,47,31),(2918,'','|',NULL,48,31),(2919,'','|',NULL,49,31),(2920,'','|',NULL,50,31),(2921,'','|',NULL,51,31),(2922,'','|',NULL,52,31),(2923,'','|',NULL,53,31),(2924,'','|',NULL,54,31),(2925,'','|',NULL,55,31),(2926,'','|',NULL,56,31),(2927,'','|',NULL,57,31),(2928,'','|',NULL,58,31),(2929,'','|',NULL,59,31),(2930,'','|',NULL,60,31),(2931,'','|',NULL,61,31),(2932,'','|',NULL,62,31),(2933,'','|',NULL,63,31),(2934,'','|',NULL,64,31),(2935,'','|',NULL,65,31),(2936,'','|',NULL,66,31),(2937,'','|',NULL,67,31),(2938,'','|',NULL,68,31),(2939,'','|',NULL,69,31),(2940,'','|',NULL,70,31),(2941,'','|',NULL,71,31),(2942,'','|',NULL,72,31),(2943,'','|',NULL,73,31),(2944,'','|',NULL,74,31),(2945,'','|',NULL,75,31),(2946,'','|',NULL,76,31),(2947,'','|',NULL,77,31),(2948,'','|',NULL,78,31),(2949,'','|',NULL,79,31),(2950,'','|',NULL,80,31),(2951,'','|',NULL,81,31),(2952,'','|',NULL,82,31),(2953,'','|',NULL,83,31),(2954,'','|',NULL,84,31),(2955,'','|',NULL,85,31),(2956,'','|',NULL,86,31),(2957,'','|',NULL,87,31),(2958,'','|',NULL,88,31),(2959,':','||',NULL,1,32),(2960,':','||',NULL,2,32),(2961,',:','|AC|',NULL,3,32),(2962,':','||',NULL,4,32),(2963,',:','||',NULL,5,32),(2964,':','||',NULL,6,32),(2965,':','||',NULL,7,32),(2966,':','|AC|',NULL,8,32),(2967,',:','||',NULL,9,32),(2968,',:','|AC|,',NULL,10,32),(2969,':','||',NULL,11,32),(2970,',:','||',NULL,12,32),(2971,':','|AC|',NULL,13,32),(2972,':','||',NULL,14,32),(2973,',:','|AC|',NULL,15,32),(2974,':','|AC|',NULL,16,32),(2975,':','|AC|',NULL,17,32),(2976,',:','||',NULL,18,32),(2977,',:','||',NULL,19,32),(2978,':','|AC|',NULL,20,32),(2979,':','|AC|',NULL,21,32),(2980,',:','||',NULL,22,32),(2981,':','||',NULL,23,32),(2982,',,:',',|AC|',NULL,24,32),(2983,':','|AC|',NULL,25,32),(2984,',:','|AC|',NULL,26,32),(2985,',:','||',NULL,27,32),(2986,':','||',NULL,28,32),(2987,',:','||',NULL,29,32),(2988,',:','||',NULL,30,32),(2989,',,:','||',NULL,31,32),(2990,':','|AC|',NULL,32,32),(2991,':','||',NULL,33,32),(2992,',:','||',NULL,34,32),(2993,',,:','|AC|',NULL,35,32),(2994,',:','|AC|',NULL,36,32),(2995,',:','||',NULL,37,32),(2996,':','|AC|',NULL,38,32),(2997,':','||',NULL,39,32),(2998,':','||',NULL,40,32),(2999,':','|AC|',NULL,41,32),(3000,':','|AC|',NULL,42,32),(3001,',:','||',NULL,43,32),(3002,'(),:','|AC|',NULL,44,32),(3003,',:','|AC|',NULL,45,32),(3004,',:','|AC|',NULL,46,32),(3005,':','||',NULL,47,32),(3006,',,:','||',NULL,48,32),(3007,',:','||',NULL,49,32),(3008,',:','|AC|',NULL,50,32),(3009,':','||',NULL,51,32),(3010,',:','||',NULL,52,32),(3011,',:','  5|  2|  7',NULL,53,32),(3012,'[][][]:','||',NULL,54,32),(3013,',:','||',NULL,55,32),(3014,':','||',NULL,56,32),(3015,',,,:','||',NULL,57,32),(3016,':','()|()|()',NULL,58,32),(3017,':','|AC|',NULL,59,32),(3018,',,:','|AC|',NULL,60,32),(3019,',:','|AC|',NULL,61,32),(3020,':','||',NULL,62,32),(3021,':','|AC|',NULL,63,32),(3022,':','||',NULL,64,32),(3023,':','||',NULL,65,32),(3024,':','|AC|',NULL,66,32),(3025,'[]:','|AC|',NULL,67,32),(3026,',:','||',NULL,68,32),(3027,':','|AC|',NULL,69,32),(3028,',,:','|AC|',NULL,70,32),(3029,':','|AC|',NULL,71,32),(3030,':','|AC|',NULL,72,32),(3031,'[],:','|AC|,',NULL,73,32),(3032,',,:','|AC|',NULL,74,32),(3033,':','|AC|',NULL,75,32),(3034,',:','||',NULL,76,32),(3035,'[][][]:','||',NULL,77,32),(3036,',:','  3/7|  3/9|  3/11',NULL,78,32),(3037,',:','||',NULL,79,32),(3038,',:','||',NULL,80,32),(3039,',:','|AC|',NULL,81,32),(3040,',:','|AC|',NULL,82,32),(3041,',,:','||',NULL,83,32),(3042,',,:','|AC|',NULL,84,32),(3043,',,:','||',NULL,85,32),(3044,':','|AC|',NULL,86,32),(3045,':','||',NULL,87,32),(3046,',:','|AC|',NULL,88,32),(3047,'():','||',NULL,89,32),(3048,'[][]:','||',NULL,90,32),(3049,',:','||',NULL,91,32),(3050,':','||',NULL,92,32),(3051,':','|AC|',NULL,93,32),(3052,',,:','||',NULL,94,32),(3053,':','|AC|',NULL,95,32),(3054,':','|AC|',NULL,96,32),(3055,':','|AC|',NULL,97,32),(3056,',,:','|AC|',NULL,98,32),(3057,',:','|AC|',NULL,99,32),(3058,':','||',NULL,100,32),(3059,':','||',NULL,101,32),(3060,'[]:','||',NULL,102,32),(3061,'[][][]:','||',NULL,103,32),(3062,',:','||',NULL,104,32),(3063,',:',',|AC|',NULL,105,32),(3064,',,:','||',NULL,106,32),(3065,',  [] :','|AC|',NULL,107,32),(3066,':','||',NULL,108,32),(3067,',:','|AC|',NULL,109,32),(3068,',:','|AC|',NULL,110,32),(3069,':','||',NULL,111,32),(3070,',:','||',NULL,112,32),(3071,':','|AC|',NULL,113,32),(3072,',:','|AC|',NULL,114,32),(3073,',,:','||',NULL,115,32),(3074,',:','|AC|',NULL,116,32),(3075,':','||',NULL,117,32),(3076,':','||',NULL,118,32),(3077,',:','||',NULL,119,32),(3078,',:','||',NULL,120,32),(3079,',:','||',NULL,121,32),(3080,',:','|AC|',NULL,122,32),(3081,',:','||',NULL,123,32),(3082,',:','|AC|',NULL,124,32),(3083,',:','|AC|,',NULL,125,32),(3084,',:','||',NULL,126,32),(3085,':','||',NULL,127,32),(3086,',:*OOOO**OOO***','  *O*|  OO*|  O**',NULL,128,32),(3087,',:','|AC|',NULL,129,32),(3088,',:','||',NULL,130,32),(3089,':','|AC|',NULL,131,32),(3090,':','|AC|',NULL,132,32),(3091,':','||',NULL,133,32),(3092,',,:','|AC|',NULL,134,32),(3093,',:','|AC|',NULL,135,32),(3094,':','|AC|',NULL,136,32),(3095,',:','|AC|',NULL,137,32),(3096,'[][]:','||',NULL,138,32),(3097,':','||',NULL,139,32),(3098,',:','||',NULL,140,32),(3099,':','|AC|',NULL,141,32),(3100,':','|AC|',NULL,142,32),(3101,',:','|AC|',NULL,143,32),(3102,',:','||',NULL,144,32),(3103,':','||',NULL,145,32),(3104,':','|AC|',NULL,146,32),(3105,'[,]:','||',NULL,147,32),(3106,',:','|AC|',NULL,148,32),(3107,':','|AC|',NULL,149,32),(3108,',:','|AC|',NULL,150,32),(3109,',:','||',NULL,151,32),(3110,',:','||',NULL,152,32),(3111,'[][][]:','||',NULL,153,32),(3112,':','||',NULL,154,32),(3113,':','|AC|',NULL,155,32),(3114,',:','||',NULL,156,32),(3115,',:','||',NULL,157,32),(3116,',:','||',NULL,158,32),(3117,',:','||',NULL,159,32),(3118,'[][]:','|AC|',NULL,160,32),(3119,':','|AC|',NULL,161,32),(3120,', , , :','|AC|',NULL,162,32),(3121,',:','||',NULL,163,32),(3122,':','|AC|',NULL,164,32),(3123,':','.|AC|',NULL,165,32),(3124,':','|AC|',NULL,166,32),(3125,',:','||',NULL,167,32),(3126,':','|AC|',NULL,168,32),(3127,',:','||',NULL,169,32),(3128,',:','||',NULL,170,32),(3129,':','|AC|',NULL,171,32),(3130,',;:','||',NULL,172,32),(3131,',:','||',NULL,173,32),(3132,':','|AC|',NULL,174,32),(3133,',:','||',NULL,175,32),(3134,':','||',NULL,176,32),(3135,'__,:','||',NULL,177,32),(3136,'__:','||',NULL,178,32),(3137,':','|AC|',NULL,179,32),(3138,':','|AC|',NULL,180,32),(3139,':','|AC|',NULL,181,32),(3140,':','|AC|',NULL,182,32),(3141,':','|AC|',NULL,183,32),(3142,',:','|AC|',NULL,184,32),(3143,':','|AC|',NULL,185,32),(3144,',:','||',NULL,186,32),(3145,':','||',NULL,187,32);
/*!40000 ALTER TABLE `question` ENABLE KEYS */;
UNLOCK TABLES;

--
-- Table structure for table `question_ans`
--

DROP TABLE IF EXISTS `question_ans`;
/*!40101 SET @saved_cs_client     = @@character_set_client */;
/*!40101 SET character_set_client = utf8 */;
CREATE TABLE `question_ans` (
  `paper_id` int(11) NOT NULL COMMENT 'id',
  `examinee_id` int(11) NOT NULL COMMENT 'id',
  `option` text COMMENT '',
  `score` text COMMENT ',',
  `question_number_list` text COMMENT 'number,,id',
  PRIMARY KEY (`paper_id`,`examinee_id`),
  KEY `fk_question_ans_1_idx` (`examinee_id`),
  KEY `fk_question_ans_2_idx` (`paper_id`),
  CONSTRAINT `fk_question_ans_1` FOREIGN KEY (`examinee_id`) REFERENCES `examinee` (`id`) ON DELETE CASCADE ON UPDATE CASCADE,
  CONSTRAINT `fk_question_ans_2` FOREIGN KEY (`paper_id`) REFERENCES `paper` (`id`) ON DELETE CASCADE ON UPDATE CASCADE
) ENGINE=InnoDB DEFAULT CHARSET=utf8;
/*!40101 SET character_set_client = @saved_cs_client */;

--
-- Dumping data for table `question_ans`
--

LOCK TABLES `question_ans` WRITE;
/*!40000 ALTER TABLE `question_ans` DISABLE KEYS */;
INSERT INTO `question_ans` VALUES (31,12,'A|B',NULL,'1|2'),(32,12,'A|B|C|A|B|C|A|B|C|A|B|C|A|B|C|A|B|C',NULL,'1|2|3|4|5|6|7|8|9|10|11|12|13|14|15|16|17|18'),(33,12,'A|B',NULL,'1|2'),(34,12,'A|B',NULL,'1|2'),(35,12,'A|B',NULL,'1|2'),(36,12,'A|B|C|D|A|B|C|D|A|B|C|D|A|B|C|D|A|B|C|D|A',NULL,'10|11|12|13|14|15|16|17|18|19|20|1|2|3|4|5|6|7|8|9|10');
/*!40000 ALTER TABLE `question_ans` ENABLE KEYS */;
UNLOCK TABLES;

--
-- Table structure for table `scldf`
--

DROP TABLE IF EXISTS `scldf`;
/*!40101 SET @saved_cs_client     = @@character_set_client */;
/*!40101 SET character_set_client = utf8 */;
CREATE TABLE `scldf` (
  `TH` varchar(255) DEFAULT NULL,
  `A` varchar(255) DEFAULT NULL,
  `B` varchar(255) DEFAULT NULL,
  `C` varchar(255) DEFAULT NULL,
  `D` varchar(255) DEFAULT NULL,
  `E` varchar(255) DEFAULT NULL
) ENGINE=InnoDB DEFAULT CHARSET=utf8;
/*!40101 SET character_set_client = @saved_cs_client */;

--
-- Dumping data for table `scldf`
--

LOCK TABLES `scldf` WRITE;
/*!40000 ALTER TABLE `scldf` DISABLE KEYS */;
INSERT INTO `scldf` VALUES ('1','1','2','3','4','5'),('2','1','2','3','4','5'),('3','1','2','3','4','5'),('4','1','2','3','4','5'),('5','1','2','3','4','5'),('6','1','2','3','4','5'),('7','1','2','3','4','5'),('8','1','2','3','4','5'),('9','1','2','3','4','5'),('10','1','2','3','4','5'),('11','1','2','3','4','5'),('12','1','2','3','4','5'),('13','1','2','3','4','5'),('14','1','2','3','4','5'),('15','1','2','3','4','5'),('16','1','2','3','4','5'),('17','1','2','3','4','5'),('18','1','2','3','4','5'),('19','1','2','3','4','5'),('20','1','2','3','4','5'),('21','1','2','3','4','5'),('22','1','2','3','4','5'),('23','1','2','3','4','5'),('24','1','2','3','4','5'),('25','1','2','3','4','5'),('26','1','2','3','4','5'),('27','1','2','3','4','5'),('28','1','2','3','4','5'),('29','1','2','3','4','5'),('30','1','2','3','4','5'),('31','1','2','3','4','5'),('32','1','2','3','4','5'),('33','1','2','3','4','5'),('34','1','2','3','4','5'),('35','1','2','3','4','5'),('36','1','2','3','4','5'),('37','1','2','3','4','5'),('38','1','2','3','4','5'),('39','1','2','3','4','5'),('40','1','2','3','4','5'),('41','1','2','3','4','5'),('42','1','2','3','4','5'),('43','1','2','3','4','5'),('44','1','2','3','4','5'),('45','1','2','3','4','5'),('46','1','2','3','4','5'),('47','1','2','3','4','5'),('48','1','2','3','4','5'),('49','1','2','3','4','5'),('50','1','2','3','4','5'),('51','1','2','3','4','5'),('52','1','2','3','4','5'),('53','1','2','3','4','5'),('54','1','2','3','4','5'),('55','1','2','3','4','5'),('56','1','2','3','4','5'),('57','1','2','3','4','5'),('58','1','2','3','4','5'),('59','1','2','3','4','5'),('60','1','2','3','4','5'),('61','1','2','3','4','5'),('62','1','2','3','4','5'),('63','1','2','3','4','5'),('64','1','2','3','4','5'),('65','1','2','3','4','5'),('66','1','2','3','4','5'),('67','1','2','3','4','5'),('68','1','2','3','4','5'),('69','1','2','3','4','5'),('70','1','2','3','4','5'),('71','1','2','3','4','5'),('72','1','2','3','4','5'),('73','1','2','3','4','5'),('74','1','2','3','4','5'),('75','1','2','3','4','5'),('76','1','2','3','4','5'),('77','1','2','3','4','5'),('78','1','2','3','4','5'),('79','1','2','3','4','5'),('80','1','2','3','4','5'),('81','1','2','3','4','5'),('82','1','2','3','4','5'),('83','1','2','3','4','5'),('84','1','2','3','4','5'),('85','1','2','3','4','5'),('86','1','2','3','4','5'),('87','1','2','3','4','5'),('88','1','2','3','4','5'),('89','1','2','3','4','5'),('90','1','2','3','4','5');
/*!40000 ALTER TABLE `scldf` ENABLE KEYS */;
UNLOCK TABLES;

--
-- Table structure for table `spmdf`
--

DROP TABLE IF EXISTS `spmdf`;
/*!40101 SET @saved_cs_client     = @@character_set_client */;
/*!40101 SET character_set_client = utf8 */;
CREATE TABLE `spmdf` (
  `TH` varchar(255) DEFAULT NULL,
  `BZ` varchar(255) DEFAULT NULL,
  `XH` varchar(255) DEFAULT NULL
) ENGINE=InnoDB DEFAULT CHARSET=utf8;
/*!40101 SET character_set_client = @saved_cs_client */;

--
-- Dumping data for table `spmdf`
--

LOCK TABLES `spmdf` WRITE;
/*!40000 ALTER TABLE `spmdf` DISABLE KEYS */;
INSERT INTO `spmdf` VALUES ('A1','4','1'),('A2','5','2'),('A3','1','3'),('A4','2','4'),('A5','6','5'),('A6','3','6'),('A7','6','7'),('A8','2','8'),('A9','1','9'),('A10','3','10'),('A11','4','11'),('A12','5','12'),('B1','2','13'),('B2','6','14'),('B3','1','15'),('B4','2','16'),('B5','1','17'),('B6','3','18'),('B7','5','19'),('B8','6','20'),('B9','4','21'),('B10','3','22'),('B11','4','23'),('B12','5','24'),('C1','8','25'),('C2','2','26'),('C3','3','27'),('C4','8','28'),('C5','7','29'),('C6','4','30'),('C7','5','31'),('C8','1','32'),('C9','7','33'),('C10','6','34'),('C11','1','35'),('C12','2','36'),('D1','3','37'),('D2','4','38'),('D3','3','39'),('D4','7','40'),('D5','8','41'),('D6','6','42'),('D7','5','43'),('D8','4','44'),('D9','1','45'),('D10','2','46'),('D11','5','47'),('D12','6','48'),('E1','7','49'),('E2','6','50'),('E3','8','51'),('E4','2','52'),('E5','1','53'),('E6','5','54'),('E7','1','55'),('E8','6','56'),('E9','3','57'),('E10','2','58'),('E11','4','59'),('E12','5','60');
/*!40000 ALTER TABLE `spmdf` ENABLE KEYS */;
UNLOCK TABLES;
/*!40103 SET TIME_ZONE=@OLD_TIME_ZONE */;

/*!40101 SET SQL_MODE=@OLD_SQL_MODE */;
/*!40014 SET FOREIGN_KEY_CHECKS=@OLD_FOREIGN_KEY_CHECKS */;
/*!40014 SET UNIQUE_CHECKS=@OLD_UNIQUE_CHECKS */;
/*!40101 SET CHARACTER_SET_CLIENT=@OLD_CHARACTER_SET_CLIENT */;
/*!40101 SET CHARACTER_SET_RESULTS=@OLD_CHARACTER_SET_RESULTS */;
/*!40101 SET COLLATION_CONNECTION=@OLD_COLLATION_CONNECTION */;
/*!40111 SET SQL_NOTES=@OLD_SQL_NOTES */;

-- Dump completed on 2015-08-15 15:25:11
