-- phpMyAdmin SQL Dump
-- version 4.1.14
-- http://www.phpmyadmin.net
--
-- Host: 127.0.0.1
-- Generation Time: Aug 23, 2015 at 11:39 AM
-- Server version: 5.6.17
-- PHP Version: 5.5.12

SET SQL_MODE = "NO_AUTO_VALUE_ON_ZERO";
SET time_zone = "+00:00";


/*!40101 SET @OLD_CHARACTER_SET_CLIENT=@@CHARACTER_SET_CLIENT */;
/*!40101 SET @OLD_CHARACTER_SET_RESULTS=@@CHARACTER_SET_RESULTS */;
/*!40101 SET @OLD_COLLATION_CONNECTION=@@COLLATION_CONNECTION */;
/*!40101 SET NAMES utf8 */;

--
-- Database: `questionnaire`
--

-- --------------------------------------------------------

--
-- Table structure for table `cpidf`
--

CREATE TABLE IF NOT EXISTS `cpidf` (
  `TH` int(11) NOT NULL,
  `XZ` tinyint(4) NOT NULL,
  `DO` tinyint(4) DEFAULT NULL,
  `CS` tinyint(4) DEFAULT NULL,
  `SY` tinyint(4) DEFAULT NULL,
  `SP` tinyint(4) DEFAULT NULL,
  `SA` tinyint(4) DEFAULT NULL,
  `WB` tinyint(4) DEFAULT NULL,
  `RE` tinyint(4) DEFAULT NULL,
  `SO` tinyint(4) DEFAULT NULL,
  `SC` tinyint(4) DEFAULT NULL,
  `PO` tinyint(4) DEFAULT NULL,
  `GI` tinyint(4) DEFAULT NULL,
  `CM` tinyint(4) DEFAULT NULL,
  `AC` tinyint(4) DEFAULT NULL,
  `AI` tinyint(4) DEFAULT NULL,
  `IE` tinyint(4) DEFAULT NULL,
  `PY` tinyint(4) DEFAULT NULL,
  `FX` tinyint(4) DEFAULT NULL,
  `FE` tinyint(4) DEFAULT NULL,
  PRIMARY KEY (`TH`,`XZ`)
) ENGINE=InnoDB DEFAULT CHARSET=utf8;

--
-- Dumping data for table `cpidf`
--

INSERT INTO `cpidf` (`TH`, `XZ`, `DO`, `CS`, `SY`, `SP`, `SA`, `WB`, `RE`, `SO`, `SC`, `PO`, `GI`, `CM`, `AC`, `AI`, `IE`, `PY`, `FX`, `FE`) VALUES
(1, 1, 0, NULL, 1, NULL, NULL, NULL, NULL, NULL, NULL, NULL, NULL, NULL, NULL, NULL, NULL, NULL, NULL, NULL),
(1, 2, 0, NULL, NULL, NULL, NULL, NULL, NULL, NULL, NULL, NULL, NULL, NULL, NULL, NULL, NULL, NULL, NULL, NULL),
(2, 1, 0, NULL, NULL, NULL, NULL, NULL, NULL, NULL, NULL, NULL, NULL, NULL, NULL, NULL, NULL, NULL, NULL, NULL),
(2, 2, 0, NULL, NULL, NULL, NULL, NULL, NULL, NULL, NULL, NULL, NULL, NULL, NULL, NULL, NULL, NULL, NULL, NULL),
(3, 1, 0, NULL, NULL, 1, NULL, NULL, NULL, NULL, NULL, NULL, NULL, NULL, NULL, NULL, NULL, NULL, NULL, NULL),
(3, 2, 0, NULL, NULL, NULL, NULL, NULL, NULL, NULL, 1, NULL, NULL, NULL, NULL, NULL, NULL, NULL, NULL, NULL),
(4, 1, 0, NULL, NULL, NULL, NULL, NULL, NULL, NULL, NULL, NULL, NULL, NULL, NULL, NULL, NULL, NULL, NULL, NULL),
(4, 2, 0, NULL, NULL, NULL, 1, NULL, NULL, NULL, NULL, NULL, NULL, NULL, NULL, 1, NULL, NULL, NULL, NULL),
(5, 1, 0, NULL, NULL, NULL, NULL, NULL, NULL, NULL, NULL, NULL, NULL, NULL, NULL, NULL, NULL, NULL, NULL, NULL),
(5, 2, 0, NULL, NULL, NULL, NULL, NULL, NULL, NULL, NULL, NULL, NULL, NULL, NULL, NULL, NULL, 1, NULL, NULL),
(6, 1, 0, NULL, NULL, NULL, NULL, NULL, NULL, NULL, NULL, NULL, 1, NULL, NULL, NULL, NULL, NULL, NULL, NULL),
(6, 2, 0, NULL, NULL, NULL, NULL, NULL, NULL, NULL, NULL, NULL, NULL, NULL, NULL, NULL, NULL, NULL, NULL, NULL),
(7, 1, 0, NULL, NULL, NULL, NULL, NULL, NULL, NULL, NULL, NULL, NULL, NULL, NULL, NULL, NULL, NULL, NULL, NULL),
(7, 2, 0, NULL, NULL, NULL, NULL, 1, NULL, NULL, NULL, 1, NULL, NULL, NULL, NULL, NULL, NULL, NULL, NULL),
(8, 1, 0, 1, NULL, NULL, NULL, NULL, NULL, NULL, NULL, NULL, NULL, NULL, NULL, NULL, NULL, NULL, NULL, NULL),
(8, 2, 0, NULL, NULL, NULL, NULL, NULL, NULL, NULL, NULL, NULL, NULL, NULL, NULL, NULL, NULL, NULL, NULL, NULL),
(9, 1, 0, NULL, NULL, NULL, NULL, NULL, NULL, NULL, NULL, NULL, NULL, NULL, NULL, NULL, NULL, NULL, NULL, NULL),
(9, 2, 0, NULL, NULL, NULL, NULL, NULL, NULL, NULL, NULL, NULL, NULL, NULL, NULL, NULL, NULL, NULL, NULL, 1),
(10, 1, 0, NULL, NULL, NULL, NULL, NULL, NULL, NULL, NULL, NULL, NULL, NULL, NULL, NULL, NULL, NULL, NULL, NULL),
(10, 2, 0, NULL, NULL, NULL, NULL, NULL, NULL, NULL, NULL, NULL, NULL, NULL, NULL, NULL, NULL, NULL, NULL, NULL),
(11, 1, 0, NULL, NULL, NULL, NULL, NULL, NULL, NULL, NULL, NULL, NULL, NULL, NULL, NULL, NULL, NULL, NULL, NULL),
(11, 2, 0, NULL, NULL, 1, NULL, NULL, NULL, NULL, NULL, NULL, NULL, NULL, NULL, NULL, NULL, NULL, NULL, NULL),
(12, 1, 0, NULL, NULL, NULL, NULL, NULL, NULL, NULL, NULL, NULL, NULL, NULL, NULL, NULL, NULL, NULL, NULL, NULL),
(12, 2, 0, NULL, NULL, NULL, NULL, NULL, NULL, NULL, NULL, 1, NULL, NULL, NULL, NULL, NULL, NULL, NULL, NULL),
(13, 1, 0, NULL, NULL, NULL, NULL, NULL, NULL, NULL, NULL, NULL, NULL, NULL, NULL, NULL, NULL, NULL, NULL, 1),
(13, 2, 0, NULL, NULL, NULL, NULL, NULL, NULL, NULL, NULL, NULL, NULL, NULL, NULL, NULL, NULL, NULL, NULL, NULL),
(14, 1, 0, NULL, NULL, NULL, NULL, NULL, NULL, NULL, NULL, NULL, NULL, NULL, NULL, NULL, NULL, NULL, NULL, NULL),
(14, 2, 0, NULL, NULL, NULL, NULL, NULL, NULL, NULL, 1, NULL, NULL, NULL, 1, NULL, NULL, NULL, NULL, NULL),
(15, 1, 0, NULL, NULL, NULL, NULL, NULL, NULL, NULL, NULL, NULL, NULL, NULL, NULL, NULL, NULL, NULL, NULL, NULL),
(15, 2, 0, NULL, NULL, NULL, NULL, NULL, NULL, NULL, NULL, NULL, 1, NULL, NULL, NULL, NULL, NULL, NULL, NULL),
(16, 1, 0, NULL, NULL, NULL, NULL, NULL, NULL, NULL, NULL, NULL, NULL, NULL, NULL, NULL, NULL, NULL, NULL, NULL),
(16, 2, 0, NULL, NULL, NULL, 1, NULL, NULL, NULL, NULL, NULL, NULL, NULL, NULL, NULL, NULL, NULL, NULL, NULL),
(17, 1, 0, NULL, NULL, NULL, NULL, NULL, NULL, NULL, NULL, NULL, NULL, NULL, NULL, NULL, NULL, NULL, NULL, NULL),
(17, 2, 0, NULL, NULL, NULL, 1, NULL, NULL, NULL, NULL, NULL, NULL, NULL, NULL, NULL, NULL, NULL, NULL, NULL),
(18, 1, 0, NULL, NULL, NULL, NULL, NULL, NULL, NULL, NULL, NULL, NULL, NULL, NULL, NULL, NULL, NULL, NULL, NULL),
(18, 2, 0, 1, NULL, NULL, NULL, NULL, NULL, NULL, NULL, NULL, NULL, NULL, NULL, NULL, NULL, NULL, NULL, NULL),
(19, 1, 0, NULL, NULL, NULL, NULL, NULL, NULL, NULL, NULL, NULL, NULL, NULL, NULL, NULL, NULL, NULL, NULL, NULL),
(19, 2, 0, NULL, NULL, NULL, NULL, NULL, NULL, NULL, NULL, NULL, NULL, NULL, NULL, 1, NULL, NULL, NULL, NULL),
(20, 1, 0, NULL, NULL, NULL, NULL, NULL, NULL, NULL, NULL, NULL, NULL, NULL, NULL, NULL, NULL, NULL, NULL, NULL),
(20, 2, 0, NULL, NULL, NULL, NULL, NULL, NULL, NULL, 1, NULL, 1, NULL, NULL, NULL, NULL, NULL, NULL, NULL),
(21, 1, 0, NULL, NULL, NULL, NULL, NULL, NULL, NULL, NULL, NULL, NULL, NULL, NULL, NULL, NULL, NULL, NULL, NULL),
(21, 2, 0, NULL, NULL, NULL, NULL, NULL, 1, NULL, NULL, NULL, NULL, NULL, NULL, NULL, NULL, NULL, NULL, NULL),
(22, 1, 0, NULL, NULL, NULL, NULL, NULL, NULL, NULL, NULL, NULL, NULL, NULL, NULL, NULL, NULL, NULL, NULL, NULL),
(22, 2, 0, NULL, NULL, NULL, NULL, NULL, NULL, NULL, 1, NULL, 1, NULL, NULL, NULL, NULL, NULL, NULL, NULL),
(23, 1, 0, NULL, NULL, NULL, NULL, NULL, NULL, NULL, NULL, NULL, NULL, NULL, NULL, NULL, NULL, NULL, NULL, NULL),
(23, 2, 0, 1, NULL, 1, NULL, NULL, NULL, NULL, NULL, NULL, NULL, NULL, NULL, NULL, NULL, NULL, NULL, NULL),
(24, 1, 0, NULL, NULL, NULL, NULL, NULL, NULL, NULL, NULL, NULL, NULL, NULL, NULL, NULL, NULL, NULL, NULL, NULL),
(24, 2, 0, NULL, NULL, NULL, NULL, NULL, 1, NULL, NULL, NULL, NULL, NULL, 1, NULL, NULL, NULL, NULL, NULL),
(25, 1, 0, NULL, 1, 1, NULL, NULL, NULL, NULL, NULL, NULL, NULL, NULL, NULL, NULL, 1, NULL, NULL, NULL),
(25, 2, 0, NULL, NULL, NULL, NULL, NULL, NULL, NULL, NULL, NULL, NULL, NULL, NULL, NULL, NULL, NULL, NULL, NULL),
(26, 1, 1, NULL, NULL, NULL, NULL, NULL, NULL, NULL, NULL, NULL, NULL, NULL, NULL, NULL, NULL, NULL, NULL, NULL),
(26, 2, 0, NULL, NULL, NULL, NULL, NULL, NULL, NULL, 1, NULL, NULL, NULL, NULL, NULL, NULL, NULL, NULL, NULL),
(27, 1, 0, NULL, NULL, NULL, NULL, NULL, NULL, NULL, NULL, NULL, NULL, NULL, NULL, NULL, NULL, NULL, NULL, NULL),
(27, 2, 1, NULL, NULL, NULL, NULL, NULL, NULL, NULL, NULL, NULL, NULL, NULL, NULL, NULL, NULL, 1, NULL, NULL),
(28, 1, 0, NULL, NULL, NULL, NULL, NULL, NULL, NULL, NULL, NULL, NULL, NULL, NULL, NULL, NULL, NULL, NULL, 1),
(28, 2, 0, NULL, NULL, 1, NULL, NULL, NULL, NULL, NULL, NULL, NULL, NULL, NULL, NULL, NULL, NULL, NULL, NULL),
(29, 1, 0, NULL, NULL, NULL, NULL, NULL, NULL, NULL, NULL, NULL, NULL, NULL, NULL, NULL, NULL, NULL, NULL, NULL),
(29, 2, 0, NULL, NULL, NULL, NULL, NULL, NULL, NULL, NULL, NULL, NULL, NULL, NULL, 1, NULL, NULL, NULL, NULL),
(30, 1, 0, NULL, NULL, NULL, NULL, NULL, 1, NULL, NULL, NULL, NULL, NULL, NULL, NULL, NULL, NULL, NULL, NULL),
(30, 2, 0, NULL, NULL, NULL, NULL, NULL, NULL, NULL, NULL, NULL, NULL, NULL, NULL, NULL, NULL, NULL, NULL, NULL),
(31, 1, 0, NULL, NULL, NULL, NULL, NULL, NULL, NULL, NULL, NULL, NULL, NULL, NULL, NULL, NULL, NULL, NULL, 1),
(31, 2, 0, NULL, NULL, NULL, NULL, NULL, NULL, NULL, NULL, NULL, NULL, NULL, NULL, NULL, NULL, NULL, NULL, NULL),
(32, 1, 0, NULL, NULL, NULL, NULL, NULL, NULL, NULL, NULL, NULL, NULL, NULL, NULL, NULL, NULL, NULL, NULL, NULL),
(32, 2, 0, NULL, NULL, NULL, NULL, NULL, NULL, NULL, NULL, NULL, 1, NULL, NULL, NULL, NULL, NULL, NULL, NULL),
(33, 1, 0, NULL, NULL, NULL, NULL, NULL, NULL, NULL, NULL, NULL, NULL, NULL, NULL, NULL, NULL, NULL, NULL, NULL),
(33, 2, 0, NULL, NULL, NULL, NULL, NULL, NULL, NULL, NULL, 1, NULL, NULL, NULL, NULL, NULL, NULL, NULL, NULL),
(34, 1, 0, NULL, NULL, NULL, NULL, NULL, NULL, NULL, NULL, NULL, NULL, NULL, NULL, NULL, NULL, NULL, NULL, NULL),
(34, 2, 0, NULL, NULL, 1, NULL, NULL, NULL, NULL, NULL, NULL, NULL, NULL, NULL, NULL, NULL, NULL, NULL, NULL),
(35, 1, 0, NULL, NULL, NULL, NULL, NULL, NULL, NULL, NULL, NULL, NULL, NULL, NULL, NULL, NULL, NULL, NULL, NULL),
(35, 2, 0, NULL, NULL, NULL, NULL, 1, NULL, NULL, NULL, NULL, 1, NULL, NULL, NULL, NULL, NULL, NULL, NULL),
(36, 1, 0, 1, NULL, NULL, NULL, NULL, NULL, NULL, NULL, NULL, NULL, NULL, NULL, NULL, NULL, NULL, NULL, NULL),
(36, 2, 0, NULL, NULL, NULL, NULL, NULL, NULL, NULL, NULL, NULL, NULL, NULL, NULL, NULL, NULL, NULL, NULL, NULL),
(37, 1, 0, NULL, NULL, NULL, NULL, NULL, NULL, NULL, NULL, NULL, NULL, NULL, NULL, NULL, NULL, NULL, NULL, NULL),
(37, 2, 0, NULL, NULL, NULL, NULL, NULL, 1, NULL, NULL, NULL, NULL, NULL, NULL, NULL, NULL, NULL, NULL, NULL),
(38, 1, 0, NULL, NULL, NULL, NULL, NULL, NULL, NULL, NULL, NULL, NULL, NULL, NULL, NULL, NULL, NULL, NULL, NULL),
(38, 2, 0, NULL, 1, 1, NULL, NULL, NULL, NULL, NULL, NULL, NULL, NULL, NULL, NULL, NULL, NULL, NULL, NULL),
(39, 1, 0, NULL, NULL, NULL, NULL, NULL, NULL, NULL, NULL, NULL, NULL, NULL, NULL, NULL, NULL, NULL, NULL, NULL),
(39, 2, 0, NULL, NULL, NULL, NULL, NULL, 1, NULL, NULL, NULL, NULL, NULL, NULL, NULL, NULL, NULL, NULL, NULL),
(40, 1, 0, NULL, NULL, NULL, NULL, NULL, NULL, NULL, NULL, NULL, NULL, NULL, NULL, NULL, NULL, NULL, NULL, NULL),
(40, 2, 0, NULL, NULL, 1, NULL, NULL, NULL, NULL, NULL, NULL, NULL, NULL, NULL, NULL, 1, NULL, NULL, NULL),
(41, 1, 0, NULL, NULL, NULL, NULL, NULL, NULL, NULL, NULL, NULL, NULL, NULL, NULL, NULL, NULL, NULL, NULL, NULL),
(41, 2, 0, NULL, NULL, NULL, NULL, NULL, 1, NULL, NULL, NULL, NULL, NULL, NULL, NULL, NULL, NULL, NULL, NULL),
(42, 1, 0, NULL, NULL, NULL, NULL, NULL, NULL, NULL, NULL, NULL, NULL, NULL, NULL, NULL, NULL, NULL, NULL, NULL),
(42, 2, 0, NULL, NULL, NULL, NULL, NULL, NULL, NULL, 1, NULL, 1, NULL, NULL, NULL, NULL, NULL, NULL, 1),
(43, 1, 0, NULL, NULL, NULL, NULL, NULL, NULL, NULL, NULL, NULL, NULL, NULL, NULL, NULL, NULL, NULL, NULL, NULL),
(43, 2, 0, 1, NULL, NULL, NULL, NULL, NULL, NULL, NULL, NULL, NULL, NULL, NULL, NULL, NULL, NULL, NULL, NULL),
(44, 1, 0, NULL, NULL, NULL, NULL, NULL, NULL, NULL, NULL, NULL, NULL, NULL, NULL, NULL, NULL, NULL, NULL, NULL),
(44, 2, 0, NULL, NULL, NULL, NULL, NULL, NULL, NULL, NULL, NULL, 1, NULL, NULL, NULL, NULL, NULL, NULL, NULL),
(45, 1, 0, NULL, NULL, NULL, NULL, NULL, NULL, NULL, NULL, NULL, NULL, NULL, NULL, NULL, NULL, NULL, NULL, NULL),
(45, 2, 0, NULL, NULL, NULL, NULL, NULL, NULL, NULL, NULL, NULL, NULL, NULL, NULL, NULL, NULL, NULL, NULL, 1),
(46, 1, 0, NULL, NULL, NULL, NULL, NULL, NULL, NULL, NULL, NULL, NULL, NULL, NULL, NULL, NULL, NULL, NULL, NULL),
(46, 2, 0, NULL, 1, 1, NULL, NULL, NULL, NULL, NULL, NULL, NULL, NULL, NULL, NULL, NULL, NULL, NULL, NULL),
(47, 1, 0, NULL, NULL, NULL, NULL, NULL, NULL, NULL, NULL, NULL, NULL, NULL, NULL, NULL, NULL, NULL, NULL, NULL),
(47, 2, 0, NULL, NULL, NULL, NULL, NULL, NULL, NULL, NULL, NULL, NULL, NULL, NULL, NULL, NULL, 1, NULL, NULL),
(48, 1, 0, NULL, NULL, NULL, NULL, NULL, NULL, NULL, NULL, NULL, NULL, NULL, NULL, NULL, NULL, NULL, NULL, NULL),
(48, 2, 0, NULL, NULL, NULL, NULL, 1, NULL, NULL, NULL, 1, NULL, NULL, NULL, NULL, NULL, NULL, NULL, NULL),
(49, 1, 0, NULL, NULL, NULL, NULL, NULL, NULL, NULL, NULL, NULL, NULL, NULL, NULL, NULL, NULL, NULL, NULL, NULL),
(49, 2, 0, NULL, NULL, NULL, NULL, NULL, NULL, NULL, NULL, NULL, 1, NULL, NULL, NULL, NULL, NULL, NULL, NULL),
(50, 1, 0, NULL, NULL, NULL, NULL, NULL, NULL, NULL, NULL, NULL, NULL, NULL, NULL, NULL, NULL, NULL, NULL, NULL),
(50, 2, 0, 1, NULL, NULL, NULL, NULL, NULL, NULL, NULL, 1, NULL, NULL, NULL, NULL, NULL, NULL, NULL, NULL),
(51, 1, 0, NULL, NULL, NULL, NULL, NULL, NULL, NULL, NULL, NULL, NULL, NULL, NULL, NULL, NULL, NULL, NULL, NULL),
(51, 2, 0, NULL, NULL, NULL, NULL, NULL, NULL, NULL, NULL, NULL, NULL, NULL, NULL, NULL, NULL, 1, NULL, NULL),
(52, 1, 0, NULL, NULL, NULL, NULL, NULL, NULL, NULL, NULL, NULL, NULL, NULL, NULL, NULL, NULL, NULL, NULL, NULL),
(52, 2, 0, NULL, NULL, NULL, NULL, NULL, NULL, NULL, NULL, NULL, 1, NULL, NULL, NULL, NULL, NULL, NULL, NULL),
(53, 1, 0, NULL, 1, 1, NULL, NULL, NULL, NULL, NULL, NULL, NULL, NULL, NULL, NULL, NULL, NULL, NULL, NULL),
(53, 2, 0, NULL, NULL, NULL, NULL, NULL, NULL, NULL, 1, NULL, NULL, NULL, NULL, NULL, NULL, NULL, NULL, NULL),
(54, 1, 0, NULL, 1, NULL, NULL, NULL, NULL, NULL, NULL, NULL, NULL, NULL, NULL, NULL, NULL, NULL, NULL, NULL),
(54, 2, 0, NULL, NULL, NULL, NULL, NULL, NULL, NULL, NULL, NULL, NULL, NULL, NULL, NULL, NULL, NULL, NULL, NULL),
(55, 1, 0, NULL, NULL, NULL, NULL, NULL, NULL, NULL, NULL, NULL, NULL, NULL, NULL, NULL, NULL, NULL, NULL, NULL),
(55, 2, 0, NULL, NULL, NULL, NULL, NULL, NULL, NULL, NULL, NULL, 1, NULL, NULL, NULL, NULL, NULL, NULL, NULL),
(56, 1, 0, NULL, NULL, NULL, NULL, NULL, NULL, NULL, NULL, NULL, NULL, NULL, NULL, NULL, NULL, NULL, NULL, 1),
(56, 2, 0, NULL, NULL, NULL, NULL, NULL, NULL, NULL, NULL, NULL, NULL, NULL, NULL, NULL, NULL, NULL, NULL, NULL),
(57, 1, 0, NULL, NULL, NULL, NULL, NULL, NULL, NULL, NULL, NULL, NULL, NULL, NULL, NULL, NULL, NULL, NULL, NULL),
(57, 2, 1, NULL, 1, NULL, 1, NULL, NULL, NULL, NULL, NULL, NULL, NULL, NULL, NULL, 1, NULL, NULL, NULL),
(58, 1, 0, NULL, NULL, NULL, NULL, NULL, NULL, NULL, NULL, NULL, NULL, NULL, NULL, NULL, NULL, NULL, NULL, NULL),
(58, 2, 0, NULL, NULL, NULL, NULL, NULL, 1, NULL, NULL, NULL, NULL, NULL, NULL, NULL, NULL, NULL, NULL, NULL),
(59, 1, 0, NULL, NULL, NULL, NULL, NULL, NULL, NULL, NULL, NULL, NULL, NULL, NULL, NULL, NULL, NULL, NULL, NULL),
(59, 2, 0, NULL, NULL, NULL, NULL, NULL, NULL, NULL, 1, NULL, NULL, NULL, NULL, NULL, NULL, NULL, NULL, NULL),
(60, 1, 0, NULL, NULL, NULL, NULL, NULL, NULL, NULL, NULL, NULL, NULL, NULL, NULL, NULL, NULL, NULL, NULL, NULL),
(60, 2, 0, NULL, NULL, NULL, NULL, NULL, NULL, NULL, NULL, NULL, NULL, NULL, NULL, 1, NULL, NULL, NULL, NULL),
(61, 1, 0, NULL, NULL, NULL, NULL, NULL, NULL, NULL, NULL, NULL, NULL, NULL, NULL, NULL, NULL, NULL, NULL, NULL),
(61, 2, 0, NULL, NULL, NULL, NULL, NULL, NULL, NULL, NULL, NULL, NULL, NULL, 1, NULL, NULL, NULL, NULL, NULL),
(62, 1, 0, NULL, NULL, NULL, NULL, NULL, NULL, NULL, NULL, NULL, NULL, NULL, NULL, NULL, NULL, NULL, NULL, NULL),
(62, 2, 0, NULL, NULL, NULL, NULL, NULL, NULL, NULL, NULL, NULL, NULL, NULL, NULL, 1, NULL, NULL, NULL, NULL),
(63, 1, 0, NULL, NULL, NULL, NULL, NULL, NULL, NULL, NULL, NULL, NULL, NULL, NULL, NULL, NULL, NULL, NULL, NULL),
(63, 2, 0, NULL, NULL, NULL, NULL, NULL, NULL, NULL, NULL, NULL, NULL, NULL, NULL, NULL, NULL, NULL, NULL, NULL),
(64, 1, 0, NULL, NULL, NULL, NULL, NULL, NULL, NULL, NULL, NULL, NULL, NULL, NULL, NULL, NULL, NULL, NULL, NULL),
(64, 2, 0, NULL, 1, NULL, NULL, NULL, NULL, NULL, NULL, NULL, NULL, NULL, NULL, NULL, NULL, NULL, NULL, NULL),
(65, 1, 0, NULL, NULL, NULL, NULL, NULL, NULL, NULL, NULL, NULL, NULL, NULL, NULL, NULL, NULL, NULL, NULL, NULL),
(65, 2, 0, NULL, NULL, NULL, NULL, NULL, 1, NULL, NULL, NULL, NULL, NULL, NULL, NULL, NULL, NULL, NULL, 1),
(66, 1, 0, NULL, NULL, NULL, NULL, NULL, NULL, NULL, NULL, NULL, NULL, NULL, NULL, NULL, NULL, NULL, NULL, NULL),
(66, 2, 0, NULL, NULL, NULL, NULL, NULL, NULL, NULL, NULL, NULL, NULL, NULL, NULL, 1, NULL, NULL, NULL, NULL),
(67, 1, 0, NULL, NULL, NULL, NULL, NULL, NULL, NULL, NULL, NULL, NULL, NULL, NULL, NULL, NULL, NULL, NULL, NULL),
(67, 2, 0, NULL, NULL, NULL, NULL, NULL, NULL, NULL, NULL, NULL, NULL, NULL, NULL, NULL, NULL, 1, NULL, NULL),
(68, 1, 0, NULL, NULL, NULL, NULL, NULL, NULL, NULL, NULL, NULL, NULL, NULL, NULL, NULL, NULL, NULL, NULL, NULL),
(68, 2, 0, NULL, NULL, NULL, NULL, NULL, NULL, NULL, 1, NULL, NULL, NULL, NULL, NULL, NULL, NULL, NULL, NULL),
(69, 1, 0, NULL, NULL, NULL, NULL, NULL, NULL, NULL, NULL, NULL, NULL, NULL, NULL, NULL, NULL, NULL, NULL, NULL),
(69, 2, 0, NULL, NULL, NULL, NULL, NULL, 1, NULL, NULL, NULL, NULL, NULL, NULL, NULL, NULL, NULL, NULL, NULL),
(70, 1, 0, NULL, NULL, NULL, NULL, NULL, NULL, NULL, NULL, NULL, NULL, NULL, NULL, NULL, NULL, NULL, NULL, NULL),
(70, 2, 0, NULL, NULL, NULL, NULL, NULL, NULL, NULL, NULL, NULL, NULL, NULL, NULL, 1, NULL, NULL, NULL, NULL),
(71, 1, 0, NULL, NULL, NULL, NULL, NULL, NULL, 1, NULL, NULL, NULL, NULL, NULL, NULL, NULL, NULL, NULL, 1),
(71, 2, 0, NULL, NULL, NULL, NULL, NULL, NULL, NULL, NULL, NULL, NULL, NULL, NULL, NULL, NULL, NULL, NULL, NULL),
(72, 1, 0, NULL, NULL, NULL, NULL, NULL, NULL, NULL, NULL, NULL, NULL, NULL, NULL, NULL, NULL, NULL, NULL, NULL),
(72, 2, 0, NULL, 1, NULL, NULL, NULL, NULL, NULL, NULL, NULL, NULL, NULL, 1, NULL, NULL, 1, NULL, NULL),
(73, 1, 0, NULL, NULL, NULL, NULL, NULL, NULL, NULL, NULL, NULL, NULL, NULL, NULL, NULL, NULL, NULL, NULL, NULL),
(73, 2, 0, NULL, NULL, NULL, NULL, NULL, NULL, NULL, NULL, NULL, 1, NULL, NULL, NULL, NULL, NULL, NULL, NULL),
(74, 1, 0, NULL, NULL, NULL, NULL, NULL, NULL, NULL, NULL, NULL, NULL, NULL, NULL, NULL, NULL, NULL, NULL, NULL),
(74, 2, 0, NULL, NULL, NULL, NULL, NULL, NULL, NULL, 1, 1, NULL, NULL, NULL, NULL, NULL, NULL, NULL, NULL),
(75, 1, 0, NULL, NULL, NULL, NULL, NULL, NULL, NULL, NULL, NULL, NULL, NULL, NULL, NULL, NULL, NULL, NULL, NULL),
(75, 2, 0, NULL, NULL, NULL, NULL, NULL, NULL, NULL, NULL, NULL, 1, NULL, NULL, NULL, NULL, NULL, NULL, NULL),
(76, 1, 0, NULL, NULL, NULL, NULL, NULL, NULL, NULL, NULL, NULL, NULL, NULL, NULL, NULL, NULL, NULL, NULL, NULL),
(76, 2, 0, NULL, NULL, NULL, NULL, NULL, NULL, NULL, NULL, NULL, NULL, NULL, 1, NULL, NULL, NULL, NULL, NULL),
(77, 1, 0, NULL, NULL, NULL, NULL, NULL, NULL, NULL, NULL, NULL, NULL, NULL, NULL, NULL, NULL, NULL, NULL, NULL),
(77, 2, 0, NULL, NULL, NULL, NULL, NULL, NULL, NULL, NULL, 1, NULL, NULL, NULL, NULL, NULL, NULL, NULL, NULL),
(78, 1, 0, NULL, NULL, NULL, NULL, NULL, NULL, NULL, NULL, NULL, NULL, NULL, NULL, NULL, NULL, NULL, NULL, NULL),
(78, 2, 0, NULL, NULL, NULL, NULL, NULL, NULL, NULL, NULL, NULL, 1, NULL, NULL, NULL, NULL, NULL, NULL, NULL),
(79, 1, 0, 1, NULL, NULL, NULL, NULL, NULL, NULL, NULL, NULL, NULL, NULL, NULL, NULL, NULL, NULL, NULL, NULL),
(79, 2, 0, NULL, NULL, NULL, NULL, NULL, NULL, NULL, NULL, NULL, NULL, NULL, NULL, NULL, NULL, NULL, NULL, NULL),
(80, 1, 0, NULL, NULL, NULL, NULL, NULL, NULL, NULL, NULL, NULL, NULL, NULL, NULL, NULL, NULL, NULL, NULL, NULL),
(80, 2, 0, NULL, NULL, NULL, NULL, NULL, NULL, NULL, NULL, NULL, NULL, NULL, 1, NULL, NULL, NULL, NULL, NULL),
(81, 1, 0, NULL, 1, NULL, NULL, NULL, NULL, NULL, NULL, NULL, NULL, NULL, NULL, NULL, NULL, NULL, NULL, NULL),
(81, 2, 0, NULL, NULL, NULL, NULL, NULL, NULL, NULL, NULL, NULL, NULL, NULL, NULL, NULL, NULL, NULL, NULL, NULL),
(82, 1, 0, NULL, NULL, NULL, NULL, NULL, NULL, NULL, NULL, NULL, NULL, NULL, NULL, NULL, NULL, NULL, NULL, NULL),
(82, 2, 0, NULL, NULL, NULL, NULL, NULL, 1, 1, NULL, NULL, NULL, NULL, NULL, NULL, NULL, NULL, NULL, NULL),
(83, 1, 1, 1, 1, NULL, NULL, NULL, NULL, NULL, NULL, NULL, NULL, NULL, NULL, NULL, 1, NULL, NULL, NULL),
(83, 2, 0, NULL, NULL, NULL, NULL, NULL, NULL, NULL, NULL, NULL, NULL, NULL, NULL, NULL, NULL, NULL, NULL, NULL),
(84, 1, 0, NULL, NULL, NULL, NULL, NULL, NULL, 1, NULL, NULL, NULL, NULL, NULL, NULL, NULL, NULL, NULL, NULL),
(84, 2, 0, NULL, NULL, NULL, NULL, NULL, NULL, NULL, NULL, NULL, NULL, NULL, NULL, NULL, NULL, NULL, NULL, NULL),
(85, 1, 0, NULL, NULL, NULL, NULL, NULL, NULL, NULL, NULL, NULL, NULL, NULL, NULL, NULL, NULL, NULL, NULL, NULL),
(85, 2, 0, NULL, NULL, NULL, NULL, NULL, NULL, NULL, 1, NULL, 1, NULL, NULL, NULL, NULL, NULL, NULL, NULL),
(86, 1, 0, NULL, NULL, NULL, NULL, NULL, NULL, NULL, NULL, NULL, NULL, NULL, NULL, NULL, NULL, NULL, NULL, NULL),
(86, 2, 0, NULL, NULL, NULL, NULL, NULL, NULL, NULL, 1, NULL, NULL, NULL, 1, NULL, NULL, NULL, NULL, NULL),
(87, 1, 0, NULL, NULL, NULL, NULL, NULL, NULL, NULL, NULL, NULL, NULL, NULL, NULL, NULL, NULL, NULL, NULL, NULL),
(87, 2, 0, NULL, NULL, NULL, NULL, NULL, NULL, NULL, NULL, NULL, NULL, NULL, 1, NULL, NULL, NULL, NULL, NULL),
(88, 1, 0, NULL, NULL, NULL, NULL, NULL, NULL, NULL, NULL, NULL, NULL, NULL, NULL, NULL, NULL, NULL, NULL, NULL),
(88, 2, 0, NULL, NULL, NULL, NULL, NULL, NULL, NULL, NULL, 1, NULL, NULL, NULL, NULL, NULL, NULL, NULL, NULL),
(89, 1, 0, NULL, NULL, NULL, NULL, NULL, NULL, NULL, NULL, NULL, NULL, NULL, NULL, NULL, NULL, NULL, NULL, NULL),
(89, 2, 1, NULL, NULL, 1, 1, NULL, NULL, NULL, NULL, NULL, NULL, NULL, NULL, NULL, NULL, NULL, NULL, NULL),
(90, 1, 0, NULL, NULL, NULL, NULL, NULL, NULL, NULL, NULL, NULL, NULL, NULL, NULL, NULL, NULL, NULL, NULL, NULL),
(90, 2, 0, NULL, NULL, NULL, NULL, NULL, NULL, NULL, 1, NULL, 1, NULL, NULL, NULL, NULL, NULL, NULL, NULL),
(91, 1, 1, NULL, NULL, NULL, 1, NULL, NULL, NULL, NULL, NULL, NULL, NULL, NULL, NULL, NULL, NULL, NULL, NULL),
(91, 2, 0, NULL, NULL, NULL, NULL, NULL, NULL, NULL, NULL, NULL, NULL, NULL, NULL, NULL, NULL, NULL, NULL, NULL),
(92, 1, 0, NULL, NULL, NULL, NULL, NULL, NULL, NULL, NULL, NULL, NULL, NULL, NULL, NULL, NULL, NULL, NULL, NULL),
(92, 2, 0, NULL, NULL, NULL, NULL, NULL, NULL, NULL, 1, 1, NULL, NULL, NULL, NULL, NULL, NULL, NULL, NULL),
(93, 1, 0, NULL, NULL, NULL, NULL, NULL, NULL, NULL, NULL, NULL, NULL, NULL, NULL, NULL, NULL, NULL, NULL, NULL),
(93, 2, 0, NULL, NULL, NULL, NULL, NULL, NULL, NULL, NULL, 1, NULL, NULL, NULL, NULL, NULL, NULL, NULL, NULL),
(94, 1, 0, NULL, NULL, NULL, NULL, NULL, NULL, NULL, NULL, NULL, NULL, NULL, NULL, NULL, NULL, NULL, NULL, NULL),
(94, 2, 0, NULL, NULL, NULL, NULL, NULL, NULL, NULL, 1, NULL, NULL, NULL, NULL, NULL, NULL, 1, NULL, NULL),
(95, 1, 0, NULL, NULL, NULL, NULL, NULL, NULL, NULL, NULL, NULL, NULL, NULL, NULL, NULL, NULL, NULL, NULL, NULL),
(95, 2, 0, 1, NULL, NULL, NULL, NULL, NULL, NULL, NULL, NULL, NULL, NULL, NULL, NULL, NULL, NULL, NULL, NULL),
(96, 1, 0, NULL, NULL, NULL, NULL, NULL, NULL, NULL, NULL, NULL, NULL, NULL, NULL, NULL, NULL, NULL, NULL, NULL),
(96, 2, 0, NULL, NULL, NULL, NULL, 1, NULL, NULL, 1, NULL, NULL, NULL, NULL, NULL, NULL, NULL, NULL, NULL),
(97, 1, 0, NULL, NULL, NULL, NULL, NULL, NULL, NULL, NULL, NULL, NULL, NULL, NULL, NULL, NULL, NULL, NULL, NULL),
(97, 2, 0, NULL, NULL, NULL, NULL, NULL, NULL, NULL, NULL, NULL, NULL, NULL, NULL, NULL, NULL, NULL, NULL, NULL),
(98, 1, 0, NULL, NULL, NULL, NULL, NULL, NULL, NULL, NULL, NULL, NULL, NULL, NULL, NULL, NULL, NULL, NULL, NULL),
(98, 2, 0, NULL, NULL, NULL, NULL, NULL, NULL, NULL, NULL, NULL, NULL, NULL, 1, NULL, NULL, NULL, NULL, NULL),
(99, 1, 0, 1, NULL, 1, NULL, NULL, NULL, NULL, NULL, NULL, NULL, NULL, NULL, NULL, 1, NULL, NULL, NULL),
(99, 2, 0, NULL, NULL, NULL, NULL, NULL, NULL, NULL, NULL, NULL, NULL, NULL, NULL, NULL, NULL, NULL, NULL, NULL),
(100, 1, 0, NULL, NULL, NULL, NULL, NULL, NULL, NULL, NULL, NULL, NULL, NULL, NULL, NULL, NULL, NULL, NULL, NULL),
(100, 2, 0, NULL, NULL, NULL, NULL, NULL, NULL, NULL, NULL, NULL, 1, NULL, NULL, NULL, NULL, NULL, NULL, NULL),
(101, 1, 0, NULL, NULL, NULL, NULL, NULL, NULL, NULL, NULL, NULL, NULL, NULL, NULL, NULL, NULL, NULL, NULL, NULL),
(101, 2, 0, NULL, NULL, NULL, NULL, NULL, 1, NULL, NULL, NULL, NULL, NULL, NULL, NULL, NULL, NULL, NULL, NULL),
(102, 1, 0, NULL, NULL, NULL, NULL, NULL, NULL, NULL, NULL, NULL, NULL, NULL, NULL, NULL, NULL, NULL, NULL, NULL),
(102, 2, 0, NULL, NULL, NULL, NULL, NULL, NULL, NULL, NULL, 1, NULL, NULL, NULL, 1, NULL, NULL, NULL, NULL),
(103, 1, 0, NULL, NULL, 1, NULL, NULL, NULL, NULL, NULL, NULL, NULL, NULL, NULL, NULL, NULL, NULL, NULL, NULL),
(103, 2, 0, NULL, NULL, NULL, NULL, NULL, NULL, NULL, NULL, NULL, NULL, NULL, NULL, NULL, NULL, NULL, NULL, NULL),
(104, 1, 0, NULL, NULL, NULL, NULL, NULL, NULL, NULL, NULL, NULL, NULL, NULL, NULL, NULL, NULL, NULL, NULL, NULL),
(104, 2, 0, NULL, NULL, NULL, NULL, NULL, 1, NULL, NULL, NULL, NULL, NULL, NULL, NULL, NULL, NULL, NULL, 1),
(105, 1, 0, NULL, NULL, NULL, NULL, NULL, NULL, NULL, NULL, NULL, NULL, NULL, NULL, NULL, NULL, NULL, NULL, NULL),
(105, 2, 0, NULL, NULL, NULL, NULL, NULL, NULL, NULL, NULL, NULL, NULL, NULL, NULL, NULL, NULL, 1, NULL, NULL),
(106, 1, 0, NULL, NULL, NULL, NULL, NULL, 1, NULL, NULL, NULL, NULL, NULL, NULL, NULL, NULL, NULL, NULL, NULL),
(106, 2, 0, NULL, NULL, NULL, NULL, NULL, NULL, NULL, NULL, NULL, NULL, NULL, NULL, NULL, NULL, NULL, NULL, NULL),
(107, 1, 0, NULL, NULL, NULL, NULL, NULL, NULL, NULL, NULL, NULL, NULL, NULL, NULL, NULL, NULL, NULL, NULL, NULL),
(107, 2, 0, NULL, NULL, NULL, NULL, NULL, NULL, 1, NULL, NULL, NULL, NULL, 1, NULL, NULL, NULL, NULL, 1),
(108, 1, 0, NULL, NULL, NULL, NULL, NULL, NULL, NULL, NULL, NULL, NULL, NULL, NULL, NULL, NULL, NULL, NULL, 1),
(108, 2, 0, NULL, NULL, NULL, NULL, NULL, NULL, NULL, NULL, NULL, NULL, NULL, NULL, NULL, NULL, NULL, NULL, NULL),
(109, 1, 0, NULL, NULL, NULL, NULL, NULL, NULL, NULL, NULL, NULL, NULL, NULL, NULL, NULL, NULL, NULL, NULL, NULL),
(109, 2, 0, NULL, NULL, NULL, NULL, NULL, NULL, NULL, NULL, NULL, NULL, NULL, NULL, NULL, NULL, NULL, NULL, NULL),
(110, 1, 0, NULL, NULL, NULL, NULL, NULL, NULL, NULL, NULL, NULL, NULL, NULL, NULL, NULL, NULL, NULL, NULL, NULL),
(110, 2, 0, NULL, NULL, NULL, NULL, NULL, NULL, NULL, NULL, 1, NULL, NULL, NULL, NULL, NULL, NULL, NULL, NULL),
(111, 1, 0, NULL, NULL, NULL, NULL, NULL, NULL, NULL, NULL, NULL, NULL, NULL, NULL, NULL, NULL, NULL, NULL, NULL),
(111, 2, 0, NULL, NULL, NULL, NULL, NULL, NULL, NULL, NULL, NULL, NULL, NULL, NULL, 1, NULL, NULL, NULL, NULL),
(112, 1, 0, NULL, NULL, NULL, NULL, NULL, NULL, NULL, NULL, NULL, NULL, NULL, NULL, NULL, NULL, NULL, NULL, NULL),
(112, 2, 0, NULL, NULL, NULL, NULL, NULL, NULL, NULL, NULL, NULL, NULL, NULL, NULL, NULL, NULL, 1, NULL, NULL),
(113, 1, 0, NULL, NULL, NULL, NULL, NULL, NULL, NULL, NULL, NULL, NULL, NULL, NULL, NULL, NULL, NULL, NULL, NULL),
(113, 2, 0, 1, NULL, 1, 1, NULL, NULL, NULL, NULL, NULL, NULL, NULL, NULL, NULL, NULL, NULL, NULL, NULL),
(114, 1, 0, NULL, NULL, NULL, NULL, NULL, NULL, NULL, NULL, NULL, NULL, NULL, NULL, NULL, NULL, NULL, NULL, NULL),
(114, 2, 0, NULL, NULL, NULL, NULL, NULL, NULL, NULL, NULL, NULL, NULL, NULL, NULL, NULL, NULL, 1, NULL, NULL),
(115, 1, 0, NULL, NULL, NULL, NULL, NULL, NULL, NULL, NULL, NULL, NULL, NULL, NULL, NULL, NULL, NULL, NULL, NULL),
(115, 2, 0, 1, NULL, NULL, NULL, NULL, NULL, NULL, NULL, NULL, NULL, NULL, NULL, NULL, NULL, NULL, NULL, NULL),
(116, 1, 0, NULL, NULL, 1, NULL, NULL, NULL, NULL, NULL, NULL, NULL, NULL, NULL, NULL, NULL, NULL, NULL, NULL),
(116, 2, 0, NULL, NULL, NULL, NULL, NULL, NULL, NULL, 1, NULL, 1, NULL, NULL, NULL, NULL, NULL, NULL, NULL),
(117, 1, 0, NULL, NULL, NULL, NULL, NULL, NULL, NULL, NULL, NULL, NULL, NULL, NULL, NULL, NULL, NULL, NULL, NULL),
(117, 2, 0, NULL, NULL, NULL, NULL, 1, NULL, NULL, NULL, NULL, NULL, NULL, 1, NULL, NULL, NULL, NULL, NULL),
(118, 1, 0, NULL, NULL, NULL, NULL, NULL, NULL, NULL, NULL, NULL, NULL, NULL, NULL, NULL, NULL, NULL, NULL, NULL),
(118, 2, 0, NULL, NULL, NULL, NULL, NULL, NULL, NULL, NULL, NULL, 1, NULL, NULL, NULL, NULL, NULL, NULL, NULL),
(119, 1, 0, NULL, NULL, NULL, NULL, NULL, NULL, NULL, NULL, NULL, NULL, NULL, NULL, NULL, NULL, NULL, NULL, NULL),
(119, 2, 0, NULL, NULL, NULL, NULL, NULL, NULL, NULL, NULL, NULL, NULL, NULL, NULL, 1, NULL, NULL, NULL, NULL),
(120, 1, 0, NULL, 1, NULL, NULL, NULL, NULL, NULL, NULL, NULL, NULL, NULL, NULL, NULL, NULL, NULL, NULL, NULL),
(120, 2, 0, NULL, NULL, NULL, NULL, NULL, NULL, NULL, NULL, NULL, NULL, NULL, NULL, NULL, NULL, NULL, NULL, NULL),
(121, 1, 0, NULL, NULL, NULL, NULL, NULL, NULL, NULL, NULL, NULL, NULL, NULL, NULL, NULL, NULL, NULL, NULL, NULL),
(121, 2, 0, NULL, NULL, NULL, NULL, NULL, NULL, NULL, 1, NULL, NULL, NULL, 1, NULL, NULL, NULL, NULL, NULL),
(122, 1, 0, NULL, NULL, NULL, NULL, NULL, NULL, NULL, NULL, NULL, NULL, NULL, NULL, NULL, NULL, NULL, NULL, 1),
(122, 2, 0, NULL, NULL, NULL, NULL, NULL, NULL, NULL, NULL, NULL, NULL, NULL, NULL, NULL, NULL, NULL, NULL, NULL),
(123, 1, 0, NULL, NULL, NULL, NULL, NULL, NULL, NULL, NULL, NULL, NULL, NULL, NULL, NULL, NULL, NULL, NULL, NULL),
(123, 2, 0, NULL, NULL, NULL, NULL, NULL, NULL, NULL, NULL, 1, NULL, NULL, NULL, NULL, NULL, NULL, NULL, NULL),
(124, 1, 0, NULL, NULL, NULL, NULL, NULL, NULL, NULL, NULL, NULL, NULL, NULL, NULL, NULL, NULL, NULL, NULL, NULL),
(124, 2, 0, NULL, NULL, NULL, NULL, NULL, NULL, NULL, NULL, NULL, NULL, NULL, NULL, NULL, NULL, NULL, NULL, 1),
(125, 1, 0, NULL, NULL, NULL, NULL, NULL, NULL, NULL, NULL, NULL, NULL, NULL, NULL, NULL, NULL, NULL, NULL, NULL),
(125, 2, 0, NULL, NULL, NULL, NULL, NULL, NULL, NULL, NULL, NULL, NULL, NULL, 1, NULL, NULL, NULL, NULL, NULL),
(126, 1, 0, NULL, NULL, 1, NULL, NULL, NULL, NULL, NULL, NULL, NULL, NULL, NULL, NULL, NULL, NULL, NULL, NULL),
(126, 2, 0, NULL, NULL, NULL, NULL, NULL, NULL, NULL, NULL, NULL, NULL, NULL, NULL, NULL, NULL, NULL, NULL, NULL),
(127, 1, 0, NULL, NULL, NULL, NULL, NULL, NULL, NULL, NULL, NULL, NULL, NULL, NULL, NULL, NULL, NULL, NULL, NULL),
(127, 2, 0, NULL, NULL, NULL, NULL, NULL, NULL, NULL, NULL, NULL, NULL, NULL, NULL, 1, NULL, NULL, NULL, NULL),
(128, 1, 0, NULL, NULL, NULL, NULL, NULL, NULL, NULL, NULL, NULL, NULL, NULL, NULL, NULL, NULL, NULL, NULL, NULL),
(128, 2, 0, NULL, NULL, NULL, NULL, NULL, NULL, NULL, NULL, NULL, NULL, NULL, NULL, 1, NULL, NULL, NULL, NULL),
(129, 1, 0, NULL, NULL, NULL, NULL, NULL, NULL, NULL, NULL, NULL, NULL, NULL, NULL, NULL, NULL, NULL, NULL, NULL),
(129, 2, 0, NULL, NULL, NULL, NULL, NULL, NULL, NULL, 1, 1, NULL, NULL, NULL, NULL, NULL, NULL, NULL, NULL),
(130, 1, 0, NULL, NULL, NULL, NULL, NULL, NULL, NULL, NULL, NULL, NULL, NULL, NULL, NULL, NULL, NULL, NULL, NULL),
(130, 2, 1, NULL, 1, NULL, 1, NULL, NULL, NULL, NULL, NULL, NULL, NULL, NULL, NULL, 1, NULL, NULL, NULL),
(131, 1, 0, NULL, NULL, 1, NULL, NULL, NULL, NULL, NULL, NULL, NULL, NULL, NULL, NULL, NULL, NULL, NULL, NULL),
(131, 2, 0, NULL, NULL, NULL, NULL, NULL, NULL, NULL, NULL, NULL, NULL, NULL, NULL, NULL, NULL, NULL, NULL, NULL),
(132, 1, 0, NULL, NULL, NULL, NULL, NULL, NULL, NULL, NULL, NULL, NULL, NULL, NULL, NULL, NULL, NULL, NULL, NULL),
(132, 2, 0, NULL, NULL, NULL, NULL, NULL, 1, NULL, NULL, NULL, NULL, NULL, NULL, NULL, NULL, NULL, NULL, NULL),
(133, 1, 0, NULL, NULL, NULL, NULL, NULL, NULL, NULL, NULL, NULL, NULL, NULL, NULL, NULL, NULL, NULL, NULL, NULL),
(133, 2, 0, NULL, NULL, NULL, NULL, NULL, NULL, NULL, NULL, NULL, 1, NULL, NULL, NULL, NULL, NULL, NULL, NULL),
(134, 1, 0, NULL, NULL, NULL, NULL, NULL, NULL, NULL, NULL, NULL, NULL, NULL, NULL, NULL, NULL, NULL, NULL, NULL),
(134, 2, 0, NULL, NULL, NULL, NULL, 1, NULL, NULL, NULL, 1, NULL, NULL, NULL, NULL, NULL, NULL, NULL, NULL),
(135, 1, 0, NULL, NULL, NULL, NULL, NULL, NULL, NULL, NULL, NULL, NULL, NULL, NULL, NULL, NULL, NULL, NULL, NULL),
(135, 2, 0, NULL, NULL, NULL, NULL, NULL, NULL, NULL, 1, NULL, NULL, NULL, NULL, NULL, NULL, NULL, NULL, NULL),
(136, 1, 0, NULL, 1, NULL, NULL, NULL, NULL, NULL, NULL, NULL, NULL, NULL, NULL, NULL, 1, NULL, NULL, NULL),
(136, 2, 0, NULL, NULL, NULL, NULL, NULL, NULL, NULL, NULL, NULL, NULL, NULL, NULL, NULL, NULL, NULL, NULL, NULL),
(137, 1, 0, NULL, NULL, NULL, NULL, NULL, NULL, NULL, NULL, NULL, NULL, NULL, NULL, NULL, NULL, NULL, NULL, NULL),
(137, 2, 0, NULL, NULL, NULL, NULL, NULL, NULL, NULL, NULL, NULL, NULL, NULL, 1, NULL, NULL, NULL, NULL, NULL),
(138, 1, 0, NULL, NULL, NULL, NULL, NULL, NULL, NULL, NULL, NULL, NULL, NULL, NULL, NULL, NULL, NULL, NULL, 1),
(138, 2, 0, NULL, NULL, NULL, NULL, NULL, NULL, NULL, NULL, NULL, NULL, NULL, NULL, NULL, NULL, NULL, NULL, NULL),
(139, 1, 0, NULL, NULL, NULL, NULL, NULL, NULL, NULL, NULL, NULL, NULL, NULL, NULL, NULL, NULL, NULL, NULL, NULL),
(139, 2, 0, 1, NULL, NULL, NULL, NULL, NULL, NULL, NULL, NULL, NULL, NULL, NULL, 1, NULL, NULL, NULL, NULL),
(140, 1, 0, NULL, NULL, NULL, NULL, NULL, NULL, NULL, NULL, NULL, NULL, NULL, NULL, NULL, NULL, NULL, NULL, NULL),
(140, 2, 0, NULL, NULL, NULL, NULL, NULL, NULL, NULL, NULL, NULL, NULL, NULL, NULL, NULL, NULL, NULL, NULL, 1),
(141, 1, 0, NULL, NULL, NULL, NULL, NULL, NULL, NULL, NULL, NULL, NULL, NULL, NULL, NULL, NULL, NULL, NULL, NULL),
(141, 2, 0, NULL, NULL, NULL, NULL, NULL, NULL, NULL, 1, NULL, 1, NULL, NULL, NULL, NULL, NULL, NULL, NULL),
(142, 1, 0, NULL, NULL, NULL, NULL, NULL, NULL, NULL, 1, NULL, NULL, NULL, NULL, NULL, NULL, NULL, NULL, NULL),
(142, 2, 0, NULL, NULL, NULL, NULL, NULL, NULL, NULL, NULL, NULL, NULL, NULL, NULL, NULL, NULL, NULL, NULL, NULL),
(143, 1, 0, NULL, NULL, NULL, NULL, NULL, 1, NULL, NULL, NULL, NULL, NULL, NULL, NULL, NULL, NULL, NULL, NULL),
(143, 2, 0, NULL, NULL, NULL, NULL, NULL, NULL, NULL, NULL, NULL, NULL, NULL, NULL, NULL, NULL, NULL, NULL, NULL),
(144, 1, 0, NULL, NULL, NULL, NULL, NULL, NULL, NULL, NULL, NULL, NULL, NULL, NULL, NULL, NULL, NULL, NULL, NULL),
(144, 2, 0, NULL, NULL, NULL, NULL, NULL, NULL, NULL, NULL, NULL, NULL, NULL, 1, NULL, NULL, NULL, NULL, NULL),
(145, 1, 0, NULL, NULL, NULL, NULL, NULL, NULL, NULL, NULL, NULL, NULL, NULL, NULL, NULL, NULL, NULL, NULL, NULL),
(145, 2, 0, NULL, NULL, NULL, NULL, NULL, NULL, NULL, NULL, NULL, NULL, NULL, NULL, NULL, NULL, 1, NULL, NULL),
(146, 1, 0, NULL, 1, NULL, NULL, NULL, NULL, NULL, NULL, NULL, NULL, NULL, NULL, NULL, 1, NULL, NULL, NULL),
(146, 2, 0, NULL, NULL, NULL, NULL, NULL, NULL, NULL, NULL, NULL, NULL, NULL, NULL, NULL, NULL, NULL, NULL, NULL),
(147, 1, 0, NULL, NULL, NULL, NULL, NULL, NULL, NULL, NULL, NULL, NULL, NULL, NULL, NULL, NULL, NULL, NULL, NULL),
(147, 2, 0, NULL, 1, NULL, 1, NULL, NULL, NULL, NULL, NULL, NULL, NULL, NULL, NULL, NULL, NULL, NULL, NULL),
(148, 1, 0, NULL, NULL, NULL, NULL, NULL, NULL, NULL, NULL, NULL, NULL, NULL, NULL, NULL, NULL, NULL, NULL, NULL),
(148, 2, 0, NULL, NULL, NULL, NULL, NULL, NULL, NULL, NULL, 1, NULL, NULL, NULL, NULL, NULL, NULL, NULL, NULL),
(149, 1, 0, 1, NULL, NULL, NULL, NULL, NULL, NULL, NULL, NULL, NULL, NULL, NULL, NULL, NULL, NULL, NULL, NULL),
(149, 2, 0, NULL, NULL, NULL, NULL, NULL, NULL, NULL, NULL, NULL, NULL, NULL, NULL, NULL, NULL, NULL, NULL, NULL),
(150, 1, 0, NULL, NULL, NULL, NULL, NULL, NULL, NULL, NULL, NULL, NULL, NULL, NULL, NULL, NULL, NULL, NULL, NULL),
(150, 2, 0, NULL, NULL, NULL, NULL, NULL, 1, NULL, NULL, NULL, NULL, NULL, NULL, NULL, NULL, NULL, NULL, NULL),
(151, 1, 0, NULL, NULL, NULL, NULL, NULL, NULL, NULL, NULL, NULL, NULL, NULL, NULL, NULL, NULL, NULL, NULL, NULL),
(151, 2, 0, NULL, NULL, NULL, NULL, NULL, NULL, NULL, NULL, NULL, 1, NULL, NULL, NULL, NULL, NULL, NULL, NULL),
(152, 1, 0, NULL, NULL, NULL, NULL, NULL, NULL, NULL, NULL, NULL, NULL, NULL, NULL, NULL, NULL, NULL, NULL, NULL),
(152, 2, 0, NULL, NULL, NULL, NULL, NULL, NULL, NULL, 1, 1, NULL, NULL, NULL, 1, NULL, NULL, NULL, NULL),
(153, 1, 1, NULL, NULL, NULL, NULL, NULL, NULL, NULL, NULL, NULL, NULL, NULL, NULL, NULL, NULL, NULL, NULL, NULL),
(153, 2, 0, NULL, NULL, NULL, NULL, NULL, NULL, NULL, NULL, NULL, NULL, NULL, NULL, NULL, NULL, NULL, NULL, NULL),
(154, 1, 0, NULL, NULL, NULL, 1, NULL, NULL, NULL, NULL, NULL, NULL, NULL, NULL, NULL, NULL, NULL, NULL, NULL),
(154, 2, 0, NULL, NULL, NULL, NULL, NULL, NULL, NULL, 1, NULL, NULL, NULL, NULL, NULL, NULL, NULL, NULL, NULL),
(155, 1, 0, NULL, NULL, NULL, NULL, NULL, NULL, NULL, NULL, NULL, NULL, NULL, NULL, NULL, NULL, NULL, NULL, NULL),
(155, 2, 0, NULL, NULL, NULL, NULL, 1, NULL, NULL, 1, NULL, NULL, NULL, NULL, NULL, NULL, NULL, NULL, NULL),
(156, 1, 0, NULL, NULL, NULL, NULL, NULL, NULL, NULL, NULL, NULL, NULL, NULL, NULL, NULL, NULL, NULL, NULL, NULL),
(156, 2, 0, NULL, NULL, NULL, NULL, NULL, NULL, NULL, 1, NULL, NULL, NULL, NULL, NULL, NULL, NULL, NULL, NULL),
(157, 1, 0, NULL, NULL, NULL, NULL, NULL, NULL, NULL, NULL, NULL, NULL, NULL, NULL, NULL, NULL, NULL, NULL, NULL),
(157, 2, 0, NULL, NULL, NULL, NULL, NULL, NULL, 1, NULL, NULL, NULL, NULL, NULL, NULL, NULL, NULL, NULL, NULL),
(158, 1, 0, NULL, NULL, NULL, NULL, NULL, NULL, NULL, NULL, NULL, NULL, NULL, NULL, NULL, NULL, NULL, NULL, NULL),
(158, 2, 0, NULL, NULL, NULL, NULL, NULL, NULL, NULL, NULL, NULL, NULL, 1, NULL, NULL, NULL, NULL, NULL, NULL),
(159, 1, 0, NULL, NULL, NULL, NULL, NULL, NULL, NULL, NULL, NULL, NULL, NULL, NULL, NULL, NULL, NULL, NULL, NULL),
(159, 2, 0, NULL, NULL, NULL, NULL, 1, NULL, NULL, NULL, NULL, NULL, NULL, NULL, NULL, NULL, NULL, NULL, NULL),
(160, 1, 0, NULL, NULL, NULL, NULL, NULL, NULL, NULL, NULL, NULL, NULL, 1, NULL, NULL, NULL, NULL, NULL, NULL),
(160, 2, 0, NULL, NULL, NULL, NULL, NULL, NULL, NULL, NULL, NULL, NULL, NULL, NULL, NULL, NULL, NULL, NULL, NULL),
(161, 1, 1, NULL, NULL, NULL, NULL, NULL, NULL, NULL, NULL, NULL, NULL, NULL, NULL, NULL, NULL, NULL, NULL, NULL),
(161, 2, 0, NULL, NULL, NULL, NULL, NULL, NULL, NULL, NULL, NULL, NULL, NULL, NULL, NULL, NULL, NULL, NULL, NULL),
(162, 1, 0, NULL, NULL, NULL, NULL, NULL, NULL, NULL, NULL, NULL, NULL, NULL, NULL, NULL, NULL, NULL, NULL, NULL),
(162, 2, 0, NULL, NULL, NULL, NULL, NULL, NULL, NULL, NULL, NULL, NULL, 1, NULL, NULL, NULL, NULL, NULL, NULL),
(163, 1, 0, NULL, NULL, NULL, NULL, NULL, NULL, NULL, NULL, NULL, NULL, NULL, NULL, NULL, NULL, NULL, NULL, NULL),
(163, 2, 0, NULL, NULL, NULL, NULL, NULL, NULL, NULL, NULL, NULL, NULL, 1, NULL, NULL, NULL, NULL, NULL, NULL),
(164, 1, 0, NULL, NULL, NULL, NULL, NULL, NULL, NULL, NULL, NULL, NULL, NULL, NULL, NULL, NULL, NULL, NULL, NULL),
(164, 2, 0, NULL, NULL, NULL, NULL, NULL, NULL, NULL, NULL, NULL, NULL, NULL, NULL, NULL, NULL, NULL, 1, NULL),
(165, 1, 0, NULL, NULL, NULL, NULL, NULL, NULL, NULL, NULL, NULL, NULL, NULL, NULL, NULL, NULL, NULL, NULL, NULL),
(165, 2, 0, NULL, NULL, NULL, NULL, NULL, NULL, NULL, NULL, NULL, NULL, NULL, NULL, NULL, NULL, NULL, 1, NULL),
(166, 1, 0, NULL, NULL, NULL, NULL, NULL, NULL, NULL, NULL, NULL, NULL, NULL, NULL, NULL, NULL, NULL, NULL, NULL),
(166, 2, 0, NULL, NULL, NULL, NULL, 1, NULL, NULL, NULL, NULL, NULL, NULL, NULL, NULL, NULL, NULL, NULL, NULL),
(167, 1, 0, NULL, NULL, NULL, NULL, NULL, NULL, NULL, NULL, NULL, NULL, NULL, NULL, NULL, NULL, NULL, 1, NULL),
(167, 2, 0, NULL, NULL, NULL, NULL, NULL, NULL, NULL, NULL, NULL, NULL, NULL, NULL, NULL, NULL, NULL, NULL, NULL),
(168, 1, 0, NULL, NULL, NULL, NULL, NULL, NULL, NULL, NULL, NULL, NULL, NULL, NULL, NULL, NULL, NULL, NULL, NULL),
(168, 2, 0, NULL, NULL, NULL, NULL, NULL, NULL, NULL, NULL, NULL, NULL, 1, NULL, NULL, NULL, NULL, NULL, NULL),
(169, 1, 0, NULL, NULL, NULL, NULL, NULL, NULL, 1, NULL, NULL, NULL, NULL, NULL, NULL, NULL, NULL, NULL, NULL),
(169, 2, 0, NULL, NULL, NULL, NULL, NULL, NULL, NULL, NULL, NULL, NULL, NULL, NULL, NULL, NULL, NULL, NULL, NULL),
(170, 1, 0, NULL, NULL, NULL, NULL, NULL, NULL, NULL, NULL, NULL, NULL, NULL, NULL, NULL, NULL, NULL, NULL, NULL),
(170, 2, 1, NULL, NULL, NULL, NULL, NULL, NULL, NULL, NULL, NULL, NULL, NULL, NULL, NULL, NULL, NULL, NULL, NULL),
(171, 1, 0, NULL, NULL, NULL, NULL, NULL, NULL, NULL, NULL, NULL, NULL, NULL, NULL, NULL, NULL, NULL, NULL, NULL),
(171, 2, 0, NULL, NULL, NULL, NULL, NULL, NULL, 1, NULL, NULL, NULL, NULL, NULL, NULL, NULL, NULL, NULL, NULL),
(172, 1, 0, NULL, NULL, NULL, NULL, NULL, NULL, NULL, NULL, NULL, NULL, NULL, NULL, NULL, NULL, NULL, NULL, NULL),
(172, 2, 0, NULL, NULL, NULL, NULL, 1, NULL, NULL, NULL, NULL, NULL, NULL, NULL, NULL, NULL, NULL, NULL, NULL),
(173, 1, 0, NULL, NULL, NULL, NULL, NULL, NULL, NULL, NULL, NULL, NULL, 1, NULL, NULL, NULL, NULL, NULL, NULL),
(173, 2, 0, NULL, NULL, NULL, NULL, NULL, NULL, NULL, NULL, NULL, NULL, NULL, NULL, NULL, NULL, NULL, NULL, NULL),
(174, 1, 1, NULL, NULL, NULL, NULL, NULL, NULL, NULL, NULL, NULL, NULL, NULL, NULL, NULL, NULL, NULL, NULL, NULL),
(174, 2, 0, NULL, NULL, NULL, NULL, NULL, NULL, NULL, NULL, NULL, NULL, NULL, NULL, NULL, NULL, NULL, NULL, NULL),
(175, 1, 0, NULL, NULL, NULL, NULL, NULL, NULL, NULL, NULL, NULL, NULL, NULL, NULL, NULL, NULL, NULL, NULL, NULL),
(175, 2, 0, NULL, NULL, NULL, NULL, NULL, NULL, NULL, NULL, NULL, NULL, NULL, NULL, NULL, NULL, NULL, 1, NULL),
(176, 1, 0, NULL, NULL, NULL, NULL, NULL, NULL, NULL, NULL, NULL, NULL, NULL, NULL, NULL, NULL, NULL, NULL, NULL),
(176, 2, 0, NULL, NULL, NULL, NULL, NULL, NULL, NULL, NULL, NULL, NULL, 1, NULL, NULL, NULL, NULL, NULL, NULL),
(177, 1, 0, NULL, NULL, NULL, NULL, NULL, NULL, NULL, NULL, NULL, NULL, NULL, NULL, NULL, NULL, NULL, NULL, NULL),
(177, 2, 0, NULL, NULL, NULL, NULL, NULL, NULL, NULL, NULL, NULL, NULL, 1, NULL, NULL, NULL, NULL, NULL, NULL),
(178, 1, 0, NULL, NULL, NULL, NULL, NULL, NULL, NULL, NULL, NULL, NULL, NULL, NULL, NULL, NULL, NULL, NULL, NULL),
(178, 2, 0, NULL, NULL, NULL, NULL, 1, NULL, NULL, NULL, NULL, NULL, NULL, NULL, NULL, NULL, NULL, NULL, NULL),
(179, 1, 0, NULL, NULL, NULL, NULL, NULL, NULL, NULL, NULL, NULL, NULL, NULL, NULL, NULL, NULL, NULL, NULL, NULL),
(179, 2, 0, NULL, NULL, NULL, NULL, NULL, NULL, NULL, NULL, NULL, NULL, NULL, NULL, NULL, 1, NULL, NULL, NULL),
(180, 1, 0, NULL, NULL, NULL, NULL, NULL, NULL, NULL, NULL, NULL, NULL, NULL, NULL, NULL, NULL, NULL, NULL, NULL),
(180, 2, 0, NULL, NULL, NULL, NULL, 1, NULL, NULL, NULL, NULL, NULL, NULL, NULL, NULL, NULL, NULL, NULL, NULL),
(181, 1, 1, NULL, NULL, NULL, NULL, NULL, NULL, NULL, NULL, NULL, NULL, NULL, NULL, NULL, NULL, NULL, NULL, NULL),
(181, 2, 0, NULL, NULL, NULL, NULL, NULL, NULL, NULL, NULL, NULL, NULL, NULL, NULL, NULL, NULL, NULL, NULL, NULL),
(182, 1, 0, NULL, NULL, NULL, NULL, NULL, NULL, NULL, NULL, NULL, NULL, NULL, NULL, NULL, NULL, NULL, NULL, NULL),
(182, 2, 0, NULL, NULL, NULL, NULL, NULL, NULL, NULL, NULL, NULL, NULL, 1, NULL, NULL, NULL, NULL, NULL, NULL),
(183, 1, 0, NULL, NULL, NULL, NULL, NULL, NULL, NULL, NULL, NULL, NULL, NULL, NULL, NULL, NULL, NULL, NULL, NULL),
(183, 2, 0, NULL, NULL, NULL, NULL, NULL, NULL, NULL, NULL, NULL, NULL, NULL, NULL, NULL, NULL, NULL, 1, NULL),
(184, 1, 0, NULL, NULL, NULL, NULL, NULL, NULL, NULL, NULL, NULL, NULL, NULL, NULL, NULL, NULL, NULL, NULL, NULL),
(184, 2, 0, NULL, NULL, NULL, NULL, NULL, NULL, NULL, NULL, NULL, NULL, NULL, NULL, NULL, NULL, NULL, 1, NULL),
(185, 1, 0, NULL, NULL, NULL, NULL, NULL, NULL, NULL, NULL, NULL, NULL, NULL, NULL, NULL, NULL, NULL, NULL, NULL),
(185, 2, 0, NULL, NULL, NULL, NULL, NULL, NULL, NULL, NULL, NULL, NULL, NULL, NULL, NULL, 1, NULL, NULL, NULL),
(186, 1, 0, NULL, NULL, NULL, NULL, NULL, NULL, 1, NULL, NULL, NULL, NULL, NULL, NULL, NULL, NULL, NULL, NULL),
(186, 2, 0, NULL, NULL, NULL, NULL, NULL, NULL, NULL, NULL, NULL, NULL, NULL, NULL, NULL, NULL, NULL, NULL, NULL),
(187, 1, 0, NULL, NULL, NULL, NULL, NULL, NULL, NULL, NULL, NULL, NULL, NULL, NULL, NULL, NULL, NULL, NULL, NULL),
(187, 2, 0, NULL, NULL, NULL, NULL, 1, NULL, NULL, NULL, NULL, NULL, NULL, NULL, NULL, NULL, NULL, NULL, NULL),
(188, 1, 0, NULL, NULL, NULL, NULL, NULL, NULL, NULL, NULL, NULL, NULL, NULL, NULL, NULL, NULL, NULL, NULL, NULL),
(188, 2, 0, NULL, NULL, NULL, NULL, NULL, NULL, NULL, NULL, NULL, NULL, 1, NULL, NULL, NULL, NULL, NULL, NULL),
(189, 1, 0, NULL, NULL, NULL, NULL, NULL, NULL, NULL, NULL, NULL, NULL, NULL, NULL, NULL, NULL, NULL, NULL, NULL),
(189, 2, 0, NULL, NULL, NULL, NULL, NULL, NULL, NULL, NULL, NULL, NULL, NULL, NULL, NULL, NULL, NULL, 1, NULL),
(190, 1, 0, NULL, NULL, NULL, NULL, NULL, NULL, NULL, NULL, NULL, NULL, NULL, NULL, NULL, NULL, NULL, NULL, NULL),
(190, 2, 0, NULL, NULL, NULL, NULL, NULL, NULL, NULL, NULL, NULL, NULL, NULL, NULL, NULL, NULL, NULL, 1, NULL),
(191, 1, 0, NULL, NULL, NULL, NULL, NULL, NULL, NULL, NULL, NULL, NULL, NULL, NULL, NULL, NULL, NULL, NULL, NULL),
(191, 2, 0, NULL, NULL, NULL, NULL, 1, NULL, NULL, NULL, NULL, NULL, NULL, NULL, NULL, NULL, NULL, NULL, NULL),
(192, 1, 0, NULL, NULL, NULL, NULL, NULL, NULL, NULL, NULL, NULL, NULL, NULL, NULL, NULL, NULL, NULL, NULL, NULL),
(192, 2, 0, NULL, NULL, NULL, NULL, NULL, NULL, NULL, NULL, NULL, NULL, 1, NULL, NULL, NULL, NULL, NULL, NULL),
(193, 1, 0, NULL, NULL, NULL, NULL, NULL, NULL, NULL, NULL, NULL, NULL, NULL, NULL, NULL, NULL, NULL, NULL, NULL),
(193, 2, 1, NULL, NULL, NULL, NULL, NULL, NULL, NULL, NULL, NULL, NULL, NULL, NULL, NULL, NULL, NULL, NULL, NULL),
(194, 1, 0, NULL, NULL, NULL, NULL, NULL, NULL, NULL, NULL, NULL, NULL, NULL, NULL, NULL, NULL, NULL, NULL, NULL),
(194, 2, 0, NULL, NULL, NULL, NULL, NULL, NULL, NULL, NULL, NULL, NULL, NULL, NULL, NULL, NULL, NULL, 1, NULL),
(195, 1, 0, NULL, NULL, NULL, NULL, NULL, NULL, NULL, NULL, NULL, NULL, NULL, NULL, NULL, NULL, NULL, NULL, NULL),
(195, 2, 0, NULL, NULL, NULL, NULL, NULL, NULL, 1, NULL, NULL, NULL, NULL, NULL, NULL, NULL, NULL, NULL, NULL),
(196, 1, 0, NULL, NULL, NULL, NULL, NULL, NULL, NULL, NULL, NULL, NULL, NULL, NULL, NULL, NULL, NULL, NULL, NULL),
(196, 2, 0, NULL, NULL, NULL, NULL, NULL, NULL, 1, NULL, NULL, NULL, NULL, NULL, NULL, NULL, NULL, NULL, NULL),
(197, 1, 0, NULL, NULL, NULL, NULL, NULL, NULL, NULL, NULL, NULL, NULL, NULL, NULL, NULL, NULL, NULL, NULL, NULL),
(197, 2, 0, NULL, NULL, NULL, NULL, NULL, NULL, 1, NULL, NULL, NULL, NULL, NULL, NULL, NULL, NULL, NULL, NULL),
(198, 1, 0, NULL, NULL, NULL, NULL, NULL, NULL, NULL, NULL, NULL, NULL, NULL, NULL, NULL, NULL, NULL, NULL, NULL),
(198, 2, 0, NULL, NULL, NULL, NULL, NULL, NULL, NULL, NULL, NULL, NULL, NULL, NULL, NULL, NULL, NULL, 1, NULL),
(199, 1, 1, NULL, NULL, NULL, NULL, NULL, NULL, NULL, NULL, NULL, NULL, NULL, NULL, NULL, NULL, NULL, NULL, NULL),
(199, 2, 0, NULL, NULL, NULL, NULL, NULL, NULL, NULL, NULL, NULL, NULL, NULL, NULL, NULL, NULL, NULL, NULL, NULL),
(200, 1, 0, NULL, NULL, NULL, NULL, NULL, NULL, NULL, NULL, NULL, NULL, NULL, NULL, NULL, NULL, NULL, NULL, NULL),
(200, 2, 0, NULL, NULL, NULL, NULL, NULL, NULL, NULL, NULL, NULL, NULL, NULL, NULL, NULL, NULL, NULL, NULL, NULL),
(201, 1, 0, NULL, NULL, NULL, NULL, NULL, NULL, NULL, NULL, NULL, NULL, NULL, NULL, NULL, NULL, NULL, NULL, NULL),
(201, 2, 0, NULL, NULL, NULL, NULL, NULL, NULL, 1, NULL, NULL, NULL, NULL, NULL, NULL, NULL, NULL, NULL, NULL),
(202, 1, 0, NULL, NULL, NULL, NULL, NULL, NULL, NULL, NULL, NULL, NULL, NULL, NULL, NULL, NULL, NULL, NULL, NULL),
(202, 2, 0, NULL, NULL, NULL, NULL, 1, NULL, NULL, NULL, NULL, NULL, NULL, NULL, NULL, NULL, NULL, NULL, NULL),
(203, 1, 0, NULL, NULL, NULL, NULL, NULL, NULL, NULL, NULL, NULL, NULL, NULL, NULL, NULL, NULL, NULL, NULL, NULL),
(203, 2, 0, NULL, NULL, NULL, NULL, NULL, NULL, NULL, NULL, NULL, NULL, NULL, NULL, NULL, NULL, NULL, 1, NULL),
(204, 1, 0, NULL, NULL, NULL, NULL, NULL, NULL, NULL, NULL, NULL, NULL, NULL, NULL, NULL, NULL, NULL, NULL, NULL),
(204, 2, 0, NULL, NULL, NULL, NULL, 1, NULL, NULL, NULL, NULL, NULL, NULL, NULL, NULL, NULL, NULL, NULL, NULL),
(205, 1, 1, NULL, NULL, NULL, NULL, NULL, NULL, NULL, NULL, NULL, NULL, NULL, NULL, NULL, NULL, NULL, NULL, NULL),
(205, 2, 0, NULL, NULL, NULL, NULL, NULL, NULL, NULL, NULL, NULL, NULL, NULL, NULL, NULL, NULL, NULL, NULL, NULL),
(206, 1, 0, NULL, NULL, NULL, NULL, NULL, NULL, NULL, NULL, NULL, NULL, NULL, NULL, NULL, NULL, NULL, NULL, NULL),
(206, 2, 0, NULL, NULL, NULL, NULL, 1, NULL, NULL, NULL, NULL, NULL, NULL, NULL, NULL, NULL, NULL, NULL, NULL),
(207, 1, 0, NULL, NULL, NULL, NULL, NULL, NULL, NULL, NULL, NULL, NULL, NULL, NULL, NULL, NULL, NULL, NULL, NULL),
(207, 2, 0, NULL, NULL, NULL, NULL, NULL, NULL, 1, NULL, NULL, NULL, NULL, NULL, NULL, NULL, NULL, NULL, NULL),
(208, 1, 0, NULL, NULL, NULL, NULL, NULL, NULL, NULL, NULL, NULL, NULL, NULL, NULL, NULL, NULL, NULL, NULL, NULL),
(208, 2, 0, NULL, NULL, NULL, NULL, NULL, NULL, NULL, NULL, NULL, NULL, NULL, NULL, NULL, 1, NULL, NULL, NULL),
(209, 1, 0, NULL, NULL, NULL, NULL, NULL, NULL, NULL, NULL, NULL, NULL, NULL, NULL, NULL, NULL, NULL, NULL, NULL),
(209, 2, 1, NULL, NULL, NULL, NULL, NULL, NULL, NULL, NULL, NULL, NULL, NULL, NULL, NULL, NULL, NULL, NULL, NULL),
(210, 1, 0, NULL, NULL, NULL, NULL, NULL, NULL, NULL, NULL, NULL, NULL, NULL, NULL, NULL, NULL, NULL, NULL, NULL),
(210, 2, 0, NULL, NULL, NULL, NULL, NULL, NULL, NULL, NULL, NULL, NULL, NULL, NULL, NULL, 1, NULL, NULL, NULL),
(211, 1, 0, NULL, NULL, NULL, NULL, NULL, NULL, NULL, NULL, NULL, NULL, NULL, NULL, NULL, NULL, NULL, NULL, NULL),
(211, 2, 0, NULL, NULL, NULL, NULL, NULL, NULL, 1, NULL, NULL, NULL, NULL, NULL, NULL, NULL, NULL, NULL, NULL),
(212, 1, 0, NULL, NULL, NULL, NULL, NULL, NULL, NULL, NULL, NULL, NULL, NULL, NULL, NULL, NULL, NULL, NULL, NULL),
(212, 2, 0, NULL, NULL, NULL, NULL, NULL, NULL, NULL, NULL, NULL, NULL, NULL, NULL, NULL, 1, NULL, NULL, NULL),
(213, 1, 0, NULL, NULL, NULL, NULL, NULL, NULL, NULL, NULL, NULL, NULL, NULL, NULL, NULL, NULL, NULL, NULL, NULL),
(213, 2, 1, NULL, NULL, NULL, NULL, NULL, NULL, NULL, NULL, NULL, NULL, NULL, NULL, NULL, NULL, NULL, NULL, NULL),
(214, 1, 0, NULL, NULL, NULL, NULL, NULL, NULL, NULL, NULL, NULL, NULL, NULL, NULL, NULL, NULL, NULL, NULL, NULL),
(214, 2, 0, NULL, NULL, NULL, NULL, 1, NULL, NULL, NULL, NULL, NULL, NULL, NULL, NULL, NULL, NULL, NULL, NULL),
(215, 1, 0, NULL, NULL, NULL, NULL, NULL, NULL, NULL, NULL, NULL, NULL, 1, NULL, NULL, NULL, NULL, NULL, NULL),
(215, 2, 0, NULL, NULL, NULL, NULL, NULL, NULL, NULL, NULL, NULL, NULL, NULL, NULL, NULL, NULL, NULL, NULL, NULL),
(216, 1, 0, NULL, NULL, NULL, NULL, NULL, NULL, NULL, NULL, NULL, NULL, NULL, NULL, NULL, NULL, NULL, NULL, NULL),
(216, 2, 0, NULL, NULL, NULL, NULL, NULL, NULL, 1, NULL, NULL, NULL, NULL, NULL, NULL, NULL, NULL, NULL, NULL),
(217, 1, 0, NULL, NULL, NULL, NULL, NULL, NULL, NULL, NULL, NULL, NULL, NULL, NULL, NULL, NULL, NULL, NULL, NULL),
(217, 2, 0, NULL, NULL, NULL, NULL, 1, NULL, NULL, NULL, NULL, NULL, NULL, NULL, NULL, NULL, NULL, NULL, NULL),
(218, 1, 0, NULL, NULL, NULL, NULL, NULL, NULL, NULL, NULL, NULL, NULL, NULL, NULL, NULL, NULL, NULL, NULL, NULL),
(218, 2, 0, NULL, NULL, NULL, NULL, NULL, NULL, 1, NULL, NULL, NULL, NULL, NULL, NULL, NULL, NULL, NULL, NULL),
(219, 1, 0, NULL, NULL, NULL, NULL, NULL, NULL, NULL, NULL, NULL, NULL, NULL, NULL, NULL, NULL, NULL, NULL, NULL),
(219, 2, 0, NULL, NULL, NULL, NULL, NULL, NULL, 1, NULL, NULL, NULL, NULL, NULL, NULL, NULL, NULL, NULL, NULL),
(220, 1, 0, NULL, NULL, NULL, NULL, NULL, NULL, NULL, NULL, NULL, NULL, NULL, NULL, NULL, NULL, NULL, NULL, NULL),
(220, 2, 0, NULL, NULL, NULL, NULL, 1, NULL, NULL, NULL, NULL, NULL, NULL, NULL, NULL, NULL, NULL, NULL, NULL),
(221, 1, 0, NULL, NULL, NULL, NULL, NULL, NULL, 1, NULL, NULL, NULL, NULL, NULL, NULL, NULL, NULL, NULL, NULL),
(221, 2, 0, NULL, NULL, NULL, NULL, NULL, NULL, NULL, NULL, NULL, NULL, NULL, NULL, NULL, NULL, NULL, NULL, NULL),
(222, 1, 0, NULL, NULL, NULL, NULL, NULL, NULL, NULL, NULL, NULL, NULL, NULL, NULL, NULL, NULL, NULL, NULL, NULL),
(222, 2, 0, NULL, NULL, NULL, NULL, NULL, NULL, NULL, NULL, NULL, NULL, NULL, NULL, NULL, 1, NULL, NULL, NULL),
(223, 1, 0, NULL, NULL, NULL, NULL, NULL, NULL, NULL, NULL, NULL, NULL, NULL, NULL, NULL, NULL, NULL, NULL, NULL),
(223, 2, 0, NULL, NULL, NULL, NULL, NULL, NULL, NULL, NULL, NULL, NULL, NULL, NULL, NULL, NULL, NULL, 1, NULL),
(224, 1, 0, NULL, NULL, NULL, NULL, NULL, NULL, NULL, NULL, NULL, NULL, NULL, NULL, NULL, NULL, NULL, NULL, NULL),
(224, 2, 1, NULL, NULL, NULL, NULL, NULL, NULL, NULL, NULL, NULL, NULL, NULL, NULL, NULL, NULL, NULL, NULL, NULL),
(225, 1, 0, NULL, NULL, NULL, NULL, NULL, NULL, NULL, NULL, NULL, NULL, NULL, NULL, NULL, NULL, NULL, NULL, NULL),
(225, 2, 0, NULL, NULL, NULL, NULL, NULL, NULL, 1, NULL, NULL, NULL, NULL, NULL, NULL, NULL, NULL, NULL, NULL);
INSERT INTO `cpidf` (`TH`, `XZ`, `DO`, `CS`, `SY`, `SP`, `SA`, `WB`, `RE`, `SO`, `SC`, `PO`, `GI`, `CM`, `AC`, `AI`, `IE`, `PY`, `FX`, `FE`) VALUES
(226, 1, 0, NULL, NULL, NULL, NULL, NULL, NULL, NULL, NULL, NULL, NULL, 1, NULL, NULL, NULL, NULL, NULL, NULL),
(226, 2, 0, NULL, NULL, NULL, NULL, NULL, NULL, NULL, NULL, NULL, NULL, NULL, NULL, NULL, NULL, NULL, NULL, NULL),
(227, 1, 1, NULL, NULL, NULL, NULL, NULL, NULL, NULL, NULL, NULL, NULL, NULL, NULL, NULL, NULL, NULL, NULL, NULL),
(227, 2, 0, NULL, NULL, NULL, NULL, NULL, NULL, NULL, NULL, NULL, NULL, NULL, NULL, NULL, NULL, NULL, NULL, NULL),
(228, 1, 0, NULL, NULL, NULL, NULL, NULL, NULL, NULL, NULL, NULL, NULL, NULL, NULL, NULL, NULL, NULL, NULL, NULL),
(228, 2, 0, NULL, NULL, NULL, NULL, NULL, NULL, NULL, NULL, NULL, NULL, NULL, NULL, NULL, NULL, NULL, 1, NULL),
(229, 1, 0, NULL, NULL, NULL, NULL, NULL, NULL, NULL, NULL, NULL, NULL, NULL, NULL, NULL, NULL, NULL, NULL, NULL),
(229, 2, 0, NULL, NULL, NULL, NULL, NULL, NULL, 1, NULL, NULL, NULL, NULL, NULL, NULL, NULL, NULL, NULL, NULL),
(230, 1, 0, NULL, NULL, NULL, NULL, NULL, NULL, NULL, NULL, NULL, NULL, NULL, NULL, NULL, NULL, NULL, NULL, NULL),
(230, 2, 0, NULL, NULL, NULL, NULL, NULL, NULL, NULL, NULL, NULL, NULL, NULL, NULL, NULL, NULL, NULL, 1, NULL);

-- --------------------------------------------------------

--
-- Table structure for table `cpidf_memory`
--

CREATE TABLE IF NOT EXISTS `cpidf_memory` (
  `TH` int(11) NOT NULL,
  `XZ` tinyint(4) NOT NULL,
  `DO` tinyint(4) DEFAULT NULL,
  `CS` tinyint(4) DEFAULT NULL,
  `SY` tinyint(4) DEFAULT NULL,
  `SP` tinyint(4) DEFAULT NULL,
  `SA` tinyint(4) DEFAULT NULL,
  `WB` tinyint(4) DEFAULT NULL,
  `RE` tinyint(4) DEFAULT NULL,
  `SO` tinyint(4) DEFAULT NULL,
  `SC` tinyint(4) DEFAULT NULL,
  `PO` tinyint(4) DEFAULT NULL,
  `GI` tinyint(4) DEFAULT NULL,
  `CM` tinyint(4) DEFAULT NULL,
  `AC` tinyint(4) DEFAULT NULL,
  `AI` tinyint(4) DEFAULT NULL,
  `IE` tinyint(4) DEFAULT NULL,
  `PY` tinyint(4) DEFAULT NULL,
  `FX` tinyint(4) DEFAULT NULL,
  `FE` tinyint(4) DEFAULT NULL,
  PRIMARY KEY (`TH`,`XZ`)
) ENGINE=MEMORY DEFAULT CHARSET=utf8;

--
-- Dumping data for table `cpidf_memory`
--

INSERT INTO `cpidf_memory` (`TH`, `XZ`, `DO`, `CS`, `SY`, `SP`, `SA`, `WB`, `RE`, `SO`, `SC`, `PO`, `GI`, `CM`, `AC`, `AI`, `IE`, `PY`, `FX`, `FE`) VALUES
(1, 1, 0, NULL, 1, NULL, NULL, NULL, NULL, NULL, NULL, NULL, NULL, NULL, NULL, NULL, NULL, NULL, NULL, NULL),
(1, 2, 0, NULL, NULL, NULL, NULL, NULL, NULL, NULL, NULL, NULL, NULL, NULL, NULL, NULL, NULL, NULL, NULL, NULL),
(2, 1, 0, NULL, NULL, NULL, NULL, NULL, NULL, NULL, NULL, NULL, NULL, NULL, NULL, NULL, NULL, NULL, NULL, NULL),
(2, 2, 0, NULL, NULL, NULL, NULL, NULL, NULL, NULL, NULL, NULL, NULL, NULL, NULL, NULL, NULL, NULL, NULL, NULL),
(3, 1, 0, NULL, NULL, 1, NULL, NULL, NULL, NULL, NULL, NULL, NULL, NULL, NULL, NULL, NULL, NULL, NULL, NULL),
(3, 2, 0, NULL, NULL, NULL, NULL, NULL, NULL, NULL, 1, NULL, NULL, NULL, NULL, NULL, NULL, NULL, NULL, NULL),
(4, 1, 0, NULL, NULL, NULL, NULL, NULL, NULL, NULL, NULL, NULL, NULL, NULL, NULL, NULL, NULL, NULL, NULL, NULL),
(4, 2, 0, NULL, NULL, NULL, 1, NULL, NULL, NULL, NULL, NULL, NULL, NULL, NULL, 1, NULL, NULL, NULL, NULL),
(5, 1, 0, NULL, NULL, NULL, NULL, NULL, NULL, NULL, NULL, NULL, NULL, NULL, NULL, NULL, NULL, NULL, NULL, NULL),
(5, 2, 0, NULL, NULL, NULL, NULL, NULL, NULL, NULL, NULL, NULL, NULL, NULL, NULL, NULL, NULL, 1, NULL, NULL),
(6, 1, 0, NULL, NULL, NULL, NULL, NULL, NULL, NULL, NULL, NULL, 1, NULL, NULL, NULL, NULL, NULL, NULL, NULL),
(6, 2, 0, NULL, NULL, NULL, NULL, NULL, NULL, NULL, NULL, NULL, NULL, NULL, NULL, NULL, NULL, NULL, NULL, NULL),
(7, 1, 0, NULL, NULL, NULL, NULL, NULL, NULL, NULL, NULL, NULL, NULL, NULL, NULL, NULL, NULL, NULL, NULL, NULL),
(7, 2, 0, NULL, NULL, NULL, NULL, 1, NULL, NULL, NULL, 1, NULL, NULL, NULL, NULL, NULL, NULL, NULL, NULL),
(8, 1, 0, 1, NULL, NULL, NULL, NULL, NULL, NULL, NULL, NULL, NULL, NULL, NULL, NULL, NULL, NULL, NULL, NULL),
(8, 2, 0, NULL, NULL, NULL, NULL, NULL, NULL, NULL, NULL, NULL, NULL, NULL, NULL, NULL, NULL, NULL, NULL, NULL),
(9, 1, 0, NULL, NULL, NULL, NULL, NULL, NULL, NULL, NULL, NULL, NULL, NULL, NULL, NULL, NULL, NULL, NULL, NULL),
(9, 2, 0, NULL, NULL, NULL, NULL, NULL, NULL, NULL, NULL, NULL, NULL, NULL, NULL, NULL, NULL, NULL, NULL, 1),
(10, 1, 0, NULL, NULL, NULL, NULL, NULL, NULL, NULL, NULL, NULL, NULL, NULL, NULL, NULL, NULL, NULL, NULL, NULL),
(10, 2, 0, NULL, NULL, NULL, NULL, NULL, NULL, NULL, NULL, NULL, NULL, NULL, NULL, NULL, NULL, NULL, NULL, NULL),
(11, 1, 0, NULL, NULL, NULL, NULL, NULL, NULL, NULL, NULL, NULL, NULL, NULL, NULL, NULL, NULL, NULL, NULL, NULL),
(11, 2, 0, NULL, NULL, 1, NULL, NULL, NULL, NULL, NULL, NULL, NULL, NULL, NULL, NULL, NULL, NULL, NULL, NULL),
(12, 1, 0, NULL, NULL, NULL, NULL, NULL, NULL, NULL, NULL, NULL, NULL, NULL, NULL, NULL, NULL, NULL, NULL, NULL),
(12, 2, 0, NULL, NULL, NULL, NULL, NULL, NULL, NULL, NULL, 1, NULL, NULL, NULL, NULL, NULL, NULL, NULL, NULL),
(13, 1, 0, NULL, NULL, NULL, NULL, NULL, NULL, NULL, NULL, NULL, NULL, NULL, NULL, NULL, NULL, NULL, NULL, 1),
(13, 2, 0, NULL, NULL, NULL, NULL, NULL, NULL, NULL, NULL, NULL, NULL, NULL, NULL, NULL, NULL, NULL, NULL, NULL),
(14, 1, 0, NULL, NULL, NULL, NULL, NULL, NULL, NULL, NULL, NULL, NULL, NULL, NULL, NULL, NULL, NULL, NULL, NULL),
(14, 2, 0, NULL, NULL, NULL, NULL, NULL, NULL, NULL, 1, NULL, NULL, NULL, 1, NULL, NULL, NULL, NULL, NULL),
(15, 1, 0, NULL, NULL, NULL, NULL, NULL, NULL, NULL, NULL, NULL, NULL, NULL, NULL, NULL, NULL, NULL, NULL, NULL),
(15, 2, 0, NULL, NULL, NULL, NULL, NULL, NULL, NULL, NULL, NULL, 1, NULL, NULL, NULL, NULL, NULL, NULL, NULL),
(16, 1, 0, NULL, NULL, NULL, NULL, NULL, NULL, NULL, NULL, NULL, NULL, NULL, NULL, NULL, NULL, NULL, NULL, NULL),
(16, 2, 0, NULL, NULL, NULL, 1, NULL, NULL, NULL, NULL, NULL, NULL, NULL, NULL, NULL, NULL, NULL, NULL, NULL),
(17, 1, 0, NULL, NULL, NULL, NULL, NULL, NULL, NULL, NULL, NULL, NULL, NULL, NULL, NULL, NULL, NULL, NULL, NULL),
(17, 2, 0, NULL, NULL, NULL, 1, NULL, NULL, NULL, NULL, NULL, NULL, NULL, NULL, NULL, NULL, NULL, NULL, NULL),
(18, 1, 0, NULL, NULL, NULL, NULL, NULL, NULL, NULL, NULL, NULL, NULL, NULL, NULL, NULL, NULL, NULL, NULL, NULL),
(18, 2, 0, 1, NULL, NULL, NULL, NULL, NULL, NULL, NULL, NULL, NULL, NULL, NULL, NULL, NULL, NULL, NULL, NULL),
(19, 1, 0, NULL, NULL, NULL, NULL, NULL, NULL, NULL, NULL, NULL, NULL, NULL, NULL, NULL, NULL, NULL, NULL, NULL),
(19, 2, 0, NULL, NULL, NULL, NULL, NULL, NULL, NULL, NULL, NULL, NULL, NULL, NULL, 1, NULL, NULL, NULL, NULL),
(20, 1, 0, NULL, NULL, NULL, NULL, NULL, NULL, NULL, NULL, NULL, NULL, NULL, NULL, NULL, NULL, NULL, NULL, NULL),
(20, 2, 0, NULL, NULL, NULL, NULL, NULL, NULL, NULL, 1, NULL, 1, NULL, NULL, NULL, NULL, NULL, NULL, NULL),
(21, 1, 0, NULL, NULL, NULL, NULL, NULL, NULL, NULL, NULL, NULL, NULL, NULL, NULL, NULL, NULL, NULL, NULL, NULL),
(21, 2, 0, NULL, NULL, NULL, NULL, NULL, 1, NULL, NULL, NULL, NULL, NULL, NULL, NULL, NULL, NULL, NULL, NULL),
(22, 1, 0, NULL, NULL, NULL, NULL, NULL, NULL, NULL, NULL, NULL, NULL, NULL, NULL, NULL, NULL, NULL, NULL, NULL),
(22, 2, 0, NULL, NULL, NULL, NULL, NULL, NULL, NULL, 1, NULL, 1, NULL, NULL, NULL, NULL, NULL, NULL, NULL),
(23, 1, 0, NULL, NULL, NULL, NULL, NULL, NULL, NULL, NULL, NULL, NULL, NULL, NULL, NULL, NULL, NULL, NULL, NULL),
(23, 2, 0, 1, NULL, 1, NULL, NULL, NULL, NULL, NULL, NULL, NULL, NULL, NULL, NULL, NULL, NULL, NULL, NULL),
(24, 1, 0, NULL, NULL, NULL, NULL, NULL, NULL, NULL, NULL, NULL, NULL, NULL, NULL, NULL, NULL, NULL, NULL, NULL),
(24, 2, 0, NULL, NULL, NULL, NULL, NULL, 1, NULL, NULL, NULL, NULL, NULL, 1, NULL, NULL, NULL, NULL, NULL),
(25, 1, 0, NULL, 1, 1, NULL, NULL, NULL, NULL, NULL, NULL, NULL, NULL, NULL, NULL, 1, NULL, NULL, NULL),
(25, 2, 0, NULL, NULL, NULL, NULL, NULL, NULL, NULL, NULL, NULL, NULL, NULL, NULL, NULL, NULL, NULL, NULL, NULL),
(26, 1, 1, NULL, NULL, NULL, NULL, NULL, NULL, NULL, NULL, NULL, NULL, NULL, NULL, NULL, NULL, NULL, NULL, NULL),
(26, 2, 0, NULL, NULL, NULL, NULL, NULL, NULL, NULL, 1, NULL, NULL, NULL, NULL, NULL, NULL, NULL, NULL, NULL),
(27, 1, 0, NULL, NULL, NULL, NULL, NULL, NULL, NULL, NULL, NULL, NULL, NULL, NULL, NULL, NULL, NULL, NULL, NULL),
(27, 2, 1, NULL, NULL, NULL, NULL, NULL, NULL, NULL, NULL, NULL, NULL, NULL, NULL, NULL, NULL, 1, NULL, NULL),
(28, 1, 0, NULL, NULL, NULL, NULL, NULL, NULL, NULL, NULL, NULL, NULL, NULL, NULL, NULL, NULL, NULL, NULL, 1),
(28, 2, 0, NULL, NULL, 1, NULL, NULL, NULL, NULL, NULL, NULL, NULL, NULL, NULL, NULL, NULL, NULL, NULL, NULL),
(29, 1, 0, NULL, NULL, NULL, NULL, NULL, NULL, NULL, NULL, NULL, NULL, NULL, NULL, NULL, NULL, NULL, NULL, NULL),
(29, 2, 0, NULL, NULL, NULL, NULL, NULL, NULL, NULL, NULL, NULL, NULL, NULL, NULL, 1, NULL, NULL, NULL, NULL),
(30, 1, 0, NULL, NULL, NULL, NULL, NULL, 1, NULL, NULL, NULL, NULL, NULL, NULL, NULL, NULL, NULL, NULL, NULL),
(30, 2, 0, NULL, NULL, NULL, NULL, NULL, NULL, NULL, NULL, NULL, NULL, NULL, NULL, NULL, NULL, NULL, NULL, NULL),
(31, 1, 0, NULL, NULL, NULL, NULL, NULL, NULL, NULL, NULL, NULL, NULL, NULL, NULL, NULL, NULL, NULL, NULL, 1),
(31, 2, 0, NULL, NULL, NULL, NULL, NULL, NULL, NULL, NULL, NULL, NULL, NULL, NULL, NULL, NULL, NULL, NULL, NULL),
(32, 1, 0, NULL, NULL, NULL, NULL, NULL, NULL, NULL, NULL, NULL, NULL, NULL, NULL, NULL, NULL, NULL, NULL, NULL),
(32, 2, 0, NULL, NULL, NULL, NULL, NULL, NULL, NULL, NULL, NULL, 1, NULL, NULL, NULL, NULL, NULL, NULL, NULL),
(33, 1, 0, NULL, NULL, NULL, NULL, NULL, NULL, NULL, NULL, NULL, NULL, NULL, NULL, NULL, NULL, NULL, NULL, NULL),
(33, 2, 0, NULL, NULL, NULL, NULL, NULL, NULL, NULL, NULL, 1, NULL, NULL, NULL, NULL, NULL, NULL, NULL, NULL),
(34, 1, 0, NULL, NULL, NULL, NULL, NULL, NULL, NULL, NULL, NULL, NULL, NULL, NULL, NULL, NULL, NULL, NULL, NULL),
(34, 2, 0, NULL, NULL, 1, NULL, NULL, NULL, NULL, NULL, NULL, NULL, NULL, NULL, NULL, NULL, NULL, NULL, NULL),
(35, 1, 0, NULL, NULL, NULL, NULL, NULL, NULL, NULL, NULL, NULL, NULL, NULL, NULL, NULL, NULL, NULL, NULL, NULL),
(35, 2, 0, NULL, NULL, NULL, NULL, 1, NULL, NULL, NULL, NULL, 1, NULL, NULL, NULL, NULL, NULL, NULL, NULL),
(36, 1, 0, 1, NULL, NULL, NULL, NULL, NULL, NULL, NULL, NULL, NULL, NULL, NULL, NULL, NULL, NULL, NULL, NULL),
(36, 2, 0, NULL, NULL, NULL, NULL, NULL, NULL, NULL, NULL, NULL, NULL, NULL, NULL, NULL, NULL, NULL, NULL, NULL),
(37, 1, 0, NULL, NULL, NULL, NULL, NULL, NULL, NULL, NULL, NULL, NULL, NULL, NULL, NULL, NULL, NULL, NULL, NULL),
(37, 2, 0, NULL, NULL, NULL, NULL, NULL, 1, NULL, NULL, NULL, NULL, NULL, NULL, NULL, NULL, NULL, NULL, NULL),
(38, 1, 0, NULL, NULL, NULL, NULL, NULL, NULL, NULL, NULL, NULL, NULL, NULL, NULL, NULL, NULL, NULL, NULL, NULL),
(38, 2, 0, NULL, 1, 1, NULL, NULL, NULL, NULL, NULL, NULL, NULL, NULL, NULL, NULL, NULL, NULL, NULL, NULL),
(39, 1, 0, NULL, NULL, NULL, NULL, NULL, NULL, NULL, NULL, NULL, NULL, NULL, NULL, NULL, NULL, NULL, NULL, NULL),
(39, 2, 0, NULL, NULL, NULL, NULL, NULL, 1, NULL, NULL, NULL, NULL, NULL, NULL, NULL, NULL, NULL, NULL, NULL),
(40, 1, 0, NULL, NULL, NULL, NULL, NULL, NULL, NULL, NULL, NULL, NULL, NULL, NULL, NULL, NULL, NULL, NULL, NULL),
(40, 2, 0, NULL, NULL, 1, NULL, NULL, NULL, NULL, NULL, NULL, NULL, NULL, NULL, NULL, 1, NULL, NULL, NULL),
(41, 1, 0, NULL, NULL, NULL, NULL, NULL, NULL, NULL, NULL, NULL, NULL, NULL, NULL, NULL, NULL, NULL, NULL, NULL),
(41, 2, 0, NULL, NULL, NULL, NULL, NULL, 1, NULL, NULL, NULL, NULL, NULL, NULL, NULL, NULL, NULL, NULL, NULL),
(42, 1, 0, NULL, NULL, NULL, NULL, NULL, NULL, NULL, NULL, NULL, NULL, NULL, NULL, NULL, NULL, NULL, NULL, NULL),
(42, 2, 0, NULL, NULL, NULL, NULL, NULL, NULL, NULL, 1, NULL, 1, NULL, NULL, NULL, NULL, NULL, NULL, 1),
(43, 1, 0, NULL, NULL, NULL, NULL, NULL, NULL, NULL, NULL, NULL, NULL, NULL, NULL, NULL, NULL, NULL, NULL, NULL),
(43, 2, 0, 1, NULL, NULL, NULL, NULL, NULL, NULL, NULL, NULL, NULL, NULL, NULL, NULL, NULL, NULL, NULL, NULL),
(44, 1, 0, NULL, NULL, NULL, NULL, NULL, NULL, NULL, NULL, NULL, NULL, NULL, NULL, NULL, NULL, NULL, NULL, NULL),
(44, 2, 0, NULL, NULL, NULL, NULL, NULL, NULL, NULL, NULL, NULL, 1, NULL, NULL, NULL, NULL, NULL, NULL, NULL),
(45, 1, 0, NULL, NULL, NULL, NULL, NULL, NULL, NULL, NULL, NULL, NULL, NULL, NULL, NULL, NULL, NULL, NULL, NULL),
(45, 2, 0, NULL, NULL, NULL, NULL, NULL, NULL, NULL, NULL, NULL, NULL, NULL, NULL, NULL, NULL, NULL, NULL, 1),
(46, 1, 0, NULL, NULL, NULL, NULL, NULL, NULL, NULL, NULL, NULL, NULL, NULL, NULL, NULL, NULL, NULL, NULL, NULL),
(46, 2, 0, NULL, 1, 1, NULL, NULL, NULL, NULL, NULL, NULL, NULL, NULL, NULL, NULL, NULL, NULL, NULL, NULL),
(47, 1, 0, NULL, NULL, NULL, NULL, NULL, NULL, NULL, NULL, NULL, NULL, NULL, NULL, NULL, NULL, NULL, NULL, NULL),
(47, 2, 0, NULL, NULL, NULL, NULL, NULL, NULL, NULL, NULL, NULL, NULL, NULL, NULL, NULL, NULL, 1, NULL, NULL),
(48, 1, 0, NULL, NULL, NULL, NULL, NULL, NULL, NULL, NULL, NULL, NULL, NULL, NULL, NULL, NULL, NULL, NULL, NULL),
(48, 2, 0, NULL, NULL, NULL, NULL, 1, NULL, NULL, NULL, 1, NULL, NULL, NULL, NULL, NULL, NULL, NULL, NULL),
(49, 1, 0, NULL, NULL, NULL, NULL, NULL, NULL, NULL, NULL, NULL, NULL, NULL, NULL, NULL, NULL, NULL, NULL, NULL),
(49, 2, 0, NULL, NULL, NULL, NULL, NULL, NULL, NULL, NULL, NULL, 1, NULL, NULL, NULL, NULL, NULL, NULL, NULL),
(50, 1, 0, NULL, NULL, NULL, NULL, NULL, NULL, NULL, NULL, NULL, NULL, NULL, NULL, NULL, NULL, NULL, NULL, NULL),
(50, 2, 0, 1, NULL, NULL, NULL, NULL, NULL, NULL, NULL, 1, NULL, NULL, NULL, NULL, NULL, NULL, NULL, NULL),
(51, 1, 0, NULL, NULL, NULL, NULL, NULL, NULL, NULL, NULL, NULL, NULL, NULL, NULL, NULL, NULL, NULL, NULL, NULL),
(51, 2, 0, NULL, NULL, NULL, NULL, NULL, NULL, NULL, NULL, NULL, NULL, NULL, NULL, NULL, NULL, 1, NULL, NULL),
(52, 1, 0, NULL, NULL, NULL, NULL, NULL, NULL, NULL, NULL, NULL, NULL, NULL, NULL, NULL, NULL, NULL, NULL, NULL),
(52, 2, 0, NULL, NULL, NULL, NULL, NULL, NULL, NULL, NULL, NULL, 1, NULL, NULL, NULL, NULL, NULL, NULL, NULL),
(53, 1, 0, NULL, 1, 1, NULL, NULL, NULL, NULL, NULL, NULL, NULL, NULL, NULL, NULL, NULL, NULL, NULL, NULL),
(53, 2, 0, NULL, NULL, NULL, NULL, NULL, NULL, NULL, 1, NULL, NULL, NULL, NULL, NULL, NULL, NULL, NULL, NULL),
(54, 1, 0, NULL, 1, NULL, NULL, NULL, NULL, NULL, NULL, NULL, NULL, NULL, NULL, NULL, NULL, NULL, NULL, NULL),
(54, 2, 0, NULL, NULL, NULL, NULL, NULL, NULL, NULL, NULL, NULL, NULL, NULL, NULL, NULL, NULL, NULL, NULL, NULL),
(55, 1, 0, NULL, NULL, NULL, NULL, NULL, NULL, NULL, NULL, NULL, NULL, NULL, NULL, NULL, NULL, NULL, NULL, NULL),
(55, 2, 0, NULL, NULL, NULL, NULL, NULL, NULL, NULL, NULL, NULL, 1, NULL, NULL, NULL, NULL, NULL, NULL, NULL),
(56, 1, 0, NULL, NULL, NULL, NULL, NULL, NULL, NULL, NULL, NULL, NULL, NULL, NULL, NULL, NULL, NULL, NULL, 1),
(56, 2, 0, NULL, NULL, NULL, NULL, NULL, NULL, NULL, NULL, NULL, NULL, NULL, NULL, NULL, NULL, NULL, NULL, NULL),
(57, 1, 0, NULL, NULL, NULL, NULL, NULL, NULL, NULL, NULL, NULL, NULL, NULL, NULL, NULL, NULL, NULL, NULL, NULL),
(57, 2, 1, NULL, 1, NULL, 1, NULL, NULL, NULL, NULL, NULL, NULL, NULL, NULL, NULL, 1, NULL, NULL, NULL),
(58, 1, 0, NULL, NULL, NULL, NULL, NULL, NULL, NULL, NULL, NULL, NULL, NULL, NULL, NULL, NULL, NULL, NULL, NULL),
(58, 2, 0, NULL, NULL, NULL, NULL, NULL, 1, NULL, NULL, NULL, NULL, NULL, NULL, NULL, NULL, NULL, NULL, NULL),
(59, 1, 0, NULL, NULL, NULL, NULL, NULL, NULL, NULL, NULL, NULL, NULL, NULL, NULL, NULL, NULL, NULL, NULL, NULL),
(59, 2, 0, NULL, NULL, NULL, NULL, NULL, NULL, NULL, 1, NULL, NULL, NULL, NULL, NULL, NULL, NULL, NULL, NULL),
(60, 1, 0, NULL, NULL, NULL, NULL, NULL, NULL, NULL, NULL, NULL, NULL, NULL, NULL, NULL, NULL, NULL, NULL, NULL),
(60, 2, 0, NULL, NULL, NULL, NULL, NULL, NULL, NULL, NULL, NULL, NULL, NULL, NULL, 1, NULL, NULL, NULL, NULL),
(61, 1, 0, NULL, NULL, NULL, NULL, NULL, NULL, NULL, NULL, NULL, NULL, NULL, NULL, NULL, NULL, NULL, NULL, NULL),
(61, 2, 0, NULL, NULL, NULL, NULL, NULL, NULL, NULL, NULL, NULL, NULL, NULL, 1, NULL, NULL, NULL, NULL, NULL),
(62, 1, 0, NULL, NULL, NULL, NULL, NULL, NULL, NULL, NULL, NULL, NULL, NULL, NULL, NULL, NULL, NULL, NULL, NULL),
(62, 2, 0, NULL, NULL, NULL, NULL, NULL, NULL, NULL, NULL, NULL, NULL, NULL, NULL, 1, NULL, NULL, NULL, NULL),
(63, 1, 0, NULL, NULL, NULL, NULL, NULL, NULL, NULL, NULL, NULL, NULL, NULL, NULL, NULL, NULL, NULL, NULL, NULL),
(63, 2, 0, NULL, NULL, NULL, NULL, NULL, NULL, NULL, NULL, NULL, NULL, NULL, NULL, NULL, NULL, NULL, NULL, NULL),
(64, 1, 0, NULL, NULL, NULL, NULL, NULL, NULL, NULL, NULL, NULL, NULL, NULL, NULL, NULL, NULL, NULL, NULL, NULL),
(64, 2, 0, NULL, 1, NULL, NULL, NULL, NULL, NULL, NULL, NULL, NULL, NULL, NULL, NULL, NULL, NULL, NULL, NULL),
(65, 1, 0, NULL, NULL, NULL, NULL, NULL, NULL, NULL, NULL, NULL, NULL, NULL, NULL, NULL, NULL, NULL, NULL, NULL),
(65, 2, 0, NULL, NULL, NULL, NULL, NULL, 1, NULL, NULL, NULL, NULL, NULL, NULL, NULL, NULL, NULL, NULL, 1),
(66, 1, 0, NULL, NULL, NULL, NULL, NULL, NULL, NULL, NULL, NULL, NULL, NULL, NULL, NULL, NULL, NULL, NULL, NULL),
(66, 2, 0, NULL, NULL, NULL, NULL, NULL, NULL, NULL, NULL, NULL, NULL, NULL, NULL, 1, NULL, NULL, NULL, NULL),
(67, 1, 0, NULL, NULL, NULL, NULL, NULL, NULL, NULL, NULL, NULL, NULL, NULL, NULL, NULL, NULL, NULL, NULL, NULL),
(67, 2, 0, NULL, NULL, NULL, NULL, NULL, NULL, NULL, NULL, NULL, NULL, NULL, NULL, NULL, NULL, 1, NULL, NULL),
(68, 1, 0, NULL, NULL, NULL, NULL, NULL, NULL, NULL, NULL, NULL, NULL, NULL, NULL, NULL, NULL, NULL, NULL, NULL),
(68, 2, 0, NULL, NULL, NULL, NULL, NULL, NULL, NULL, 1, NULL, NULL, NULL, NULL, NULL, NULL, NULL, NULL, NULL),
(69, 1, 0, NULL, NULL, NULL, NULL, NULL, NULL, NULL, NULL, NULL, NULL, NULL, NULL, NULL, NULL, NULL, NULL, NULL),
(69, 2, 0, NULL, NULL, NULL, NULL, NULL, 1, NULL, NULL, NULL, NULL, NULL, NULL, NULL, NULL, NULL, NULL, NULL),
(70, 1, 0, NULL, NULL, NULL, NULL, NULL, NULL, NULL, NULL, NULL, NULL, NULL, NULL, NULL, NULL, NULL, NULL, NULL),
(70, 2, 0, NULL, NULL, NULL, NULL, NULL, NULL, NULL, NULL, NULL, NULL, NULL, NULL, 1, NULL, NULL, NULL, NULL),
(71, 1, 0, NULL, NULL, NULL, NULL, NULL, NULL, 1, NULL, NULL, NULL, NULL, NULL, NULL, NULL, NULL, NULL, 1),
(71, 2, 0, NULL, NULL, NULL, NULL, NULL, NULL, NULL, NULL, NULL, NULL, NULL, NULL, NULL, NULL, NULL, NULL, NULL),
(72, 1, 0, NULL, NULL, NULL, NULL, NULL, NULL, NULL, NULL, NULL, NULL, NULL, NULL, NULL, NULL, NULL, NULL, NULL),
(72, 2, 0, NULL, 1, NULL, NULL, NULL, NULL, NULL, NULL, NULL, NULL, NULL, 1, NULL, NULL, 1, NULL, NULL),
(73, 1, 0, NULL, NULL, NULL, NULL, NULL, NULL, NULL, NULL, NULL, NULL, NULL, NULL, NULL, NULL, NULL, NULL, NULL),
(73, 2, 0, NULL, NULL, NULL, NULL, NULL, NULL, NULL, NULL, NULL, 1, NULL, NULL, NULL, NULL, NULL, NULL, NULL),
(74, 1, 0, NULL, NULL, NULL, NULL, NULL, NULL, NULL, NULL, NULL, NULL, NULL, NULL, NULL, NULL, NULL, NULL, NULL),
(74, 2, 0, NULL, NULL, NULL, NULL, NULL, NULL, NULL, 1, 1, NULL, NULL, NULL, NULL, NULL, NULL, NULL, NULL),
(75, 1, 0, NULL, NULL, NULL, NULL, NULL, NULL, NULL, NULL, NULL, NULL, NULL, NULL, NULL, NULL, NULL, NULL, NULL),
(75, 2, 0, NULL, NULL, NULL, NULL, NULL, NULL, NULL, NULL, NULL, 1, NULL, NULL, NULL, NULL, NULL, NULL, NULL),
(76, 1, 0, NULL, NULL, NULL, NULL, NULL, NULL, NULL, NULL, NULL, NULL, NULL, NULL, NULL, NULL, NULL, NULL, NULL),
(76, 2, 0, NULL, NULL, NULL, NULL, NULL, NULL, NULL, NULL, NULL, NULL, NULL, 1, NULL, NULL, NULL, NULL, NULL),
(77, 1, 0, NULL, NULL, NULL, NULL, NULL, NULL, NULL, NULL, NULL, NULL, NULL, NULL, NULL, NULL, NULL, NULL, NULL),
(77, 2, 0, NULL, NULL, NULL, NULL, NULL, NULL, NULL, NULL, 1, NULL, NULL, NULL, NULL, NULL, NULL, NULL, NULL),
(78, 1, 0, NULL, NULL, NULL, NULL, NULL, NULL, NULL, NULL, NULL, NULL, NULL, NULL, NULL, NULL, NULL, NULL, NULL),
(78, 2, 0, NULL, NULL, NULL, NULL, NULL, NULL, NULL, NULL, NULL, 1, NULL, NULL, NULL, NULL, NULL, NULL, NULL),
(79, 1, 0, 1, NULL, NULL, NULL, NULL, NULL, NULL, NULL, NULL, NULL, NULL, NULL, NULL, NULL, NULL, NULL, NULL),
(79, 2, 0, NULL, NULL, NULL, NULL, NULL, NULL, NULL, NULL, NULL, NULL, NULL, NULL, NULL, NULL, NULL, NULL, NULL),
(80, 1, 0, NULL, NULL, NULL, NULL, NULL, NULL, NULL, NULL, NULL, NULL, NULL, NULL, NULL, NULL, NULL, NULL, NULL),
(80, 2, 0, NULL, NULL, NULL, NULL, NULL, NULL, NULL, NULL, NULL, NULL, NULL, 1, NULL, NULL, NULL, NULL, NULL),
(81, 1, 0, NULL, 1, NULL, NULL, NULL, NULL, NULL, NULL, NULL, NULL, NULL, NULL, NULL, NULL, NULL, NULL, NULL),
(81, 2, 0, NULL, NULL, NULL, NULL, NULL, NULL, NULL, NULL, NULL, NULL, NULL, NULL, NULL, NULL, NULL, NULL, NULL),
(82, 1, 0, NULL, NULL, NULL, NULL, NULL, NULL, NULL, NULL, NULL, NULL, NULL, NULL, NULL, NULL, NULL, NULL, NULL),
(82, 2, 0, NULL, NULL, NULL, NULL, NULL, 1, 1, NULL, NULL, NULL, NULL, NULL, NULL, NULL, NULL, NULL, NULL),
(83, 1, 1, 1, 1, NULL, NULL, NULL, NULL, NULL, NULL, NULL, NULL, NULL, NULL, NULL, 1, NULL, NULL, NULL),
(83, 2, 0, NULL, NULL, NULL, NULL, NULL, NULL, NULL, NULL, NULL, NULL, NULL, NULL, NULL, NULL, NULL, NULL, NULL),
(84, 1, 0, NULL, NULL, NULL, NULL, NULL, NULL, 1, NULL, NULL, NULL, NULL, NULL, NULL, NULL, NULL, NULL, NULL),
(84, 2, 0, NULL, NULL, NULL, NULL, NULL, NULL, NULL, NULL, NULL, NULL, NULL, NULL, NULL, NULL, NULL, NULL, NULL),
(85, 1, 0, NULL, NULL, NULL, NULL, NULL, NULL, NULL, NULL, NULL, NULL, NULL, NULL, NULL, NULL, NULL, NULL, NULL),
(85, 2, 0, NULL, NULL, NULL, NULL, NULL, NULL, NULL, 1, NULL, 1, NULL, NULL, NULL, NULL, NULL, NULL, NULL),
(86, 1, 0, NULL, NULL, NULL, NULL, NULL, NULL, NULL, NULL, NULL, NULL, NULL, NULL, NULL, NULL, NULL, NULL, NULL),
(86, 2, 0, NULL, NULL, NULL, NULL, NULL, NULL, NULL, 1, NULL, NULL, NULL, 1, NULL, NULL, NULL, NULL, NULL),
(87, 1, 0, NULL, NULL, NULL, NULL, NULL, NULL, NULL, NULL, NULL, NULL, NULL, NULL, NULL, NULL, NULL, NULL, NULL),
(87, 2, 0, NULL, NULL, NULL, NULL, NULL, NULL, NULL, NULL, NULL, NULL, NULL, 1, NULL, NULL, NULL, NULL, NULL),
(88, 1, 0, NULL, NULL, NULL, NULL, NULL, NULL, NULL, NULL, NULL, NULL, NULL, NULL, NULL, NULL, NULL, NULL, NULL),
(88, 2, 0, NULL, NULL, NULL, NULL, NULL, NULL, NULL, NULL, 1, NULL, NULL, NULL, NULL, NULL, NULL, NULL, NULL),
(89, 1, 0, NULL, NULL, NULL, NULL, NULL, NULL, NULL, NULL, NULL, NULL, NULL, NULL, NULL, NULL, NULL, NULL, NULL),
(89, 2, 1, NULL, NULL, 1, 1, NULL, NULL, NULL, NULL, NULL, NULL, NULL, NULL, NULL, NULL, NULL, NULL, NULL),
(90, 1, 0, NULL, NULL, NULL, NULL, NULL, NULL, NULL, NULL, NULL, NULL, NULL, NULL, NULL, NULL, NULL, NULL, NULL),
(90, 2, 0, NULL, NULL, NULL, NULL, NULL, NULL, NULL, 1, NULL, 1, NULL, NULL, NULL, NULL, NULL, NULL, NULL),
(91, 1, 1, NULL, NULL, NULL, 1, NULL, NULL, NULL, NULL, NULL, NULL, NULL, NULL, NULL, NULL, NULL, NULL, NULL),
(91, 2, 0, NULL, NULL, NULL, NULL, NULL, NULL, NULL, NULL, NULL, NULL, NULL, NULL, NULL, NULL, NULL, NULL, NULL),
(92, 1, 0, NULL, NULL, NULL, NULL, NULL, NULL, NULL, NULL, NULL, NULL, NULL, NULL, NULL, NULL, NULL, NULL, NULL),
(92, 2, 0, NULL, NULL, NULL, NULL, NULL, NULL, NULL, 1, 1, NULL, NULL, NULL, NULL, NULL, NULL, NULL, NULL),
(93, 1, 0, NULL, NULL, NULL, NULL, NULL, NULL, NULL, NULL, NULL, NULL, NULL, NULL, NULL, NULL, NULL, NULL, NULL),
(93, 2, 0, NULL, NULL, NULL, NULL, NULL, NULL, NULL, NULL, 1, NULL, NULL, NULL, NULL, NULL, NULL, NULL, NULL),
(94, 1, 0, NULL, NULL, NULL, NULL, NULL, NULL, NULL, NULL, NULL, NULL, NULL, NULL, NULL, NULL, NULL, NULL, NULL),
(94, 2, 0, NULL, NULL, NULL, NULL, NULL, NULL, NULL, 1, NULL, NULL, NULL, NULL, NULL, NULL, 1, NULL, NULL),
(95, 1, 0, NULL, NULL, NULL, NULL, NULL, NULL, NULL, NULL, NULL, NULL, NULL, NULL, NULL, NULL, NULL, NULL, NULL),
(95, 2, 0, 1, NULL, NULL, NULL, NULL, NULL, NULL, NULL, NULL, NULL, NULL, NULL, NULL, NULL, NULL, NULL, NULL),
(96, 1, 0, NULL, NULL, NULL, NULL, NULL, NULL, NULL, NULL, NULL, NULL, NULL, NULL, NULL, NULL, NULL, NULL, NULL),
(96, 2, 0, NULL, NULL, NULL, NULL, 1, NULL, NULL, 1, NULL, NULL, NULL, NULL, NULL, NULL, NULL, NULL, NULL),
(97, 1, 0, NULL, NULL, NULL, NULL, NULL, NULL, NULL, NULL, NULL, NULL, NULL, NULL, NULL, NULL, NULL, NULL, NULL),
(97, 2, 0, NULL, NULL, NULL, NULL, NULL, NULL, NULL, NULL, NULL, NULL, NULL, NULL, NULL, NULL, NULL, NULL, NULL),
(98, 1, 0, NULL, NULL, NULL, NULL, NULL, NULL, NULL, NULL, NULL, NULL, NULL, NULL, NULL, NULL, NULL, NULL, NULL),
(98, 2, 0, NULL, NULL, NULL, NULL, NULL, NULL, NULL, NULL, NULL, NULL, NULL, 1, NULL, NULL, NULL, NULL, NULL),
(99, 1, 0, 1, NULL, 1, NULL, NULL, NULL, NULL, NULL, NULL, NULL, NULL, NULL, NULL, 1, NULL, NULL, NULL),
(99, 2, 0, NULL, NULL, NULL, NULL, NULL, NULL, NULL, NULL, NULL, NULL, NULL, NULL, NULL, NULL, NULL, NULL, NULL),
(100, 1, 0, NULL, NULL, NULL, NULL, NULL, NULL, NULL, NULL, NULL, NULL, NULL, NULL, NULL, NULL, NULL, NULL, NULL),
(100, 2, 0, NULL, NULL, NULL, NULL, NULL, NULL, NULL, NULL, NULL, 1, NULL, NULL, NULL, NULL, NULL, NULL, NULL),
(101, 1, 0, NULL, NULL, NULL, NULL, NULL, NULL, NULL, NULL, NULL, NULL, NULL, NULL, NULL, NULL, NULL, NULL, NULL),
(101, 2, 0, NULL, NULL, NULL, NULL, NULL, 1, NULL, NULL, NULL, NULL, NULL, NULL, NULL, NULL, NULL, NULL, NULL),
(102, 1, 0, NULL, NULL, NULL, NULL, NULL, NULL, NULL, NULL, NULL, NULL, NULL, NULL, NULL, NULL, NULL, NULL, NULL),
(102, 2, 0, NULL, NULL, NULL, NULL, NULL, NULL, NULL, NULL, 1, NULL, NULL, NULL, 1, NULL, NULL, NULL, NULL),
(103, 1, 0, NULL, NULL, 1, NULL, NULL, NULL, NULL, NULL, NULL, NULL, NULL, NULL, NULL, NULL, NULL, NULL, NULL),
(103, 2, 0, NULL, NULL, NULL, NULL, NULL, NULL, NULL, NULL, NULL, NULL, NULL, NULL, NULL, NULL, NULL, NULL, NULL),
(104, 1, 0, NULL, NULL, NULL, NULL, NULL, NULL, NULL, NULL, NULL, NULL, NULL, NULL, NULL, NULL, NULL, NULL, NULL),
(104, 2, 0, NULL, NULL, NULL, NULL, NULL, 1, NULL, NULL, NULL, NULL, NULL, NULL, NULL, NULL, NULL, NULL, 1),
(105, 1, 0, NULL, NULL, NULL, NULL, NULL, NULL, NULL, NULL, NULL, NULL, NULL, NULL, NULL, NULL, NULL, NULL, NULL),
(105, 2, 0, NULL, NULL, NULL, NULL, NULL, NULL, NULL, NULL, NULL, NULL, NULL, NULL, NULL, NULL, 1, NULL, NULL),
(106, 1, 0, NULL, NULL, NULL, NULL, NULL, 1, NULL, NULL, NULL, NULL, NULL, NULL, NULL, NULL, NULL, NULL, NULL),
(106, 2, 0, NULL, NULL, NULL, NULL, NULL, NULL, NULL, NULL, NULL, NULL, NULL, NULL, NULL, NULL, NULL, NULL, NULL),
(107, 1, 0, NULL, NULL, NULL, NULL, NULL, NULL, NULL, NULL, NULL, NULL, NULL, NULL, NULL, NULL, NULL, NULL, NULL),
(107, 2, 0, NULL, NULL, NULL, NULL, NULL, NULL, 1, NULL, NULL, NULL, NULL, 1, NULL, NULL, NULL, NULL, 1),
(108, 1, 0, NULL, NULL, NULL, NULL, NULL, NULL, NULL, NULL, NULL, NULL, NULL, NULL, NULL, NULL, NULL, NULL, 1),
(108, 2, 0, NULL, NULL, NULL, NULL, NULL, NULL, NULL, NULL, NULL, NULL, NULL, NULL, NULL, NULL, NULL, NULL, NULL),
(109, 1, 0, NULL, NULL, NULL, NULL, NULL, NULL, NULL, NULL, NULL, NULL, NULL, NULL, NULL, NULL, NULL, NULL, NULL),
(109, 2, 0, NULL, NULL, NULL, NULL, NULL, NULL, NULL, NULL, NULL, NULL, NULL, NULL, NULL, NULL, NULL, NULL, NULL),
(110, 1, 0, NULL, NULL, NULL, NULL, NULL, NULL, NULL, NULL, NULL, NULL, NULL, NULL, NULL, NULL, NULL, NULL, NULL),
(110, 2, 0, NULL, NULL, NULL, NULL, NULL, NULL, NULL, NULL, 1, NULL, NULL, NULL, NULL, NULL, NULL, NULL, NULL),
(111, 1, 0, NULL, NULL, NULL, NULL, NULL, NULL, NULL, NULL, NULL, NULL, NULL, NULL, NULL, NULL, NULL, NULL, NULL),
(111, 2, 0, NULL, NULL, NULL, NULL, NULL, NULL, NULL, NULL, NULL, NULL, NULL, NULL, 1, NULL, NULL, NULL, NULL),
(112, 1, 0, NULL, NULL, NULL, NULL, NULL, NULL, NULL, NULL, NULL, NULL, NULL, NULL, NULL, NULL, NULL, NULL, NULL),
(112, 2, 0, NULL, NULL, NULL, NULL, NULL, NULL, NULL, NULL, NULL, NULL, NULL, NULL, NULL, NULL, 1, NULL, NULL),
(113, 1, 0, NULL, NULL, NULL, NULL, NULL, NULL, NULL, NULL, NULL, NULL, NULL, NULL, NULL, NULL, NULL, NULL, NULL),
(113, 2, 0, 1, NULL, 1, 1, NULL, NULL, NULL, NULL, NULL, NULL, NULL, NULL, NULL, NULL, NULL, NULL, NULL),
(114, 1, 0, NULL, NULL, NULL, NULL, NULL, NULL, NULL, NULL, NULL, NULL, NULL, NULL, NULL, NULL, NULL, NULL, NULL),
(114, 2, 0, NULL, NULL, NULL, NULL, NULL, NULL, NULL, NULL, NULL, NULL, NULL, NULL, NULL, NULL, 1, NULL, NULL),
(115, 1, 0, NULL, NULL, NULL, NULL, NULL, NULL, NULL, NULL, NULL, NULL, NULL, NULL, NULL, NULL, NULL, NULL, NULL),
(115, 2, 0, 1, NULL, NULL, NULL, NULL, NULL, NULL, NULL, NULL, NULL, NULL, NULL, NULL, NULL, NULL, NULL, NULL),
(116, 1, 0, NULL, NULL, 1, NULL, NULL, NULL, NULL, NULL, NULL, NULL, NULL, NULL, NULL, NULL, NULL, NULL, NULL),
(116, 2, 0, NULL, NULL, NULL, NULL, NULL, NULL, NULL, 1, NULL, 1, NULL, NULL, NULL, NULL, NULL, NULL, NULL),
(117, 1, 0, NULL, NULL, NULL, NULL, NULL, NULL, NULL, NULL, NULL, NULL, NULL, NULL, NULL, NULL, NULL, NULL, NULL),
(117, 2, 0, NULL, NULL, NULL, NULL, 1, NULL, NULL, NULL, NULL, NULL, NULL, 1, NULL, NULL, NULL, NULL, NULL),
(118, 1, 0, NULL, NULL, NULL, NULL, NULL, NULL, NULL, NULL, NULL, NULL, NULL, NULL, NULL, NULL, NULL, NULL, NULL),
(118, 2, 0, NULL, NULL, NULL, NULL, NULL, NULL, NULL, NULL, NULL, 1, NULL, NULL, NULL, NULL, NULL, NULL, NULL),
(119, 1, 0, NULL, NULL, NULL, NULL, NULL, NULL, NULL, NULL, NULL, NULL, NULL, NULL, NULL, NULL, NULL, NULL, NULL),
(119, 2, 0, NULL, NULL, NULL, NULL, NULL, NULL, NULL, NULL, NULL, NULL, NULL, NULL, 1, NULL, NULL, NULL, NULL),
(120, 1, 0, NULL, 1, NULL, NULL, NULL, NULL, NULL, NULL, NULL, NULL, NULL, NULL, NULL, NULL, NULL, NULL, NULL),
(120, 2, 0, NULL, NULL, NULL, NULL, NULL, NULL, NULL, NULL, NULL, NULL, NULL, NULL, NULL, NULL, NULL, NULL, NULL),
(121, 1, 0, NULL, NULL, NULL, NULL, NULL, NULL, NULL, NULL, NULL, NULL, NULL, NULL, NULL, NULL, NULL, NULL, NULL),
(121, 2, 0, NULL, NULL, NULL, NULL, NULL, NULL, NULL, 1, NULL, NULL, NULL, 1, NULL, NULL, NULL, NULL, NULL),
(122, 1, 0, NULL, NULL, NULL, NULL, NULL, NULL, NULL, NULL, NULL, NULL, NULL, NULL, NULL, NULL, NULL, NULL, 1),
(122, 2, 0, NULL, NULL, NULL, NULL, NULL, NULL, NULL, NULL, NULL, NULL, NULL, NULL, NULL, NULL, NULL, NULL, NULL),
(123, 1, 0, NULL, NULL, NULL, NULL, NULL, NULL, NULL, NULL, NULL, NULL, NULL, NULL, NULL, NULL, NULL, NULL, NULL),
(123, 2, 0, NULL, NULL, NULL, NULL, NULL, NULL, NULL, NULL, 1, NULL, NULL, NULL, NULL, NULL, NULL, NULL, NULL),
(124, 1, 0, NULL, NULL, NULL, NULL, NULL, NULL, NULL, NULL, NULL, NULL, NULL, NULL, NULL, NULL, NULL, NULL, NULL),
(124, 2, 0, NULL, NULL, NULL, NULL, NULL, NULL, NULL, NULL, NULL, NULL, NULL, NULL, NULL, NULL, NULL, NULL, 1),
(125, 1, 0, NULL, NULL, NULL, NULL, NULL, NULL, NULL, NULL, NULL, NULL, NULL, NULL, NULL, NULL, NULL, NULL, NULL),
(125, 2, 0, NULL, NULL, NULL, NULL, NULL, NULL, NULL, NULL, NULL, NULL, NULL, 1, NULL, NULL, NULL, NULL, NULL),
(126, 1, 0, NULL, NULL, 1, NULL, NULL, NULL, NULL, NULL, NULL, NULL, NULL, NULL, NULL, NULL, NULL, NULL, NULL),
(126, 2, 0, NULL, NULL, NULL, NULL, NULL, NULL, NULL, NULL, NULL, NULL, NULL, NULL, NULL, NULL, NULL, NULL, NULL),
(127, 1, 0, NULL, NULL, NULL, NULL, NULL, NULL, NULL, NULL, NULL, NULL, NULL, NULL, NULL, NULL, NULL, NULL, NULL),
(127, 2, 0, NULL, NULL, NULL, NULL, NULL, NULL, NULL, NULL, NULL, NULL, NULL, NULL, 1, NULL, NULL, NULL, NULL),
(128, 1, 0, NULL, NULL, NULL, NULL, NULL, NULL, NULL, NULL, NULL, NULL, NULL, NULL, NULL, NULL, NULL, NULL, NULL),
(128, 2, 0, NULL, NULL, NULL, NULL, NULL, NULL, NULL, NULL, NULL, NULL, NULL, NULL, 1, NULL, NULL, NULL, NULL),
(129, 1, 0, NULL, NULL, NULL, NULL, NULL, NULL, NULL, NULL, NULL, NULL, NULL, NULL, NULL, NULL, NULL, NULL, NULL),
(129, 2, 0, NULL, NULL, NULL, NULL, NULL, NULL, NULL, 1, 1, NULL, NULL, NULL, NULL, NULL, NULL, NULL, NULL),
(130, 1, 0, NULL, NULL, NULL, NULL, NULL, NULL, NULL, NULL, NULL, NULL, NULL, NULL, NULL, NULL, NULL, NULL, NULL),
(130, 2, 1, NULL, 1, NULL, 1, NULL, NULL, NULL, NULL, NULL, NULL, NULL, NULL, NULL, 1, NULL, NULL, NULL),
(131, 1, 0, NULL, NULL, 1, NULL, NULL, NULL, NULL, NULL, NULL, NULL, NULL, NULL, NULL, NULL, NULL, NULL, NULL),
(131, 2, 0, NULL, NULL, NULL, NULL, NULL, NULL, NULL, NULL, NULL, NULL, NULL, NULL, NULL, NULL, NULL, NULL, NULL),
(132, 1, 0, NULL, NULL, NULL, NULL, NULL, NULL, NULL, NULL, NULL, NULL, NULL, NULL, NULL, NULL, NULL, NULL, NULL),
(132, 2, 0, NULL, NULL, NULL, NULL, NULL, 1, NULL, NULL, NULL, NULL, NULL, NULL, NULL, NULL, NULL, NULL, NULL),
(133, 1, 0, NULL, NULL, NULL, NULL, NULL, NULL, NULL, NULL, NULL, NULL, NULL, NULL, NULL, NULL, NULL, NULL, NULL),
(133, 2, 0, NULL, NULL, NULL, NULL, NULL, NULL, NULL, NULL, NULL, 1, NULL, NULL, NULL, NULL, NULL, NULL, NULL),
(134, 1, 0, NULL, NULL, NULL, NULL, NULL, NULL, NULL, NULL, NULL, NULL, NULL, NULL, NULL, NULL, NULL, NULL, NULL),
(134, 2, 0, NULL, NULL, NULL, NULL, 1, NULL, NULL, NULL, 1, NULL, NULL, NULL, NULL, NULL, NULL, NULL, NULL),
(135, 1, 0, NULL, NULL, NULL, NULL, NULL, NULL, NULL, NULL, NULL, NULL, NULL, NULL, NULL, NULL, NULL, NULL, NULL),
(135, 2, 0, NULL, NULL, NULL, NULL, NULL, NULL, NULL, 1, NULL, NULL, NULL, NULL, NULL, NULL, NULL, NULL, NULL),
(136, 1, 0, NULL, 1, NULL, NULL, NULL, NULL, NULL, NULL, NULL, NULL, NULL, NULL, NULL, 1, NULL, NULL, NULL),
(136, 2, 0, NULL, NULL, NULL, NULL, NULL, NULL, NULL, NULL, NULL, NULL, NULL, NULL, NULL, NULL, NULL, NULL, NULL),
(137, 1, 0, NULL, NULL, NULL, NULL, NULL, NULL, NULL, NULL, NULL, NULL, NULL, NULL, NULL, NULL, NULL, NULL, NULL),
(137, 2, 0, NULL, NULL, NULL, NULL, NULL, NULL, NULL, NULL, NULL, NULL, NULL, 1, NULL, NULL, NULL, NULL, NULL),
(138, 1, 0, NULL, NULL, NULL, NULL, NULL, NULL, NULL, NULL, NULL, NULL, NULL, NULL, NULL, NULL, NULL, NULL, 1),
(138, 2, 0, NULL, NULL, NULL, NULL, NULL, NULL, NULL, NULL, NULL, NULL, NULL, NULL, NULL, NULL, NULL, NULL, NULL),
(139, 1, 0, NULL, NULL, NULL, NULL, NULL, NULL, NULL, NULL, NULL, NULL, NULL, NULL, NULL, NULL, NULL, NULL, NULL),
(139, 2, 0, 1, NULL, NULL, NULL, NULL, NULL, NULL, NULL, NULL, NULL, NULL, NULL, 1, NULL, NULL, NULL, NULL),
(140, 1, 0, NULL, NULL, NULL, NULL, NULL, NULL, NULL, NULL, NULL, NULL, NULL, NULL, NULL, NULL, NULL, NULL, NULL),
(140, 2, 0, NULL, NULL, NULL, NULL, NULL, NULL, NULL, NULL, NULL, NULL, NULL, NULL, NULL, NULL, NULL, NULL, 1),
(141, 1, 0, NULL, NULL, NULL, NULL, NULL, NULL, NULL, NULL, NULL, NULL, NULL, NULL, NULL, NULL, NULL, NULL, NULL),
(141, 2, 0, NULL, NULL, NULL, NULL, NULL, NULL, NULL, 1, NULL, 1, NULL, NULL, NULL, NULL, NULL, NULL, NULL),
(142, 1, 0, NULL, NULL, NULL, NULL, NULL, NULL, NULL, 1, NULL, NULL, NULL, NULL, NULL, NULL, NULL, NULL, NULL),
(142, 2, 0, NULL, NULL, NULL, NULL, NULL, NULL, NULL, NULL, NULL, NULL, NULL, NULL, NULL, NULL, NULL, NULL, NULL),
(143, 1, 0, NULL, NULL, NULL, NULL, NULL, 1, NULL, NULL, NULL, NULL, NULL, NULL, NULL, NULL, NULL, NULL, NULL),
(143, 2, 0, NULL, NULL, NULL, NULL, NULL, NULL, NULL, NULL, NULL, NULL, NULL, NULL, NULL, NULL, NULL, NULL, NULL),
(144, 1, 0, NULL, NULL, NULL, NULL, NULL, NULL, NULL, NULL, NULL, NULL, NULL, NULL, NULL, NULL, NULL, NULL, NULL),
(144, 2, 0, NULL, NULL, NULL, NULL, NULL, NULL, NULL, NULL, NULL, NULL, NULL, 1, NULL, NULL, NULL, NULL, NULL),
(145, 1, 0, NULL, NULL, NULL, NULL, NULL, NULL, NULL, NULL, NULL, NULL, NULL, NULL, NULL, NULL, NULL, NULL, NULL),
(145, 2, 0, NULL, NULL, NULL, NULL, NULL, NULL, NULL, NULL, NULL, NULL, NULL, NULL, NULL, NULL, 1, NULL, NULL),
(146, 1, 0, NULL, 1, NULL, NULL, NULL, NULL, NULL, NULL, NULL, NULL, NULL, NULL, NULL, 1, NULL, NULL, NULL),
(146, 2, 0, NULL, NULL, NULL, NULL, NULL, NULL, NULL, NULL, NULL, NULL, NULL, NULL, NULL, NULL, NULL, NULL, NULL),
(147, 1, 0, NULL, NULL, NULL, NULL, NULL, NULL, NULL, NULL, NULL, NULL, NULL, NULL, NULL, NULL, NULL, NULL, NULL),
(147, 2, 0, NULL, 1, NULL, 1, NULL, NULL, NULL, NULL, NULL, NULL, NULL, NULL, NULL, NULL, NULL, NULL, NULL),
(148, 1, 0, NULL, NULL, NULL, NULL, NULL, NULL, NULL, NULL, NULL, NULL, NULL, NULL, NULL, NULL, NULL, NULL, NULL),
(148, 2, 0, NULL, NULL, NULL, NULL, NULL, NULL, NULL, NULL, 1, NULL, NULL, NULL, NULL, NULL, NULL, NULL, NULL),
(149, 1, 0, 1, NULL, NULL, NULL, NULL, NULL, NULL, NULL, NULL, NULL, NULL, NULL, NULL, NULL, NULL, NULL, NULL),
(149, 2, 0, NULL, NULL, NULL, NULL, NULL, NULL, NULL, NULL, NULL, NULL, NULL, NULL, NULL, NULL, NULL, NULL, NULL),
(150, 1, 0, NULL, NULL, NULL, NULL, NULL, NULL, NULL, NULL, NULL, NULL, NULL, NULL, NULL, NULL, NULL, NULL, NULL),
(150, 2, 0, NULL, NULL, NULL, NULL, NULL, 1, NULL, NULL, NULL, NULL, NULL, NULL, NULL, NULL, NULL, NULL, NULL),
(151, 1, 0, NULL, NULL, NULL, NULL, NULL, NULL, NULL, NULL, NULL, NULL, NULL, NULL, NULL, NULL, NULL, NULL, NULL),
(151, 2, 0, NULL, NULL, NULL, NULL, NULL, NULL, NULL, NULL, NULL, 1, NULL, NULL, NULL, NULL, NULL, NULL, NULL),
(152, 1, 0, NULL, NULL, NULL, NULL, NULL, NULL, NULL, NULL, NULL, NULL, NULL, NULL, NULL, NULL, NULL, NULL, NULL),
(152, 2, 0, NULL, NULL, NULL, NULL, NULL, NULL, NULL, 1, 1, NULL, NULL, NULL, 1, NULL, NULL, NULL, NULL),
(153, 1, 1, NULL, NULL, NULL, NULL, NULL, NULL, NULL, NULL, NULL, NULL, NULL, NULL, NULL, NULL, NULL, NULL, NULL),
(153, 2, 0, NULL, NULL, NULL, NULL, NULL, NULL, NULL, NULL, NULL, NULL, NULL, NULL, NULL, NULL, NULL, NULL, NULL),
(154, 1, 0, NULL, NULL, NULL, 1, NULL, NULL, NULL, NULL, NULL, NULL, NULL, NULL, NULL, NULL, NULL, NULL, NULL),
(154, 2, 0, NULL, NULL, NULL, NULL, NULL, NULL, NULL, 1, NULL, NULL, NULL, NULL, NULL, NULL, NULL, NULL, NULL),
(155, 1, 0, NULL, NULL, NULL, NULL, NULL, NULL, NULL, NULL, NULL, NULL, NULL, NULL, NULL, NULL, NULL, NULL, NULL),
(155, 2, 0, NULL, NULL, NULL, NULL, 1, NULL, NULL, 1, NULL, NULL, NULL, NULL, NULL, NULL, NULL, NULL, NULL),
(156, 1, 0, NULL, NULL, NULL, NULL, NULL, NULL, NULL, NULL, NULL, NULL, NULL, NULL, NULL, NULL, NULL, NULL, NULL),
(156, 2, 0, NULL, NULL, NULL, NULL, NULL, NULL, NULL, 1, NULL, NULL, NULL, NULL, NULL, NULL, NULL, NULL, NULL),
(157, 1, 0, NULL, NULL, NULL, NULL, NULL, NULL, NULL, NULL, NULL, NULL, NULL, NULL, NULL, NULL, NULL, NULL, NULL),
(157, 2, 0, NULL, NULL, NULL, NULL, NULL, NULL, 1, NULL, NULL, NULL, NULL, NULL, NULL, NULL, NULL, NULL, NULL),
(158, 1, 0, NULL, NULL, NULL, NULL, NULL, NULL, NULL, NULL, NULL, NULL, NULL, NULL, NULL, NULL, NULL, NULL, NULL),
(158, 2, 0, NULL, NULL, NULL, NULL, NULL, NULL, NULL, NULL, NULL, NULL, 1, NULL, NULL, NULL, NULL, NULL, NULL),
(159, 1, 0, NULL, NULL, NULL, NULL, NULL, NULL, NULL, NULL, NULL, NULL, NULL, NULL, NULL, NULL, NULL, NULL, NULL),
(159, 2, 0, NULL, NULL, NULL, NULL, 1, NULL, NULL, NULL, NULL, NULL, NULL, NULL, NULL, NULL, NULL, NULL, NULL),
(160, 1, 0, NULL, NULL, NULL, NULL, NULL, NULL, NULL, NULL, NULL, NULL, 1, NULL, NULL, NULL, NULL, NULL, NULL),
(160, 2, 0, NULL, NULL, NULL, NULL, NULL, NULL, NULL, NULL, NULL, NULL, NULL, NULL, NULL, NULL, NULL, NULL, NULL),
(161, 1, 1, NULL, NULL, NULL, NULL, NULL, NULL, NULL, NULL, NULL, NULL, NULL, NULL, NULL, NULL, NULL, NULL, NULL),
(161, 2, 0, NULL, NULL, NULL, NULL, NULL, NULL, NULL, NULL, NULL, NULL, NULL, NULL, NULL, NULL, NULL, NULL, NULL),
(162, 1, 0, NULL, NULL, NULL, NULL, NULL, NULL, NULL, NULL, NULL, NULL, NULL, NULL, NULL, NULL, NULL, NULL, NULL),
(162, 2, 0, NULL, NULL, NULL, NULL, NULL, NULL, NULL, NULL, NULL, NULL, 1, NULL, NULL, NULL, NULL, NULL, NULL),
(163, 1, 0, NULL, NULL, NULL, NULL, NULL, NULL, NULL, NULL, NULL, NULL, NULL, NULL, NULL, NULL, NULL, NULL, NULL),
(163, 2, 0, NULL, NULL, NULL, NULL, NULL, NULL, NULL, NULL, NULL, NULL, 1, NULL, NULL, NULL, NULL, NULL, NULL),
(164, 1, 0, NULL, NULL, NULL, NULL, NULL, NULL, NULL, NULL, NULL, NULL, NULL, NULL, NULL, NULL, NULL, NULL, NULL),
(164, 2, 0, NULL, NULL, NULL, NULL, NULL, NULL, NULL, NULL, NULL, NULL, NULL, NULL, NULL, NULL, NULL, 1, NULL),
(165, 1, 0, NULL, NULL, NULL, NULL, NULL, NULL, NULL, NULL, NULL, NULL, NULL, NULL, NULL, NULL, NULL, NULL, NULL),
(165, 2, 0, NULL, NULL, NULL, NULL, NULL, NULL, NULL, NULL, NULL, NULL, NULL, NULL, NULL, NULL, NULL, 1, NULL),
(166, 1, 0, NULL, NULL, NULL, NULL, NULL, NULL, NULL, NULL, NULL, NULL, NULL, NULL, NULL, NULL, NULL, NULL, NULL),
(166, 2, 0, NULL, NULL, NULL, NULL, 1, NULL, NULL, NULL, NULL, NULL, NULL, NULL, NULL, NULL, NULL, NULL, NULL),
(167, 1, 0, NULL, NULL, NULL, NULL, NULL, NULL, NULL, NULL, NULL, NULL, NULL, NULL, NULL, NULL, NULL, 1, NULL),
(167, 2, 0, NULL, NULL, NULL, NULL, NULL, NULL, NULL, NULL, NULL, NULL, NULL, NULL, NULL, NULL, NULL, NULL, NULL),
(168, 1, 0, NULL, NULL, NULL, NULL, NULL, NULL, NULL, NULL, NULL, NULL, NULL, NULL, NULL, NULL, NULL, NULL, NULL),
(168, 2, 0, NULL, NULL, NULL, NULL, NULL, NULL, NULL, NULL, NULL, NULL, 1, NULL, NULL, NULL, NULL, NULL, NULL),
(169, 1, 0, NULL, NULL, NULL, NULL, NULL, NULL, 1, NULL, NULL, NULL, NULL, NULL, NULL, NULL, NULL, NULL, NULL),
(169, 2, 0, NULL, NULL, NULL, NULL, NULL, NULL, NULL, NULL, NULL, NULL, NULL, NULL, NULL, NULL, NULL, NULL, NULL),
(170, 1, 0, NULL, NULL, NULL, NULL, NULL, NULL, NULL, NULL, NULL, NULL, NULL, NULL, NULL, NULL, NULL, NULL, NULL),
(170, 2, 1, NULL, NULL, NULL, NULL, NULL, NULL, NULL, NULL, NULL, NULL, NULL, NULL, NULL, NULL, NULL, NULL, NULL),
(171, 1, 0, NULL, NULL, NULL, NULL, NULL, NULL, NULL, NULL, NULL, NULL, NULL, NULL, NULL, NULL, NULL, NULL, NULL),
(171, 2, 0, NULL, NULL, NULL, NULL, NULL, NULL, 1, NULL, NULL, NULL, NULL, NULL, NULL, NULL, NULL, NULL, NULL),
(172, 1, 0, NULL, NULL, NULL, NULL, NULL, NULL, NULL, NULL, NULL, NULL, NULL, NULL, NULL, NULL, NULL, NULL, NULL),
(172, 2, 0, NULL, NULL, NULL, NULL, 1, NULL, NULL, NULL, NULL, NULL, NULL, NULL, NULL, NULL, NULL, NULL, NULL),
(173, 1, 0, NULL, NULL, NULL, NULL, NULL, NULL, NULL, NULL, NULL, NULL, 1, NULL, NULL, NULL, NULL, NULL, NULL),
(173, 2, 0, NULL, NULL, NULL, NULL, NULL, NULL, NULL, NULL, NULL, NULL, NULL, NULL, NULL, NULL, NULL, NULL, NULL),
(174, 1, 1, NULL, NULL, NULL, NULL, NULL, NULL, NULL, NULL, NULL, NULL, NULL, NULL, NULL, NULL, NULL, NULL, NULL),
(174, 2, 0, NULL, NULL, NULL, NULL, NULL, NULL, NULL, NULL, NULL, NULL, NULL, NULL, NULL, NULL, NULL, NULL, NULL),
(175, 1, 0, NULL, NULL, NULL, NULL, NULL, NULL, NULL, NULL, NULL, NULL, NULL, NULL, NULL, NULL, NULL, NULL, NULL),
(175, 2, 0, NULL, NULL, NULL, NULL, NULL, NULL, NULL, NULL, NULL, NULL, NULL, NULL, NULL, NULL, NULL, 1, NULL),
(176, 1, 0, NULL, NULL, NULL, NULL, NULL, NULL, NULL, NULL, NULL, NULL, NULL, NULL, NULL, NULL, NULL, NULL, NULL),
(176, 2, 0, NULL, NULL, NULL, NULL, NULL, NULL, NULL, NULL, NULL, NULL, 1, NULL, NULL, NULL, NULL, NULL, NULL),
(177, 1, 0, NULL, NULL, NULL, NULL, NULL, NULL, NULL, NULL, NULL, NULL, NULL, NULL, NULL, NULL, NULL, NULL, NULL),
(177, 2, 0, NULL, NULL, NULL, NULL, NULL, NULL, NULL, NULL, NULL, NULL, 1, NULL, NULL, NULL, NULL, NULL, NULL),
(178, 1, 0, NULL, NULL, NULL, NULL, NULL, NULL, NULL, NULL, NULL, NULL, NULL, NULL, NULL, NULL, NULL, NULL, NULL),
(178, 2, 0, NULL, NULL, NULL, NULL, 1, NULL, NULL, NULL, NULL, NULL, NULL, NULL, NULL, NULL, NULL, NULL, NULL),
(179, 1, 0, NULL, NULL, NULL, NULL, NULL, NULL, NULL, NULL, NULL, NULL, NULL, NULL, NULL, NULL, NULL, NULL, NULL),
(179, 2, 0, NULL, NULL, NULL, NULL, NULL, NULL, NULL, NULL, NULL, NULL, NULL, NULL, NULL, 1, NULL, NULL, NULL),
(180, 1, 0, NULL, NULL, NULL, NULL, NULL, NULL, NULL, NULL, NULL, NULL, NULL, NULL, NULL, NULL, NULL, NULL, NULL),
(180, 2, 0, NULL, NULL, NULL, NULL, 1, NULL, NULL, NULL, NULL, NULL, NULL, NULL, NULL, NULL, NULL, NULL, NULL),
(181, 1, 1, NULL, NULL, NULL, NULL, NULL, NULL, NULL, NULL, NULL, NULL, NULL, NULL, NULL, NULL, NULL, NULL, NULL),
(181, 2, 0, NULL, NULL, NULL, NULL, NULL, NULL, NULL, NULL, NULL, NULL, NULL, NULL, NULL, NULL, NULL, NULL, NULL),
(182, 1, 0, NULL, NULL, NULL, NULL, NULL, NULL, NULL, NULL, NULL, NULL, NULL, NULL, NULL, NULL, NULL, NULL, NULL),
(182, 2, 0, NULL, NULL, NULL, NULL, NULL, NULL, NULL, NULL, NULL, NULL, 1, NULL, NULL, NULL, NULL, NULL, NULL),
(183, 1, 0, NULL, NULL, NULL, NULL, NULL, NULL, NULL, NULL, NULL, NULL, NULL, NULL, NULL, NULL, NULL, NULL, NULL),
(183, 2, 0, NULL, NULL, NULL, NULL, NULL, NULL, NULL, NULL, NULL, NULL, NULL, NULL, NULL, NULL, NULL, 1, NULL),
(184, 1, 0, NULL, NULL, NULL, NULL, NULL, NULL, NULL, NULL, NULL, NULL, NULL, NULL, NULL, NULL, NULL, NULL, NULL),
(184, 2, 0, NULL, NULL, NULL, NULL, NULL, NULL, NULL, NULL, NULL, NULL, NULL, NULL, NULL, NULL, NULL, 1, NULL),
(185, 1, 0, NULL, NULL, NULL, NULL, NULL, NULL, NULL, NULL, NULL, NULL, NULL, NULL, NULL, NULL, NULL, NULL, NULL),
(185, 2, 0, NULL, NULL, NULL, NULL, NULL, NULL, NULL, NULL, NULL, NULL, NULL, NULL, NULL, 1, NULL, NULL, NULL),
(186, 1, 0, NULL, NULL, NULL, NULL, NULL, NULL, 1, NULL, NULL, NULL, NULL, NULL, NULL, NULL, NULL, NULL, NULL),
(186, 2, 0, NULL, NULL, NULL, NULL, NULL, NULL, NULL, NULL, NULL, NULL, NULL, NULL, NULL, NULL, NULL, NULL, NULL),
(187, 1, 0, NULL, NULL, NULL, NULL, NULL, NULL, NULL, NULL, NULL, NULL, NULL, NULL, NULL, NULL, NULL, NULL, NULL),
(187, 2, 0, NULL, NULL, NULL, NULL, 1, NULL, NULL, NULL, NULL, NULL, NULL, NULL, NULL, NULL, NULL, NULL, NULL),
(188, 1, 0, NULL, NULL, NULL, NULL, NULL, NULL, NULL, NULL, NULL, NULL, NULL, NULL, NULL, NULL, NULL, NULL, NULL),
(188, 2, 0, NULL, NULL, NULL, NULL, NULL, NULL, NULL, NULL, NULL, NULL, 1, NULL, NULL, NULL, NULL, NULL, NULL),
(189, 1, 0, NULL, NULL, NULL, NULL, NULL, NULL, NULL, NULL, NULL, NULL, NULL, NULL, NULL, NULL, NULL, NULL, NULL),
(189, 2, 0, NULL, NULL, NULL, NULL, NULL, NULL, NULL, NULL, NULL, NULL, NULL, NULL, NULL, NULL, NULL, 1, NULL),
(190, 1, 0, NULL, NULL, NULL, NULL, NULL, NULL, NULL, NULL, NULL, NULL, NULL, NULL, NULL, NULL, NULL, NULL, NULL),
(190, 2, 0, NULL, NULL, NULL, NULL, NULL, NULL, NULL, NULL, NULL, NULL, NULL, NULL, NULL, NULL, NULL, 1, NULL),
(191, 1, 0, NULL, NULL, NULL, NULL, NULL, NULL, NULL, NULL, NULL, NULL, NULL, NULL, NULL, NULL, NULL, NULL, NULL),
(191, 2, 0, NULL, NULL, NULL, NULL, 1, NULL, NULL, NULL, NULL, NULL, NULL, NULL, NULL, NULL, NULL, NULL, NULL),
(192, 1, 0, NULL, NULL, NULL, NULL, NULL, NULL, NULL, NULL, NULL, NULL, NULL, NULL, NULL, NULL, NULL, NULL, NULL),
(192, 2, 0, NULL, NULL, NULL, NULL, NULL, NULL, NULL, NULL, NULL, NULL, 1, NULL, NULL, NULL, NULL, NULL, NULL),
(193, 1, 0, NULL, NULL, NULL, NULL, NULL, NULL, NULL, NULL, NULL, NULL, NULL, NULL, NULL, NULL, NULL, NULL, NULL),
(193, 2, 1, NULL, NULL, NULL, NULL, NULL, NULL, NULL, NULL, NULL, NULL, NULL, NULL, NULL, NULL, NULL, NULL, NULL),
(194, 1, 0, NULL, NULL, NULL, NULL, NULL, NULL, NULL, NULL, NULL, NULL, NULL, NULL, NULL, NULL, NULL, NULL, NULL),
(194, 2, 0, NULL, NULL, NULL, NULL, NULL, NULL, NULL, NULL, NULL, NULL, NULL, NULL, NULL, NULL, NULL, 1, NULL),
(195, 1, 0, NULL, NULL, NULL, NULL, NULL, NULL, NULL, NULL, NULL, NULL, NULL, NULL, NULL, NULL, NULL, NULL, NULL),
(195, 2, 0, NULL, NULL, NULL, NULL, NULL, NULL, 1, NULL, NULL, NULL, NULL, NULL, NULL, NULL, NULL, NULL, NULL),
(196, 1, 0, NULL, NULL, NULL, NULL, NULL, NULL, NULL, NULL, NULL, NULL, NULL, NULL, NULL, NULL, NULL, NULL, NULL),
(196, 2, 0, NULL, NULL, NULL, NULL, NULL, NULL, 1, NULL, NULL, NULL, NULL, NULL, NULL, NULL, NULL, NULL, NULL),
(197, 1, 0, NULL, NULL, NULL, NULL, NULL, NULL, NULL, NULL, NULL, NULL, NULL, NULL, NULL, NULL, NULL, NULL, NULL),
(197, 2, 0, NULL, NULL, NULL, NULL, NULL, NULL, 1, NULL, NULL, NULL, NULL, NULL, NULL, NULL, NULL, NULL, NULL),
(198, 1, 0, NULL, NULL, NULL, NULL, NULL, NULL, NULL, NULL, NULL, NULL, NULL, NULL, NULL, NULL, NULL, NULL, NULL),
(198, 2, 0, NULL, NULL, NULL, NULL, NULL, NULL, NULL, NULL, NULL, NULL, NULL, NULL, NULL, NULL, NULL, 1, NULL),
(199, 1, 1, NULL, NULL, NULL, NULL, NULL, NULL, NULL, NULL, NULL, NULL, NULL, NULL, NULL, NULL, NULL, NULL, NULL),
(199, 2, 0, NULL, NULL, NULL, NULL, NULL, NULL, NULL, NULL, NULL, NULL, NULL, NULL, NULL, NULL, NULL, NULL, NULL),
(200, 1, 0, NULL, NULL, NULL, NULL, NULL, NULL, NULL, NULL, NULL, NULL, NULL, NULL, NULL, NULL, NULL, NULL, NULL),
(200, 2, 0, NULL, NULL, NULL, NULL, NULL, NULL, NULL, NULL, NULL, NULL, NULL, NULL, NULL, NULL, NULL, NULL, NULL),
(201, 1, 0, NULL, NULL, NULL, NULL, NULL, NULL, NULL, NULL, NULL, NULL, NULL, NULL, NULL, NULL, NULL, NULL, NULL),
(201, 2, 0, NULL, NULL, NULL, NULL, NULL, NULL, 1, NULL, NULL, NULL, NULL, NULL, NULL, NULL, NULL, NULL, NULL),
(202, 1, 0, NULL, NULL, NULL, NULL, NULL, NULL, NULL, NULL, NULL, NULL, NULL, NULL, NULL, NULL, NULL, NULL, NULL),
(202, 2, 0, NULL, NULL, NULL, NULL, 1, NULL, NULL, NULL, NULL, NULL, NULL, NULL, NULL, NULL, NULL, NULL, NULL),
(203, 1, 0, NULL, NULL, NULL, NULL, NULL, NULL, NULL, NULL, NULL, NULL, NULL, NULL, NULL, NULL, NULL, NULL, NULL),
(203, 2, 0, NULL, NULL, NULL, NULL, NULL, NULL, NULL, NULL, NULL, NULL, NULL, NULL, NULL, NULL, NULL, 1, NULL),
(204, 1, 0, NULL, NULL, NULL, NULL, NULL, NULL, NULL, NULL, NULL, NULL, NULL, NULL, NULL, NULL, NULL, NULL, NULL),
(204, 2, 0, NULL, NULL, NULL, NULL, 1, NULL, NULL, NULL, NULL, NULL, NULL, NULL, NULL, NULL, NULL, NULL, NULL),
(205, 1, 1, NULL, NULL, NULL, NULL, NULL, NULL, NULL, NULL, NULL, NULL, NULL, NULL, NULL, NULL, NULL, NULL, NULL),
(205, 2, 0, NULL, NULL, NULL, NULL, NULL, NULL, NULL, NULL, NULL, NULL, NULL, NULL, NULL, NULL, NULL, NULL, NULL),
(206, 1, 0, NULL, NULL, NULL, NULL, NULL, NULL, NULL, NULL, NULL, NULL, NULL, NULL, NULL, NULL, NULL, NULL, NULL),
(206, 2, 0, NULL, NULL, NULL, NULL, 1, NULL, NULL, NULL, NULL, NULL, NULL, NULL, NULL, NULL, NULL, NULL, NULL),
(207, 1, 0, NULL, NULL, NULL, NULL, NULL, NULL, NULL, NULL, NULL, NULL, NULL, NULL, NULL, NULL, NULL, NULL, NULL),
(207, 2, 0, NULL, NULL, NULL, NULL, NULL, NULL, 1, NULL, NULL, NULL, NULL, NULL, NULL, NULL, NULL, NULL, NULL),
(208, 1, 0, NULL, NULL, NULL, NULL, NULL, NULL, NULL, NULL, NULL, NULL, NULL, NULL, NULL, NULL, NULL, NULL, NULL),
(208, 2, 0, NULL, NULL, NULL, NULL, NULL, NULL, NULL, NULL, NULL, NULL, NULL, NULL, NULL, 1, NULL, NULL, NULL),
(209, 1, 0, NULL, NULL, NULL, NULL, NULL, NULL, NULL, NULL, NULL, NULL, NULL, NULL, NULL, NULL, NULL, NULL, NULL),
(209, 2, 1, NULL, NULL, NULL, NULL, NULL, NULL, NULL, NULL, NULL, NULL, NULL, NULL, NULL, NULL, NULL, NULL, NULL),
(210, 1, 0, NULL, NULL, NULL, NULL, NULL, NULL, NULL, NULL, NULL, NULL, NULL, NULL, NULL, NULL, NULL, NULL, NULL),
(210, 2, 0, NULL, NULL, NULL, NULL, NULL, NULL, NULL, NULL, NULL, NULL, NULL, NULL, NULL, 1, NULL, NULL, NULL),
(211, 1, 0, NULL, NULL, NULL, NULL, NULL, NULL, NULL, NULL, NULL, NULL, NULL, NULL, NULL, NULL, NULL, NULL, NULL),
(211, 2, 0, NULL, NULL, NULL, NULL, NULL, NULL, 1, NULL, NULL, NULL, NULL, NULL, NULL, NULL, NULL, NULL, NULL),
(212, 1, 0, NULL, NULL, NULL, NULL, NULL, NULL, NULL, NULL, NULL, NULL, NULL, NULL, NULL, NULL, NULL, NULL, NULL),
(212, 2, 0, NULL, NULL, NULL, NULL, NULL, NULL, NULL, NULL, NULL, NULL, NULL, NULL, NULL, 1, NULL, NULL, NULL),
(213, 1, 0, NULL, NULL, NULL, NULL, NULL, NULL, NULL, NULL, NULL, NULL, NULL, NULL, NULL, NULL, NULL, NULL, NULL),
(213, 2, 1, NULL, NULL, NULL, NULL, NULL, NULL, NULL, NULL, NULL, NULL, NULL, NULL, NULL, NULL, NULL, NULL, NULL),
(214, 1, 0, NULL, NULL, NULL, NULL, NULL, NULL, NULL, NULL, NULL, NULL, NULL, NULL, NULL, NULL, NULL, NULL, NULL),
(214, 2, 0, NULL, NULL, NULL, NULL, 1, NULL, NULL, NULL, NULL, NULL, NULL, NULL, NULL, NULL, NULL, NULL, NULL),
(215, 1, 0, NULL, NULL, NULL, NULL, NULL, NULL, NULL, NULL, NULL, NULL, 1, NULL, NULL, NULL, NULL, NULL, NULL),
(215, 2, 0, NULL, NULL, NULL, NULL, NULL, NULL, NULL, NULL, NULL, NULL, NULL, NULL, NULL, NULL, NULL, NULL, NULL),
(216, 1, 0, NULL, NULL, NULL, NULL, NULL, NULL, NULL, NULL, NULL, NULL, NULL, NULL, NULL, NULL, NULL, NULL, NULL),
(216, 2, 0, NULL, NULL, NULL, NULL, NULL, NULL, 1, NULL, NULL, NULL, NULL, NULL, NULL, NULL, NULL, NULL, NULL),
(217, 1, 0, NULL, NULL, NULL, NULL, NULL, NULL, NULL, NULL, NULL, NULL, NULL, NULL, NULL, NULL, NULL, NULL, NULL),
(217, 2, 0, NULL, NULL, NULL, NULL, 1, NULL, NULL, NULL, NULL, NULL, NULL, NULL, NULL, NULL, NULL, NULL, NULL),
(218, 1, 0, NULL, NULL, NULL, NULL, NULL, NULL, NULL, NULL, NULL, NULL, NULL, NULL, NULL, NULL, NULL, NULL, NULL),
(218, 2, 0, NULL, NULL, NULL, NULL, NULL, NULL, 1, NULL, NULL, NULL, NULL, NULL, NULL, NULL, NULL, NULL, NULL),
(219, 1, 0, NULL, NULL, NULL, NULL, NULL, NULL, NULL, NULL, NULL, NULL, NULL, NULL, NULL, NULL, NULL, NULL, NULL),
(219, 2, 0, NULL, NULL, NULL, NULL, NULL, NULL, 1, NULL, NULL, NULL, NULL, NULL, NULL, NULL, NULL, NULL, NULL),
(220, 1, 0, NULL, NULL, NULL, NULL, NULL, NULL, NULL, NULL, NULL, NULL, NULL, NULL, NULL, NULL, NULL, NULL, NULL),
(220, 2, 0, NULL, NULL, NULL, NULL, 1, NULL, NULL, NULL, NULL, NULL, NULL, NULL, NULL, NULL, NULL, NULL, NULL),
(221, 1, 0, NULL, NULL, NULL, NULL, NULL, NULL, 1, NULL, NULL, NULL, NULL, NULL, NULL, NULL, NULL, NULL, NULL),
(221, 2, 0, NULL, NULL, NULL, NULL, NULL, NULL, NULL, NULL, NULL, NULL, NULL, NULL, NULL, NULL, NULL, NULL, NULL),
(222, 1, 0, NULL, NULL, NULL, NULL, NULL, NULL, NULL, NULL, NULL, NULL, NULL, NULL, NULL, NULL, NULL, NULL, NULL),
(222, 2, 0, NULL, NULL, NULL, NULL, NULL, NULL, NULL, NULL, NULL, NULL, NULL, NULL, NULL, 1, NULL, NULL, NULL),
(223, 1, 0, NULL, NULL, NULL, NULL, NULL, NULL, NULL, NULL, NULL, NULL, NULL, NULL, NULL, NULL, NULL, NULL, NULL),
(223, 2, 0, NULL, NULL, NULL, NULL, NULL, NULL, NULL, NULL, NULL, NULL, NULL, NULL, NULL, NULL, NULL, 1, NULL),
(224, 1, 0, NULL, NULL, NULL, NULL, NULL, NULL, NULL, NULL, NULL, NULL, NULL, NULL, NULL, NULL, NULL, NULL, NULL),
(224, 2, 1, NULL, NULL, NULL, NULL, NULL, NULL, NULL, NULL, NULL, NULL, NULL, NULL, NULL, NULL, NULL, NULL, NULL),
(225, 1, 0, NULL, NULL, NULL, NULL, NULL, NULL, NULL, NULL, NULL, NULL, NULL, NULL, NULL, NULL, NULL, NULL, NULL),
(225, 2, 0, NULL, NULL, NULL, NULL, NULL, NULL, 1, NULL, NULL, NULL, NULL, NULL, NULL, NULL, NULL, NULL, NULL);
INSERT INTO `cpidf_memory` (`TH`, `XZ`, `DO`, `CS`, `SY`, `SP`, `SA`, `WB`, `RE`, `SO`, `SC`, `PO`, `GI`, `CM`, `AC`, `AI`, `IE`, `PY`, `FX`, `FE`) VALUES
(226, 1, 0, NULL, NULL, NULL, NULL, NULL, NULL, NULL, NULL, NULL, NULL, 1, NULL, NULL, NULL, NULL, NULL, NULL),
(226, 2, 0, NULL, NULL, NULL, NULL, NULL, NULL, NULL, NULL, NULL, NULL, NULL, NULL, NULL, NULL, NULL, NULL, NULL),
(227, 1, 1, NULL, NULL, NULL, NULL, NULL, NULL, NULL, NULL, NULL, NULL, NULL, NULL, NULL, NULL, NULL, NULL, NULL),
(227, 2, 0, NULL, NULL, NULL, NULL, NULL, NULL, NULL, NULL, NULL, NULL, NULL, NULL, NULL, NULL, NULL, NULL, NULL),
(228, 1, 0, NULL, NULL, NULL, NULL, NULL, NULL, NULL, NULL, NULL, NULL, NULL, NULL, NULL, NULL, NULL, NULL, NULL),
(228, 2, 0, NULL, NULL, NULL, NULL, NULL, NULL, NULL, NULL, NULL, NULL, NULL, NULL, NULL, NULL, NULL, 1, NULL),
(229, 1, 0, NULL, NULL, NULL, NULL, NULL, NULL, NULL, NULL, NULL, NULL, NULL, NULL, NULL, NULL, NULL, NULL, NULL),
(229, 2, 0, NULL, NULL, NULL, NULL, NULL, NULL, 1, NULL, NULL, NULL, NULL, NULL, NULL, NULL, NULL, NULL, NULL),
(230, 1, 0, NULL, NULL, NULL, NULL, NULL, NULL, NULL, NULL, NULL, NULL, NULL, NULL, NULL, NULL, NULL, NULL, NULL),
(230, 2, 0, NULL, NULL, NULL, NULL, NULL, NULL, NULL, NULL, NULL, NULL, NULL, NULL, NULL, NULL, NULL, 1, NULL);

-- --------------------------------------------------------

--
-- Table structure for table `cpimd`
--

CREATE TABLE IF NOT EXISTS `cpimd` (
  `DM` tinyint(4) NOT NULL,
  `YZ` char(2) CHARACTER SET latin1 NOT NULL,
  `M` float(11,2) NOT NULL,
  `SD` float(11,2) NOT NULL,
  PRIMARY KEY (`DM`,`YZ`)
) ENGINE=InnoDB DEFAULT CHARSET=utf8;

--
-- Dumping data for table `cpimd`
--

INSERT INTO `cpimd` (`DM`, `YZ`, `M`, `SD`) VALUES
(1, 'AC', 8.72, 2.56),
(1, 'AI', 6.69, 2.31),
(1, 'CM', 9.84, 1.89),
(1, 'CS', 6.08, 2.40),
(1, 'DO', 9.25, 3.52),
(1, 'FE', 7.04, 2.31),
(1, 'FX', 4.81, 2.53),
(1, 'GI', 10.03, 3.38),
(1, 'IE', 9.86, 2.29),
(1, 'PO', 9.57, 3.10),
(1, 'PY', 5.62, 2.04),
(1, 'RE', 10.12, 2.54),
(1, 'SA', 4.71, 2.27),
(1, 'SC', 15.04, 4.97),
(1, 'SO', 13.03, 3.10),
(1, 'SP', 8.82, 2.92),
(1, 'SY', 9.21, 3.37),
(1, 'WB', 14.21, 3.38),
(2, 'AC', 8.98, 2.48),
(2, 'AI', 6.63, 2.33),
(2, 'CM', 9.97, 1.83),
(2, 'CS', 5.64, 2.51),
(2, 'DO', 8.51, 3.12),
(2, 'FE', 9.09, 2.35),
(2, 'FX', 4.79, 2.68),
(2, 'GI', 9.99, 3.93),
(2, 'IE', 9.64, 2.46),
(2, 'PO', 9.78, 3.10),
(2, 'PY', 5.86, 1.99),
(2, 'RE', 10.93, 2.42),
(2, 'SA', 4.37, 2.20),
(2, 'SC', 16.26, 5.01),
(2, 'SO', 13.83, 3.06),
(2, 'SP', 8.32, 2.76),
(2, 'SY', 9.14, 3.18),
(2, 'WB', 14.34, 3.29);

-- --------------------------------------------------------

--
-- Table structure for table `eppsdf`
--

CREATE TABLE IF NOT EXISTS `eppsdf` (
  `A` tinyint(4) NOT NULL,
  `B` tinyint(4) NOT NULL,
  `TH` int(11) NOT NULL,
  PRIMARY KEY (`TH`)
) ENGINE=InnoDB DEFAULT CHARSET=utf8;

--
-- Dumping data for table `eppsdf`
--

INSERT INTO `eppsdf` (`A`, `B`, `TH`) VALUES
(1, 1, 1),
(2, 1, 2),
(3, 1, 3),
(4, 1, 4),
(5, 1, 5),
(1, 2, 6),
(2, 2, 7),
(3, 2, 8),
(4, 2, 9),
(5, 2, 10),
(1, 3, 11),
(2, 3, 12),
(3, 3, 13),
(4, 3, 14),
(5, 3, 15),
(1, 4, 16),
(2, 4, 17),
(3, 4, 18),
(4, 4, 19),
(5, 4, 20),
(1, 5, 21),
(2, 5, 22),
(3, 5, 23),
(4, 5, 24),
(5, 5, 25),
(1, 6, 26),
(2, 6, 27),
(3, 6, 28),
(4, 6, 29),
(5, 6, 30),
(1, 7, 31),
(2, 7, 32),
(3, 7, 33),
(4, 7, 34),
(5, 7, 35),
(1, 8, 36),
(2, 8, 37),
(3, 8, 38),
(4, 8, 39),
(5, 8, 40),
(1, 9, 41),
(2, 9, 42),
(3, 9, 43),
(4, 9, 44),
(5, 9, 45),
(1, 10, 46),
(2, 10, 47),
(3, 10, 48),
(4, 10, 49),
(5, 10, 50),
(1, 11, 51),
(2, 11, 52),
(3, 11, 53),
(4, 11, 54),
(5, 11, 55),
(1, 12, 56),
(2, 12, 57),
(3, 12, 58),
(4, 12, 59),
(5, 12, 60),
(1, 13, 61),
(2, 13, 62),
(3, 13, 63),
(4, 13, 64),
(5, 13, 65),
(1, 14, 66),
(2, 14, 67),
(3, 14, 68),
(4, 14, 69),
(5, 14, 70),
(1, 15, 71),
(2, 15, 72),
(3, 15, 73),
(4, 15, 74),
(5, 15, 75),
(6, 1, 76),
(7, 1, 77),
(8, 1, 78),
(9, 1, 79),
(10, 1, 80),
(6, 2, 81),
(7, 2, 82),
(8, 2, 83),
(9, 2, 84),
(10, 2, 85),
(6, 3, 86),
(7, 3, 87),
(8, 3, 88),
(9, 3, 89),
(10, 3, 90),
(6, 4, 91),
(7, 4, 92),
(8, 4, 93),
(9, 4, 94),
(10, 4, 95),
(6, 5, 96),
(7, 5, 97),
(8, 5, 98),
(9, 5, 99),
(10, 5, 100),
(6, 6, 101),
(7, 6, 102),
(8, 6, 103),
(9, 6, 104),
(10, 6, 105),
(6, 7, 106),
(7, 7, 107),
(8, 7, 108),
(9, 7, 109),
(10, 7, 110),
(6, 8, 111),
(7, 8, 112),
(8, 8, 113),
(9, 8, 114),
(10, 8, 115),
(6, 9, 116),
(7, 9, 117),
(8, 9, 118),
(9, 9, 119),
(10, 9, 120),
(6, 10, 121),
(7, 10, 122),
(8, 10, 123),
(9, 10, 124),
(10, 10, 125),
(6, 11, 126),
(7, 11, 127),
(8, 11, 128),
(9, 11, 129),
(10, 11, 130),
(6, 12, 131),
(7, 12, 132),
(8, 12, 133),
(9, 12, 134),
(10, 12, 135),
(6, 13, 136),
(7, 13, 137),
(8, 13, 138),
(9, 13, 139),
(10, 13, 140),
(6, 14, 141),
(7, 14, 142),
(8, 14, 143),
(9, 14, 144),
(10, 14, 145),
(6, 15, 146),
(7, 15, 147),
(8, 15, 148),
(9, 15, 149),
(10, 15, 150),
(11, 1, 151),
(12, 1, 152),
(13, 1, 153),
(14, 1, 154),
(15, 1, 155),
(11, 2, 156),
(12, 2, 157),
(13, 2, 158),
(14, 2, 159),
(15, 2, 160),
(11, 3, 161),
(12, 3, 162),
(13, 3, 163),
(14, 3, 164),
(15, 3, 165),
(11, 4, 166),
(12, 4, 167),
(13, 4, 168),
(14, 4, 169),
(15, 4, 170),
(11, 5, 171),
(12, 5, 172),
(13, 5, 173),
(14, 5, 174),
(15, 5, 175),
(11, 6, 176),
(12, 6, 177),
(13, 6, 178),
(14, 6, 179),
(15, 6, 180),
(11, 7, 181),
(12, 7, 182),
(13, 7, 183),
(14, 7, 184),
(15, 7, 185),
(11, 8, 186),
(12, 8, 187),
(13, 8, 188),
(14, 8, 189),
(15, 8, 190),
(11, 9, 191),
(12, 9, 192),
(13, 9, 193),
(14, 9, 194),
(15, 9, 195),
(11, 10, 196),
(12, 10, 197),
(13, 10, 198),
(14, 10, 199),
(15, 10, 200),
(11, 11, 201),
(12, 11, 202),
(13, 11, 203),
(14, 11, 204),
(15, 11, 205),
(11, 12, 206),
(12, 12, 207),
(13, 12, 208),
(14, 12, 209),
(15, 12, 210),
(11, 13, 211),
(12, 13, 212),
(13, 13, 213),
(14, 13, 214),
(15, 13, 215),
(11, 14, 216),
(12, 14, 217),
(13, 14, 218),
(14, 14, 219),
(15, 14, 220),
(11, 15, 221),
(12, 15, 222),
(13, 15, 223),
(14, 15, 224),
(15, 15, 225);

-- --------------------------------------------------------

--
-- Table structure for table `eppsdf_memory`
--

CREATE TABLE IF NOT EXISTS `eppsdf_memory` (
  `A` tinyint(4) NOT NULL,
  `B` tinyint(4) NOT NULL,
  `TH` int(11) NOT NULL,
  PRIMARY KEY (`TH`)
) ENGINE=MEMORY DEFAULT CHARSET=utf8;

--
-- Dumping data for table `eppsdf_memory`
--

INSERT INTO `eppsdf_memory` (`A`, `B`, `TH`) VALUES
(1, 1, 1),
(2, 1, 2),
(3, 1, 3),
(4, 1, 4),
(5, 1, 5),
(1, 2, 6),
(2, 2, 7),
(3, 2, 8),
(4, 2, 9),
(5, 2, 10),
(1, 3, 11),
(2, 3, 12),
(3, 3, 13),
(4, 3, 14),
(5, 3, 15),
(1, 4, 16),
(2, 4, 17),
(3, 4, 18),
(4, 4, 19),
(5, 4, 20),
(1, 5, 21),
(2, 5, 22),
(3, 5, 23),
(4, 5, 24),
(5, 5, 25),
(1, 6, 26),
(2, 6, 27),
(3, 6, 28),
(4, 6, 29),
(5, 6, 30),
(1, 7, 31),
(2, 7, 32),
(3, 7, 33),
(4, 7, 34),
(5, 7, 35),
(1, 8, 36),
(2, 8, 37),
(3, 8, 38),
(4, 8, 39),
(5, 8, 40),
(1, 9, 41),
(2, 9, 42),
(3, 9, 43),
(4, 9, 44),
(5, 9, 45),
(1, 10, 46),
(2, 10, 47),
(3, 10, 48),
(4, 10, 49),
(5, 10, 50),
(1, 11, 51),
(2, 11, 52),
(3, 11, 53),
(4, 11, 54),
(5, 11, 55),
(1, 12, 56),
(2, 12, 57),
(3, 12, 58),
(4, 12, 59),
(5, 12, 60),
(1, 13, 61),
(2, 13, 62),
(3, 13, 63),
(4, 13, 64),
(5, 13, 65),
(1, 14, 66),
(2, 14, 67),
(3, 14, 68),
(4, 14, 69),
(5, 14, 70),
(1, 15, 71),
(2, 15, 72),
(3, 15, 73),
(4, 15, 74),
(5, 15, 75),
(6, 1, 76),
(7, 1, 77),
(8, 1, 78),
(9, 1, 79),
(10, 1, 80),
(6, 2, 81),
(7, 2, 82),
(8, 2, 83),
(9, 2, 84),
(10, 2, 85),
(6, 3, 86),
(7, 3, 87),
(8, 3, 88),
(9, 3, 89),
(10, 3, 90),
(6, 4, 91),
(7, 4, 92),
(8, 4, 93),
(9, 4, 94),
(10, 4, 95),
(6, 5, 96),
(7, 5, 97),
(8, 5, 98),
(9, 5, 99),
(10, 5, 100),
(6, 6, 101),
(7, 6, 102),
(8, 6, 103),
(9, 6, 104),
(10, 6, 105),
(6, 7, 106),
(7, 7, 107),
(8, 7, 108),
(9, 7, 109),
(10, 7, 110),
(6, 8, 111),
(7, 8, 112),
(8, 8, 113),
(9, 8, 114),
(10, 8, 115),
(6, 9, 116),
(7, 9, 117),
(8, 9, 118),
(9, 9, 119),
(10, 9, 120),
(6, 10, 121),
(7, 10, 122),
(8, 10, 123),
(9, 10, 124),
(10, 10, 125),
(6, 11, 126),
(7, 11, 127),
(8, 11, 128),
(9, 11, 129),
(10, 11, 130),
(6, 12, 131),
(7, 12, 132),
(8, 12, 133),
(9, 12, 134),
(10, 12, 135),
(6, 13, 136),
(7, 13, 137),
(8, 13, 138),
(9, 13, 139),
(10, 13, 140),
(6, 14, 141),
(7, 14, 142),
(8, 14, 143),
(9, 14, 144),
(10, 14, 145),
(6, 15, 146),
(7, 15, 147),
(8, 15, 148),
(9, 15, 149),
(10, 15, 150),
(11, 1, 151),
(12, 1, 152),
(13, 1, 153),
(14, 1, 154),
(15, 1, 155),
(11, 2, 156),
(12, 2, 157),
(13, 2, 158),
(14, 2, 159),
(15, 2, 160),
(11, 3, 161),
(12, 3, 162),
(13, 3, 163),
(14, 3, 164),
(15, 3, 165),
(11, 4, 166),
(12, 4, 167),
(13, 4, 168),
(14, 4, 169),
(15, 4, 170),
(11, 5, 171),
(12, 5, 172),
(13, 5, 173),
(14, 5, 174),
(15, 5, 175),
(11, 6, 176),
(12, 6, 177),
(13, 6, 178),
(14, 6, 179),
(15, 6, 180),
(11, 7, 181),
(12, 7, 182),
(13, 7, 183),
(14, 7, 184),
(15, 7, 185),
(11, 8, 186),
(12, 8, 187),
(13, 8, 188),
(14, 8, 189),
(15, 8, 190),
(11, 9, 191),
(12, 9, 192),
(13, 9, 193),
(14, 9, 194),
(15, 9, 195),
(11, 10, 196),
(12, 10, 197),
(13, 10, 198),
(14, 10, 199),
(15, 10, 200),
(11, 11, 201),
(12, 11, 202),
(13, 11, 203),
(14, 11, 204),
(15, 11, 205),
(11, 12, 206),
(12, 12, 207),
(13, 12, 208),
(14, 12, 209),
(15, 12, 210),
(11, 13, 211),
(12, 13, 212),
(13, 13, 213),
(14, 13, 214),
(15, 13, 215),
(11, 14, 216),
(12, 14, 217),
(13, 14, 218),
(14, 14, 219),
(15, 14, 220),
(11, 15, 221),
(12, 15, 222),
(13, 15, 223),
(14, 15, 224),
(15, 15, 225);

-- --------------------------------------------------------

--
-- Table structure for table `epqadf`
--

CREATE TABLE IF NOT EXISTS `epqadf` (
  `TH` int(11) NOT NULL,
  `XZ` tinyint(4) NOT NULL,
  `E` tinyint(4) DEFAULT NULL,
  `N` tinyint(4) DEFAULT NULL,
  `P` tinyint(4) DEFAULT NULL,
  `L` tinyint(4) DEFAULT NULL,
  PRIMARY KEY (`TH`,`XZ`)
) ENGINE=InnoDB DEFAULT CHARSET=utf8;

--
-- Dumping data for table `epqadf`
--

INSERT INTO `epqadf` (`TH`, `XZ`, `E`, `N`, `P`, `L`) VALUES
(1, 1, 1, 0, 0, 0),
(1, 2, 0, 0, 0, 0),
(2, 1, 0, 0, 0, 0),
(2, 2, 0, 0, 1, 0),
(3, 1, 0, 1, 0, 0),
(3, 2, 0, 0, 0, 0),
(4, 1, 0, 0, 0, 0),
(4, 2, 0, 0, 0, 1),
(5, 1, 1, NULL, NULL, NULL),
(5, 2, NULL, NULL, NULL, NULL),
(6, 1, NULL, 0, NULL, NULL),
(6, 2, NULL, NULL, 1, NULL),
(7, 1, NULL, 1, 0, NULL),
(7, 2, NULL, NULL, NULL, 0),
(8, 1, NULL, NULL, NULL, 0),
(8, 2, NULL, NULL, 0, 1),
(9, 1, 0, NULL, NULL, NULL),
(9, 2, 0, NULL, 1, NULL),
(10, 1, 1, 0, NULL, NULL),
(10, 2, NULL, NULL, 0, NULL),
(11, 1, NULL, 0, NULL, NULL),
(11, 2, NULL, NULL, 1, 0),
(12, 1, NULL, 1, 0, 0),
(12, 2, NULL, NULL, NULL, NULL),
(13, 1, 1, NULL, NULL, NULL),
(13, 2, NULL, NULL, NULL, NULL),
(14, 1, 1, 0, NULL, NULL),
(14, 2, NULL, NULL, NULL, NULL),
(15, 1, NULL, 1, 0, NULL),
(15, 2, NULL, NULL, NULL, 0),
(16, 1, 0, NULL, NULL, NULL),
(16, 2, NULL, NULL, NULL, 1),
(17, 1, 1, NULL, NULL, NULL),
(17, 2, NULL, NULL, 0, NULL),
(18, 1, NULL, 0, NULL, NULL),
(18, 2, NULL, NULL, 1, NULL),
(19, 1, 0, 1, 0, NULL),
(19, 2, NULL, NULL, NULL, NULL),
(20, 1, NULL, 0, NULL, 1),
(20, 2, NULL, NULL, NULL, 0),
(21, 1, 0, NULL, NULL, NULL),
(21, 2, 1, NULL, NULL, 0),
(22, 1, 0, 0, 1, NULL),
(22, 2, NULL, NULL, NULL, NULL),
(23, 1, NULL, 1, 0, NULL),
(23, 2, NULL, NULL, NULL, NULL),
(24, 1, NULL, 0, NULL, 0),
(24, 2, NULL, NULL, NULL, 1),
(25, 1, 1, NULL, NULL, NULL),
(25, 2, NULL, NULL, NULL, 0),
(26, 1, NULL, 0, 1, NULL),
(26, 2, 0, NULL, NULL, NULL),
(27, 1, NULL, 1, 0, 0),
(27, 2, NULL, NULL, NULL, NULL),
(28, 1, 0, 0, NULL, NULL),
(28, 2, NULL, NULL, NULL, 1),
(29, 1, 0, 0, NULL, NULL),
(29, 2, 1, NULL, NULL, NULL),
(30, 1, NULL, 0, 1, NULL),
(30, 2, NULL, NULL, 0, NULL),
(31, 1, NULL, 1, NULL, 0),
(31, 2, NULL, NULL, NULL, NULL),
(32, 1, 0, NULL, 0, 1),
(32, 2, NULL, NULL, NULL, NULL),
(33, 1, 1, NULL, NULL, NULL),
(33, 2, NULL, NULL, 0, NULL),
(34, 1, NULL, 0, 1, NULL),
(34, 2, NULL, NULL, NULL, NULL),
(35, 1, 0, 1, 0, NULL),
(35, 2, NULL, NULL, NULL, NULL),
(36, 1, NULL, 0, NULL, 1),
(36, 2, NULL, NULL, NULL, NULL),
(37, 1, 1, NULL, NULL, NULL),
(37, 2, 0, NULL, NULL, NULL),
(38, 1, NULL, 0, 0, NULL),
(38, 2, NULL, NULL, 1, NULL),
(39, 1, NULL, 1, 0, NULL),
(39, 2, NULL, NULL, NULL, 0),
(40, 1, 0, NULL, NULL, NULL),
(40, 2, NULL, NULL, NULL, 1),
(41, 1, 1, NULL, 0, NULL),
(41, 2, NULL, NULL, NULL, NULL),
(42, 1, NULL, 0, NULL, NULL),
(42, 2, NULL, NULL, 1, NULL),
(43, 1, 0, 1, 0, NULL),
(43, 2, NULL, NULL, NULL, NULL),
(44, 1, NULL, NULL, 0, 0),
(44, 2, NULL, NULL, NULL, 1),
(45, 1, 0, NULL, NULL, NULL),
(45, 2, 1, NULL, NULL, 0),
(46, 1, 0, 0, 1, NULL),
(46, 2, NULL, NULL, NULL, NULL),
(47, 1, NULL, 1, 0, NULL),
(47, 2, NULL, NULL, NULL, NULL),
(48, 1, NULL, NULL, NULL, 0),
(48, 2, NULL, NULL, NULL, 1),
(49, 1, 1, NULL, NULL, NULL),
(49, 2, 0, NULL, NULL, NULL),
(50, 1, NULL, 0, 1, NULL),
(50, 2, NULL, NULL, 0, NULL),
(51, 1, NULL, 1, 0, NULL),
(51, 2, NULL, NULL, NULL, NULL),
(52, 1, NULL, NULL, NULL, 0),
(52, 2, NULL, NULL, NULL, 1),
(53, 1, 1, NULL, 0, NULL),
(53, 2, NULL, NULL, NULL, NULL),
(54, 1, NULL, 0, NULL, NULL),
(54, 2, NULL, NULL, NULL, 1),
(55, 1, 1, NULL, 0, NULL),
(55, 2, NULL, NULL, NULL, 0),
(56, 1, 0, NULL, NULL, 0),
(56, 2, NULL, NULL, 1, NULL),
(57, 1, 0, 1, 0, NULL),
(57, 2, NULL, NULL, NULL, NULL),
(58, 1, NULL, 0, 0, 1),
(58, 2, NULL, NULL, NULL, NULL),
(59, 1, NULL, 1, 0, NULL),
(59, 2, NULL, NULL, NULL, NULL),
(60, 1, 0, NULL, 0, NULL),
(60, 2, NULL, NULL, NULL, 1),
(61, 1, 1, NULL, NULL, NULL),
(61, 2, NULL, NULL, NULL, NULL),
(62, 1, NULL, 0, 0, NULL),
(62, 2, NULL, NULL, 1, NULL),
(63, 1, NULL, 1, NULL, 0),
(63, 2, NULL, NULL, NULL, NULL),
(64, 1, 0, NULL, NULL, NULL),
(64, 2, NULL, NULL, NULL, 1),
(65, 1, 1, 0, 0, NULL),
(65, 2, NULL, NULL, NULL, NULL),
(66, 1, NULL, 0, 1, NULL),
(66, 2, NULL, NULL, 0, NULL),
(67, 1, NULL, 1, NULL, NULL),
(67, 2, NULL, NULL, NULL, 0),
(68, 1, 0, NULL, 1, 0),
(68, 2, NULL, NULL, NULL, NULL),
(69, 1, NULL, 1, 0, NULL),
(69, 2, NULL, NULL, NULL, NULL),
(70, 1, NULL, 0, NULL, NULL),
(70, 2, NULL, NULL, NULL, 1),
(71, 1, 1, NULL, NULL, NULL),
(71, 2, NULL, NULL, NULL, 0),
(72, 1, 0, 0, NULL, NULL),
(72, 2, NULL, NULL, 1, NULL),
(73, 1, NULL, 1, 0, NULL),
(73, 2, NULL, NULL, NULL, 0),
(74, 1, NULL, 1, NULL, NULL),
(74, 2, NULL, NULL, NULL, NULL),
(75, 1, 0, NULL, 1, NULL),
(75, 2, NULL, NULL, NULL, 0),
(76, 1, 0, 0, 1, NULL),
(76, 2, NULL, NULL, NULL, NULL),
(77, 1, NULL, 1, 0, NULL),
(77, 2, NULL, NULL, 0, NULL),
(78, 1, NULL, 1, NULL, 0),
(78, 2, NULL, NULL, NULL, NULL),
(79, 1, 0, NULL, NULL, 0),
(79, 2, NULL, NULL, NULL, 1),
(80, 1, 1, NULL, NULL, NULL),
(80, 2, NULL, NULL, 0, 0),
(81, 1, NULL, 0, 1, 0),
(81, 2, NULL, NULL, NULL, NULL),
(82, 1, NULL, 1, NULL, NULL),
(82, 2, NULL, NULL, NULL, 0),
(83, 1, 0, NULL, NULL, NULL),
(83, 2, NULL, NULL, NULL, 1),
(84, 1, 1, 0, NULL, NULL),
(84, 2, NULL, NULL, NULL, 0),
(85, 1, 0, NULL, 1, NULL),
(85, 2, NULL, NULL, NULL, NULL),
(86, 1, 0, 1, NULL, NULL),
(86, 2, NULL, NULL, NULL, NULL),
(87, 1, NULL, NULL, NULL, 1),
(87, 2, NULL, NULL, NULL, 0),
(88, 1, 0, NULL, 0, NULL),
(88, 2, NULL, NULL, 1, NULL);

-- --------------------------------------------------------

--
-- Table structure for table `epqadf_memory`
--

CREATE TABLE IF NOT EXISTS `epqadf_memory` (
  `TH` int(11) NOT NULL,
  `XZ` tinyint(4) NOT NULL,
  `E` tinyint(4) DEFAULT NULL,
  `N` tinyint(4) DEFAULT NULL,
  `P` tinyint(4) DEFAULT NULL,
  `L` tinyint(4) DEFAULT NULL,
  PRIMARY KEY (`TH`,`XZ`)
) ENGINE=MEMORY DEFAULT CHARSET=utf8;

--
-- Dumping data for table `epqadf_memory`
--

INSERT INTO `epqadf_memory` (`TH`, `XZ`, `E`, `N`, `P`, `L`) VALUES
(1, 1, 1, 0, 0, 0),
(1, 2, 0, 0, 0, 0),
(2, 1, 0, 0, 0, 0),
(2, 2, 0, 0, 1, 0),
(3, 1, 0, 1, 0, 0),
(3, 2, 0, 0, 0, 0),
(4, 1, 0, 0, 0, 0),
(4, 2, 0, 0, 0, 1),
(5, 1, 1, NULL, NULL, NULL),
(5, 2, NULL, NULL, NULL, NULL),
(6, 1, NULL, 0, NULL, NULL),
(6, 2, NULL, NULL, 1, NULL),
(7, 1, NULL, 1, 0, NULL),
(7, 2, NULL, NULL, NULL, 0),
(8, 1, NULL, NULL, NULL, 0),
(8, 2, NULL, NULL, 0, 1),
(9, 1, 0, NULL, NULL, NULL),
(9, 2, 0, NULL, 1, NULL),
(10, 1, 1, 0, NULL, NULL),
(10, 2, NULL, NULL, 0, NULL),
(11, 1, NULL, 0, NULL, NULL),
(11, 2, NULL, NULL, 1, 0),
(12, 1, NULL, 1, 0, 0),
(12, 2, NULL, NULL, NULL, NULL),
(13, 1, 1, NULL, NULL, NULL),
(13, 2, NULL, NULL, NULL, NULL),
(14, 1, 1, 0, NULL, NULL),
(14, 2, NULL, NULL, NULL, NULL),
(15, 1, NULL, 1, 0, NULL),
(15, 2, NULL, NULL, NULL, 0),
(16, 1, 0, NULL, NULL, NULL),
(16, 2, NULL, NULL, NULL, 1),
(17, 1, 1, NULL, NULL, NULL),
(17, 2, NULL, NULL, 0, NULL),
(18, 1, NULL, 0, NULL, NULL),
(18, 2, NULL, NULL, 1, NULL),
(19, 1, 0, 1, 0, NULL),
(19, 2, NULL, NULL, NULL, NULL),
(20, 1, NULL, 0, NULL, 1),
(20, 2, NULL, NULL, NULL, 0),
(21, 1, 0, NULL, NULL, NULL),
(21, 2, 1, NULL, NULL, 0),
(22, 1, 0, 0, 1, NULL),
(22, 2, NULL, NULL, NULL, NULL),
(23, 1, NULL, 1, 0, NULL),
(23, 2, NULL, NULL, NULL, NULL),
(24, 1, NULL, 0, NULL, 0),
(24, 2, NULL, NULL, NULL, 1),
(25, 1, 1, NULL, NULL, NULL),
(25, 2, NULL, NULL, NULL, 0),
(26, 1, NULL, 0, 1, NULL),
(26, 2, 0, NULL, NULL, NULL),
(27, 1, NULL, 1, 0, 0),
(27, 2, NULL, NULL, NULL, NULL),
(28, 1, 0, 0, NULL, NULL),
(28, 2, NULL, NULL, NULL, 1),
(29, 1, 0, 0, NULL, NULL),
(29, 2, 1, NULL, NULL, NULL),
(30, 1, NULL, 0, 1, NULL),
(30, 2, NULL, NULL, 0, NULL),
(31, 1, NULL, 1, NULL, 0),
(31, 2, NULL, NULL, NULL, NULL),
(32, 1, 0, NULL, 0, 1),
(32, 2, NULL, NULL, NULL, NULL),
(33, 1, 1, NULL, NULL, NULL),
(33, 2, NULL, NULL, 0, NULL),
(34, 1, NULL, 0, 1, NULL),
(34, 2, NULL, NULL, NULL, NULL),
(35, 1, 0, 1, 0, NULL),
(35, 2, NULL, NULL, NULL, NULL),
(36, 1, NULL, 0, NULL, 1),
(36, 2, NULL, NULL, NULL, NULL),
(37, 1, 1, NULL, NULL, NULL),
(37, 2, 0, NULL, NULL, NULL),
(38, 1, NULL, 0, 0, NULL),
(38, 2, NULL, NULL, 1, NULL),
(39, 1, NULL, 1, 0, NULL),
(39, 2, NULL, NULL, NULL, 0),
(40, 1, 0, NULL, NULL, NULL),
(40, 2, NULL, NULL, NULL, 1),
(41, 1, 1, NULL, 0, NULL),
(41, 2, NULL, NULL, NULL, NULL),
(42, 1, NULL, 0, NULL, NULL),
(42, 2, NULL, NULL, 1, NULL),
(43, 1, 0, 1, 0, NULL),
(43, 2, NULL, NULL, NULL, NULL),
(44, 1, NULL, NULL, 0, 0),
(44, 2, NULL, NULL, NULL, 1),
(45, 1, 0, NULL, NULL, NULL),
(45, 2, 1, NULL, NULL, 0),
(46, 1, 0, 0, 1, NULL),
(46, 2, NULL, NULL, NULL, NULL),
(47, 1, NULL, 1, 0, NULL),
(47, 2, NULL, NULL, NULL, NULL),
(48, 1, NULL, NULL, NULL, 0),
(48, 2, NULL, NULL, NULL, 1),
(49, 1, 1, NULL, NULL, NULL),
(49, 2, 0, NULL, NULL, NULL),
(50, 1, NULL, 0, 1, NULL),
(50, 2, NULL, NULL, 0, NULL),
(51, 1, NULL, 1, 0, NULL),
(51, 2, NULL, NULL, NULL, NULL),
(52, 1, NULL, NULL, NULL, 0),
(52, 2, NULL, NULL, NULL, 1),
(53, 1, 1, NULL, 0, NULL),
(53, 2, NULL, NULL, NULL, NULL),
(54, 1, NULL, 0, NULL, NULL),
(54, 2, NULL, NULL, NULL, 1),
(55, 1, 1, NULL, 0, NULL),
(55, 2, NULL, NULL, NULL, 0),
(56, 1, 0, NULL, NULL, 0),
(56, 2, NULL, NULL, 1, NULL),
(57, 1, 0, 1, 0, NULL),
(57, 2, NULL, NULL, NULL, NULL),
(58, 1, NULL, 0, 0, 1),
(58, 2, NULL, NULL, NULL, NULL),
(59, 1, NULL, 1, 0, NULL),
(59, 2, NULL, NULL, NULL, NULL),
(60, 1, 0, NULL, 0, NULL),
(60, 2, NULL, NULL, NULL, 1),
(61, 1, 1, NULL, NULL, NULL),
(61, 2, NULL, NULL, NULL, NULL),
(62, 1, NULL, 0, 0, NULL),
(62, 2, NULL, NULL, 1, NULL),
(63, 1, NULL, 1, NULL, 0),
(63, 2, NULL, NULL, NULL, NULL),
(64, 1, 0, NULL, NULL, NULL),
(64, 2, NULL, NULL, NULL, 1),
(65, 1, 1, 0, 0, NULL),
(65, 2, NULL, NULL, NULL, NULL),
(66, 1, NULL, 0, 1, NULL),
(66, 2, NULL, NULL, 0, NULL),
(67, 1, NULL, 1, NULL, NULL),
(67, 2, NULL, NULL, NULL, 0),
(68, 1, 0, NULL, 1, 0),
(68, 2, NULL, NULL, NULL, NULL),
(69, 1, NULL, 1, 0, NULL),
(69, 2, NULL, NULL, NULL, NULL),
(70, 1, NULL, 0, NULL, NULL),
(70, 2, NULL, NULL, NULL, 1),
(71, 1, 1, NULL, NULL, NULL),
(71, 2, NULL, NULL, NULL, 0),
(72, 1, 0, 0, NULL, NULL),
(72, 2, NULL, NULL, 1, NULL),
(73, 1, NULL, 1, 0, NULL),
(73, 2, NULL, NULL, NULL, 0),
(74, 1, NULL, 1, NULL, NULL),
(74, 2, NULL, NULL, NULL, NULL),
(75, 1, 0, NULL, 1, NULL),
(75, 2, NULL, NULL, NULL, 0),
(76, 1, 0, 0, 1, NULL),
(76, 2, NULL, NULL, NULL, NULL),
(77, 1, NULL, 1, 0, NULL),
(77, 2, NULL, NULL, 0, NULL),
(78, 1, NULL, 1, NULL, 0),
(78, 2, NULL, NULL, NULL, NULL),
(79, 1, 0, NULL, NULL, 0),
(79, 2, NULL, NULL, NULL, 1),
(80, 1, 1, NULL, NULL, NULL),
(80, 2, NULL, NULL, 0, 0),
(81, 1, NULL, 0, 1, 0),
(81, 2, NULL, NULL, NULL, NULL),
(82, 1, NULL, 1, NULL, NULL),
(82, 2, NULL, NULL, NULL, 0),
(83, 1, 0, NULL, NULL, NULL),
(83, 2, NULL, NULL, NULL, 1),
(84, 1, 1, 0, NULL, NULL),
(84, 2, NULL, NULL, NULL, 0),
(85, 1, 0, NULL, 1, NULL),
(85, 2, NULL, NULL, NULL, NULL),
(86, 1, 0, 1, NULL, NULL),
(86, 2, NULL, NULL, NULL, NULL),
(87, 1, NULL, NULL, NULL, 1),
(87, 2, NULL, NULL, NULL, 0),
(88, 1, 0, NULL, 0, NULL),
(88, 2, NULL, NULL, 1, NULL);

-- --------------------------------------------------------

--
-- Table structure for table `epqamd`
--

CREATE TABLE IF NOT EXISTS `epqamd` (
  `DSEX` tinyint(4) NOT NULL,
  `DAGEL` int(11) NOT NULL,
  `DAGEH` int(11) NOT NULL,
  `EM` float(11,2) NOT NULL,
  `ESD` float(11,2) NOT NULL,
  `NM` float(11,2) NOT NULL,
  `NSD` float(11,2) NOT NULL,
  `PM` float(11,2) NOT NULL,
  `PSD` float(11,2) NOT NULL,
  `LM` float(11,2) NOT NULL,
  `LSD` float(11,2) NOT NULL,
  PRIMARY KEY (`DSEX`,`DAGEL`,`DAGEH`)
) ENGINE=InnoDB DEFAULT CHARSET=utf8;

--
-- Dumping data for table `epqamd`
--

INSERT INTO `epqamd` (`DSEX`, `DAGEL`, `DAGEH`, `EM`, `ESD`, `NM`, `NSD`, `PM`, `PSD`, `LM`, `LSD`) VALUES
(1, 16, 20, 11.55, 3.99, 12.31, 4.00, 6.65, 4.36, 11.76, 4.18),
(1, 20, 30, 10.63, 4.44, 11.26, 4.26, 5.96, 2.84, 12.17, 3.57),
(1, 30, 40, 9.92, 3.90, 12.02, 4.56, 5.85, 3.32, 12.39, 3.93),
(1, 40, 50, 9.65, 4.77, 10.12, 5.04, 5.67, 2.54, 13.55, 3.56),
(1, 50, 60, 8.63, 3.69, 11.07, 6.31, 6.05, 3.31, 13.93, 3.80),
(1, 60, 150, 9.80, 4.64, 8.92, 4.59, 4.40, 2.33, 15.35, 2.73),
(2, 16, 20, 10.23, 4.09, 12.28, 4.92, 5.06, 2.69, 12.85, 4.08),
(2, 20, 30, 8.65, 4.49, 13.06, 4.42, 4.92, 2.95, 13.35, 3.63),
(2, 30, 40, 8.97, 4.45, 12.02, 5.05, 4.80, 3.33, 14.17, 3.65),
(2, 40, 50, 8.37, 4.35, 12.15, 5.73, 4.03, 2.40, 15.41, 3.22),
(2, 50, 60, 9.22, 4.21, 11.09, 5.21, 4.05, 2.90, 14.09, 4.03),
(2, 60, 150, 9.34, 4.31, 11.36, 5.08, 3.82, 2.41, 15.95, 3.65);

-- --------------------------------------------------------

--
-- Table structure for table `examinee`
--

CREATE TABLE IF NOT EXISTS `examinee` (
  `id` int(11) NOT NULL AUTO_INCREMENT,
  `number` varchar(45) NOT NULL COMMENT 'username',
  `password` varchar(256) NOT NULL,
  `name` varchar(45) DEFAULT NULL,
  `other` text COMMENT 'json',
  `sex` tinyint(1) DEFAULT NULL,
  `native` varchar(200) DEFAULT NULL COMMENT '',
  `education` varchar(200) DEFAULT NULL COMMENT '',
  `politics` varchar(200) DEFAULT NULL COMMENT '',
  `professional` varchar(200) DEFAULT NULL COMMENT '',
  `degree` varchar(200) DEFAULT NULL COMMENT '',
  `employer` varchar(200) DEFAULT NULL COMMENT '',
  `unit` varchar(200) DEFAULT NULL COMMENT '',
  `team` varchar(200) DEFAULT NULL COMMENT '/',
  `duty` varchar(200) DEFAULT NULL COMMENT '',
  `project_id` int(11) NOT NULL COMMENT 'id',
  `birthday` date DEFAULT NULL,
  `last_login` datetime DEFAULT NULL,
  `is_exam_com` tinyint(1) NOT NULL DEFAULT '0',
  PRIMARY KEY (`id`),
  UNIQUE KEY `username_UNIQUE` (`number`),
  KEY `index3` (`project_id`)
) ENGINE=InnoDB  DEFAULT CHARSET=utf8 AUTO_INCREMENT=16 ;

--
-- Dumping data for table `examinee`
--

INSERT INTO `examinee` (`id`, `number`, `password`, `name`, `other`, `sex`, `native`, `education`, `politics`, `professional`, `degree`, `employer`, `unit`, `team`, `duty`, `project_id`, `birthday`, `last_login`, `is_exam_com`) VALUES
(12, '15010001', 'efxonl', '', '{"education":[],"work":[]}', 1, '', '', '', '', '', '', '', '', '', 1, '1993-11-12', '2015-08-23 14:51:51', 1),
(13, '15010002', '2oumzy', '', '{"education":[],"work":[]}', 1, '', '', '', '', '', '', '', '', '', 1, '1993-11-12', '2015-08-19 12:44:29', 1),
(14, '15010003', '0mzg2o', '', '{"education":[],"work":[]}', 1, '', '', '', NULL, NULL, '', '', NULL, '', 1, '1993-11-12', NULL, 0),
(15, '15010004', 'zkxvjb', '', '{"education":[],"work":[]}', 1, '', '', '', '', '', '', '', '', '', 1, '1993-11-12', '2015-08-19 05:11:29', 0);

-- --------------------------------------------------------

--
-- Table structure for table `factor`
--

CREATE TABLE IF NOT EXISTS `factor` (
  `id` int(11) NOT NULL AUTO_INCREMENT,
  `name` varchar(45) NOT NULL,
  `factor` double DEFAULT NULL COMMENT '',
  `father_factor` int(11) DEFAULT NULL COMMENT 'id',
  `paper_id` int(11) DEFAULT NULL COMMENT 'id',
  `children` varchar(2000) DEFAULT NULL COMMENT '\n',
  `children_type` varchar(1000) DEFAULT NULL COMMENT 'factorquestion',
  `action` varchar(1000) DEFAULT NULL COMMENT '',
  `ans_do` varchar(1000) DEFAULT NULL COMMENT '',
  `chabiao` varchar(1000) DEFAULT NULL COMMENT '',
  `chs_name` varchar(45) DEFAULT NULL COMMENT '',
  PRIMARY KEY (`id`),
  UNIQUE KEY `name_UNIQUE` (`name`),
  KEY `index2` (`father_factor`),
  KEY `index4` (`paper_id`)
) ENGINE=InnoDB  DEFAULT CHARSET=utf8 AUTO_INCREMENT=142 ;

--
-- Dumping data for table `factor`
--

INSERT INTO `factor` (`id`, `name`, `factor`, `father_factor`, `paper_id`, `children`, `children_type`, `action`, `ans_do`, `chabiao`, `chs_name`) VALUES
(62, 'A', NULL, NULL, 134, '3,26,27,51,52,76,101,126,151,176', '1,1,1,1,1,1,1,1,1,1', 'sum', '$ans=$ans', NULL, ''),
(63, 'B', NULL, NULL, 134, '28,53,54,77,78,102,103,127,128,152,153,177,178', '1,1,1,1,1,1,1,1,1,1,1,1,1', 'sum', '$ans=$ans', NULL, ''),
(64, 'C', NULL, NULL, 134, '4,5,29,30,55,79,80,104,105,129,130,154,179', '1,1,1,1,1,1,1,1,1,1,1,1,1', 'sum', '$ans=$ans', NULL, ''),
(65, 'E', NULL, NULL, 134, '6,7,31,32,56,57,81,106,131,155,156,180,181', '1,1,1,1,1,1,1,1,1,1,1,1,1', 'sum', '$ans=$ans', NULL, ''),
(66, 'F', NULL, NULL, 134, '8,33,58,82,83,107,108,132,133,157,158,182,183', '1,1,1,1,1,1,1,1,1,1,1,1,1', 'sum', '$ans=$ans', NULL, ''),
(67, 'G', NULL, NULL, 134, '9,34,59,84,109,134,159,160,184,185', '1,1,1,1,1,1,1,1,1,1', 'sum', '$ans=$ans', NULL, ''),
(68, 'H', NULL, NULL, 134, '10,35,36,60,61,85,86,110,111,135,136,161,186', '1,1,1,1,1,1,1,1,1,1,1,1,1', 'sum', '$ans=$ans', NULL, ''),
(69, 'I', NULL, NULL, 134, '11,12,37,62,87,112,137,138,162,163', '1,1,1,1,1,1,1,1,1,1', 'sum', '$ans=$ans', NULL, ''),
(70, 'L', NULL, NULL, 134, '13,38,63,64,88,89,113,114,139,164', '1,1,1,1,1,1,1,1,1,1', 'sum', '$ans=$ans', NULL, ''),
(71, 'M', NULL, NULL, 134, '14,15,39,40,65,90,91,115,116,140,141,165,166', '1,1,1,1,1,1,1,1,1,1,1,1,1', 'sum', '$ans=$ans', NULL, ''),
(72, 'N', NULL, NULL, 134, '16,17,41,42,66,67,92,117,142,167', '1,1,1,1,1,1,1,1,1,1', 'sum', '$ans=$ans', NULL, ''),
(73, 'O', NULL, NULL, 134, '18,19,43,44,68,69,93,94,118,119,143,144,168', '1,1,1,1,1,1,1,1,1,1,1,1,1', 'sum', '$ans=$ans', NULL, ''),
(74, 'Q1', NULL, NULL, 134, '20,21,45,46,70,95,120,145,169,170', '1,1,1,1,1,1,1,1,1,1', 'sum', '$ans=$ans', NULL, ''),
(75, 'Q2', NULL, NULL, 134, '22,47,71,72,96,97,121,122,146,171', '1,1,1,1,1,1,1,1,1,1', 'sum', '$ans=$ans', NULL, ''),
(76, 'Q3', NULL, NULL, 134, '23,24,48,73,98,123,147,148,172,173', '1,1,1,1,1,1,1,1,1,1', 'sum', '$ans=$ans', NULL, ''),
(77, 'Q4', NULL, NULL, 134, '25,49,50,74,75,99,100,124,125,149,150,174,175', '1,1,1,1,1,1,1,1,1,1,1,1,1', 'sum', '$ans=10-$ans', NULL, ''),
(78, 'X1', NULL, NULL, 134, 'L,O,Q4,C,H,Q3', '0,0,0,0,0,0', '(38+2*L+3*O+4*Q4-(2*C+2*H+2*Q3))/10', '$ans=10-$ans', NULL, ''),
(79, 'X2', NULL, NULL, 134, 'A,E,F,H,Q2', '0,0,0,0,0', '(2*A+3*E+4*F+5*H-(2*Q2+11))/10', '$ans=$ans', NULL, ''),
(80, 'X3', NULL, NULL, 134, 'C,E,F,N,A,I,M', '0,0,0,0,0,0,0', '(77+2*C+2*E+2*F+2*N-(4*A+6*I+2*M))/10', '$ans=$ans', NULL, ''),
(81, 'X4', NULL, NULL, 134, 'E,M,Q1,Q2,A,G', '0,0,0,0,0,0', '(4*E+3*M+4*Q1+4*Q2-(3*A+2*G))/10', '$ans=$ans', NULL, ''),
(82, 'Y1', NULL, NULL, 134, 'C,F,O,Q4', '0,0,0,0', 'C+F+(11-O)+(11-Q4)', '$ans=$ans/4', NULL, ''),
(83, 'Y2', NULL, NULL, 134, 'Q3,G,C,E,N,Q1,Q2', '0,0,0,0,0,0,0', '2*Q3+2*G+2*C+E+N+Q1+Q2', '$ans=$ans/7.5', NULL, ''),
(84, 'Y3', NULL, NULL, 134, 'A,B,E,F,H,I,M,N,Q1,Q2', '0,0,0,0,0,0,0,0,0,0', '2*(11-A)+2*B+E+2*(11-F)+H+2*I+M+(11-N)+Q1+2*Q2', '$ans=$ans', NULL, ''),
(85, 'Y4', NULL, NULL, 134, 'B,G,Q3,F', '0,0,0,0', 'B+G+Q3+(11-F)', '$ans=$ans/4', NULL, ''),
(86, 'end', NULL, NULL, 136, '153,158,163,168,173,178,182,188,193,198,203,208,213,218,223,61,62,63,64,65,136,137,138,139,140,211,212,213,214,215', '1,1,1,1,1,1,1,1,1,1,1,1,1,1,1,1,1,1,1,1,1,1,1,1,1,1,1,1,1,1', 'sum', '$ans=($ans-1)/2.8', NULL, ''),
(87, 'int', NULL, NULL, 136, '77,82,87,92,97,102,107,112,117,122,127,132,137,142,147,31,32,33,34,35,106,107,108,109,110,181,182,183,184,185', '1,1,1,1,1,1,1,1,1,1,1,1,1,1,1,1,1,1,1,1,1,1,1,1,1,1,1,1,1,1', 'sum', '$ans=($ans-1)/2.8', NULL, ''),
(88, 'ord', NULL, NULL, 136, '3,8,13,18,23,28,33,38,43,48,53,58,63,68,73,11,12,13,14,15,86,87,88,89,90,161,162,163,164,165', '1,1,1,1,1,1,1,1,1,1,1,1,1,1,1,1,1,1,1,1,1,1,1,1,1,1,1,1,1,1', 'sum', '$ans=($ans-1)/2.8', NULL, ''),
(89, 'ach', NULL, NULL, 136, '1,6,11,16,21,26,31,36,41,46,51,56,61,66,71,1,2,3,4,5,76,77,78,79,80,151,152,153,154,155', '1,1,1,1,1,1,1,1,1,1,1,1,1,1,1,1,1,1,1,1,1,1,1,1,1,1,1,1,1,1', 'sum', '$ans=($ans-1)/2.8', NULL, ''),
(90, 'chg', NULL, NULL, 136, '152,157,162,167,172,177,182,187,192,197,202,207,212,217,222,56,57,58,59,60,131,132,133,134,135,206,207,208,209,210', '1,1,1,1,1,1,1,1,1,1,1,1,1,1,1,1,1,1,1,1,1,1,1,1,1,1,1,1,1,1', 'sum', '$ans=($ans-1)/2.8', NULL, ''),
(91, 'aba', NULL, NULL, 136, '80,85,90,95,100,105,110,115,120,125,130,135,140,145,150,46,47,48,49,50,121,122,123,124,125,196,197,198,199,200', '1,1,1,1,1,1,1,1,1,1,1,1,1,1,1,1,1,1,1,1,1,1,1,1,1,1,1,1,1,1', 'sum', '$ans=($ans-1)/2.8', NULL, ''),
(92, 'dom', NULL, NULL, 136, '79,84,89,94,99,104,109,114,119,124,129,134,139,144,149,41,42,43,44,45,116,117,118,119,120,191,192,193,194,195', '1,1,1,1,1,1,1,1,1,1,1,1,1,1,1,1,1,1,1,1,1,1,1,1,1,1,1,1,1,1', 'sum', '$ans=($ans-1)/2.8', NULL, ''),
(93, 'aff', NULL, NULL, 136, '76,81,86,91,96,101,106,111,116,121,126,131,136,141,146,26,27,28,29,30,101,102,103,104,105,176,177,178,179,180', '1,1,1,1,1,1,1,1,1,1,1,1,1,1,1,1,1,1,1,1,1,1,1,1,1,1,1,1,1,1', 'sum', '$ans=($ans-1)/2.8', NULL, ''),
(94, 'def', NULL, NULL, 136, '2,7,12,17,22,27,32,37,42,47,52,57,62,67,72,6,7,8,9,10,81,82,83,84,85,156,157,158,159,160', '1,1,1,1,1,1,1,1,1,1,1,1,1,1,1,1,1,1,1,1,1,1,1,1,1,1,1,1,1,1', 'sum', '$ans=($ans-1)/2.8', NULL, ''),
(95, 'agg', NULL, NULL, 136, '155,160,165,170,175,180,185,190,195,200,205,210,215,220,225,71,72,73,74,75,146,147,148,149,150,221,222,223,224,225', '1,1,1,1,1,1,1,1,1,1,1,1,1,1,1,1,1,1,1,1,1,1,1,1,1,1,1,1,1,1', 'sum', '$ans=($ans-1)/2.8', NULL, ''),
(96, 'suc', NULL, NULL, 136, '78,83,88,93,98,103,108,113,118,123,128,133,138,143,148,36,37,38,39,40,111,112,113,114,115,186,187,188,189,190', '1,1,1,1,1,1,1,1,1,1,1,1,1,1,1,1,1,1,1,1,1,1,1,1,1,1,1,1,1,1', 'sum', '$ans=($ans-1)/2.8', NULL, ''),
(97, 'exh', NULL, NULL, 136, '4,9,14,19,24,29,34,39,44,49,54,59,64,69,74,16,17,18,19,20,91,92,93,94,95,166,167,168,169,170', '1,1,1,1,1,1,1,1,1,1,1,1,1,1,1,1,1,1,1,1,1,1,1,1,1,1,1,1,1,1', 'sum', '$ans=($ans-1)/2.8', NULL, ''),
(98, 'aut', NULL, NULL, 136, '5,10,15,20,25,30,35,40,45,50,55,60,65,70,75,21,22,23,24,25,96,97,98,99,100,171,172,173,174,175', '1,1,1,1,1,1,1,1,1,1,1,1,1,1,1,1,1,1,1,1,1,1,1,1,1,1,1,1,1,1', 'sum', '$ans=($ans-1)/2.8', NULL, ''),
(99, 'het', NULL, NULL, 136, '154,159,164,169,174,179,184,189,194,199,204,209,214,219,224,66,67,68,69,70,141,142,143,144,145,216,217,218,219,220', '1,1,1,1,1,1,1,1,1,1,1,1,1,1,1,1,1,1,1,1,1,1,1,1,1,1,1,1,1,1', 'sum', '$ans=($ans-1)/2.8', NULL, ''),
(100, 'nur', NULL, NULL, 136, '151,156,161,166,171,176,181,186,191,196,201,206,211,216,221,51,52,53,54,55,126,127,128,129,130,201,202,203,204,205', '1,1,1,1,1,1,1,1,1,1,1,1,1,1,1,1,1,1,1,1,1,1,1,1,1,1,1,1,1,1', 'sum', '$ans=($ans-1)/2.8', NULL, ''),
(101, 'con', NULL, NULL, 136, '1,7,13,19,25,26,32,38,44,50,51,57,63,69,75,101,107,113,119,125,151,157,163,169,175,201,207,213,219,225', '1,1,1,1,1,1,1,1,1,1,1,1,1,1,1,1,1,1,1,1,1,1,1,1,1,1,1,1,1,1', 'sum', 'if ($ans == 1) $ans = 9; else                    if ($ans == 2) $ans = 8; else                      if ($ans == 3) $ans = 7; else                    if ($ans == 4) $ans = 5; else                     if($ans ==6 ) $ans=2; else $ans = 1;', NULL, ''),
(102, 'soma', NULL, NULL, 137, '1,4,12,27,40,42,48,49,52,53,56,58', '1,1,1,1,1,1,1,1,1,1,1,1', 'avg', '', NULL, ''),
(103, 'inte', NULL, NULL, 137, '6,21,34,36,37,41,61,69,73', '1,1,1,1,1,1,1,1,1', 'avg', 'if ($ans == 1) $ans = 9; else                    if ($ans < 1.1) $ans = 8; else                      if ($ans < 1.3) $ans = 7; else                    if ($ans < 1.4) $ans = 6; else                     if($ans <1.6 ) $ans=4;else                     if ($ans < 2) $ans = 3; else                      if ($ans < 4) $ans = 2; else $ans = 1;', NULL, ''),
(104, 'depr', NULL, NULL, 137, '5,14,15,20,22,26,29,30,31,32,54,71,79', '1,1,1,1,1,1,1,1,1,1,1,1,1', 'avg', 'if ($ans == 1) $ans = 9; else                    if ($ans < 1.1) $ans = 8; else                      if ($ans < 1.3) $ans = 7; else                    if ($ans < 1.4) $ans = 6; else                     if($ans <1.6 ) $ans=4;else                     if ($ans < 2) $ans = 3; else                      if ($ans < 4) $ans = 2; else $ans = 1;', NULL, ''),
(105, 'anxi', NULL, NULL, 137, '2,17,23,33,39,57,72,78,80,86', '1,1,1,1,1,1,1,1,1,1', 'avg', 'if ($ans == 1) $ans = 9; else                    if ($ans < 1.1) $ans = 8; else                      if ($ans < 1.3) $ans = 7; else                    if ($ans < 1.4) $ans = 6; else                     if($ans <1.6 ) $ans=4;else                     if ($ans < 2) $ans = 3; else                      if ($ans < 4) $ans = 2; else $ans = 1;', NULL, ''),
(106, 'host', NULL, NULL, 137, '11,24,63,67,74,81', '1,1,1,1,1,1', 'avg', 'if ($ans == 1) $ans = 9; else                    if ($ans < 1.1) $ans = 8; else                      if ($ans < 1.3) $ans = 7; else                    if ($ans < 1.4) $ans = 6; else                     if($ans <1.6 ) $ans=4;else                     if ($ans < 2) $ans = 3; else                      if ($ans < 4) $ans = 2; else $ans = 1;', NULL, ''),
(107, 'phob', NULL, NULL, 137, '13,25,47,50,70,75,82', '1,1,1,1,1,1,1', 'avg', 'if ($ans == 1) $ans = 9; else                    if ($ans < 1.1) $ans = 8; else                      if ($ans < 1.3) $ans = 7; else                    if ($ans < 1.4) $ans = 6; else                     if($ans <1.6 ) $ans=4;else                     if ($ans < 2) $ans = 3; else                      if ($ans < 4) $ans = 2; else $ans = 1;', NULL, ''),
(108, 'parn', NULL, NULL, 137, '8,18,43,68,76,83', '1,1,1,1,1,1', 'avg', 'if ($ans == 1) $ans = 9; else                    if ($ans < 1.1) $ans = 8; else                      if ($ans < 1.3) $ans = 7; else                    if ($ans < 1.4) $ans = 6; else                     if($ans <1.6 ) $ans=4;else                     if ($ans < 2) $ans = 3; else                      if ($ans < 4) $ans = 2; else $ans = 1;', NULL, ''),
(109, 'psyc', NULL, NULL, 137, '7,16,35,62,77,84,85,87,88,90', '1,1,1,1,1,1,1,1,1,1', 'avg', 'if ($ans == 1) $ans = 9; else                    if ($ans < 1.1) $ans = 8; else                      if ($ans < 1.3) $ans = 7; else                    if ($ans < 1.4) $ans = 6; else                     if($ans <1.6 ) $ans=4;else                     if ($ans < 2) $ans = 3; else                      if ($ans < 4) $ans = 2; else $ans = 1;', NULL, ''),
(110, 'qtfm', NULL, NULL, 137, '19,44,59,60,64,66,89', '1,1,1,1,1,1,1', 'avg', 'if ($ans == 1) $ans = 9; else                    if ($ans < 1.1) $ans = 8; else                      if ($ans < 1.3) $ans = 7; else                    if ($ans < 1.4) $ans = 6; else                     if($ans <1.6 ) $ans=4;else                     if ($ans < 2) $ans = 3; else                      if ($ans < 4) $ans = 2; else $ans = 1;', NULL, ''),
(111, 'epqae', NULL, NULL, 133, '1,5,10,13,14,17,21,25,29,33,37,41,45,49,53,55,61,65,71,80,84', '1,1,1,1,1,1,1,1,1,1,1,1,1,1,1,1,1,1,1,1,1', 'sum', '$ans=$ans/10', NULL, ''),
(112, 'epqan', NULL, NULL, 133, '3,7,12,15,19,23,27,31,35,39,43,47,51,57,59,63,67,69,73,74,77,78,82,86', '1,1,1,1,1,1,1,1,1,1,1,1,1,1,1,1,1,1,1,1,1,1,1,1', 'sum', '$ans=10-$ans/10', NULL, ''),
(113, 'epqap', NULL, NULL, 133, '2,6,9,11,18,22,26,30,34,38,42,46,50,56,62,66,68,72,75,76,81,85,88', '1,1,1,1,1,1,1,1,1,1,1,1,1,1,1,1,1,1,1,1,1,1,1', 'sum', '$ans=10-$ans/10', NULL, ''),
(114, 'epqal', NULL, NULL, 133, '4,8,16,20,24,28,32,36,40,44,48,52,54,58,60,64,70,79,83,87', '1,1,1,1,1,1,1,1,1,1,1,1,1,1,1,1,1,1,1,1', 'sum', '$ans=10-$ans/10', NULL, ''),
(115, 'do', NULL, NULL, 135, '26,27,57,83,89,91,130,153,161,170,174,181,193,199,205,109,213,224,227', '1,1,1,1,1,1,1,1,1,1,1,1,1,1,1,1,1,1,1', 'sum', '$ans=$ans/10', NULL, ''),
(116, 'cs', NULL, NULL, 135, '8,18,23,36,43,50,79,83,95,99,113,115,139,149', '1,1,1,1,1,1,1,1,1,1,1,1,1,1', 'sum', '$ans=$ans/10', NULL, ''),
(117, 'sy', NULL, NULL, 135, '1,25,38,46,53,54,57,64,72,81,83,120,130,136,146,147', '1,1,1,1,1,1,1,1,1,1,1,1,1,1,1,1', 'sum', '$ans=$ans/10', NULL, ''),
(118, 'sp', NULL, NULL, 135, '3,11,23,25,28,34,38,40,46,53,89,99,103,113,116,126,131', '1,1,1,1,1,1,1,1,1,1,1,1,1,1,1,1,1', 'sum', '$ans=$ans/10', NULL, ''),
(119, 'sa', NULL, NULL, 135, '4,16,17,57,89,91,113,130,147,154', '1,1,1,1,1,1,1,1,1,1', 'sum', '$ans=$ans/10', NULL, ''),
(120, 'wb', NULL, NULL, 135, '7,35,48,96,117,134,155,159,166,172,178,180,187,191,202,204,206,214,217,220', '1,1,1,1,1,1,1,1,1,1,1,1,1,1,1,1,1,1,1,1', 'sum', '$ans=$ans/10', NULL, ''),
(121, 're', NULL, NULL, 135, '21,24,30,37,39,41,58,65,69,82,101,104,106,132,143,150', '1,1,1,1,1,1,1,1,1,1,1,1,1,1,1,1', 'sum', '$ans=$ans/10', NULL, ''),
(122, 'so', NULL, NULL, 135, '71,82,84,107,157,169,171,186,195,196,197,201,207,211,216,218,219,221,225,229', '1,1,1,1,1,1,1,1,1,1,1,1,1,1,1,1,1,1,1,1', 'sum', '$ans=$ans/10', NULL, ''),
(123, 'sc', NULL, NULL, 135, '3,14,20,22,26,42,53,59,68,74,85,86,90,92,94,96,116,121,129,135,141,142,152,154,155,156', '1,1,1,1,1,1,1,1,1,1,1,1,1,1,1,1,1,1,1,1,1,1,1,1,1,1', 'sum', '$ans=$ans/10', NULL, ''),
(125, 'gi', NULL, NULL, 135, '6,15,20,22,32,35,42,44,49,52,55,73,75,78,85,90,100,116,118,133,141,151', '1,1,1,1,1,1,1,1,1,1,1,1,1,1,1,1,1,1,1,1,1,1', 'sum', '$ans=$ans/10', NULL, ''),
(126, 'cm', NULL, NULL, 135, '158,160,162,163,168,173,176,177,182,188,192,215,226', '1,1,1,1,1,1,1,1,1,1,1,1,1', 'sum', '$ans=$ans/10', NULL, ''),
(127, 'ac', NULL, NULL, 135, '14,24,61,72,76,80,86,87,98,107,117,121,125,137,144', '1,1,1,1,1,1,1,1,1,1,1,1,1,1,1', 'sum', '$ans=$ans/10', NULL, ''),
(128, 'ai', NULL, NULL, 135, '4,19,29,60,62,66,70,102,111,119,127,128,139,152', '1,1,1,1,1,1,1,1,1,1,1,1,1,1', 'sum', '$ans=$ans/10', NULL, ''),
(129, 'ie', NULL, NULL, 135, '25,40,57,83,99,130,136,146,179,185,208,210,212,222', '1,1,1,1,1,1,1,1,1,1,1,1,1,1', 'sum', '$ans=$ans/10', NULL, ''),
(130, 'py', NULL, NULL, 135, '5,27,47,51,67,72,94,105,112,114,145', '1,1,1,1,1,1,1,1,1,1,1', 'sum', '$ans=$ans/10', NULL, ''),
(131, 'fx', NULL, NULL, 135, '164,165,167,175,183,184,189,190,194,198,203,223,228,230', '1,1,1,1,1,1,1,1,1,1,1,1,1,1', 'sum', 'if ($ans == 100) $ans = 10; else                    if ($ans > 80) $ans = 9; else                      if ($ans > 65) $ans = 8; else                    if ($ans > 30) $ans = 5; else                     if ($ans > 10) $ans = 2;else $ans = 1;', NULL, ''),
(132, 'fe', NULL, NULL, 135, '9,13,28,31,42,45,56,65,71,104,107,108,122,124,138,140', '1,1,1,1,1,1,1,1,1,1,1,1,1,1,1,1', 'sum', '$ans=$ans/10', NULL, ''),
(133, 'spma', NULL, NULL, 138, '1,2,3,4,5,6,7,8,9,10,11,12', '1,1,1,1,1,1,1,1,1,1,1,1', 'sum', 'if ($ans == 1) $ans = 9; else                    if ($ans == 2) $ans = 7.5; else                      if ($ans == 3) $ans = 6; else                    if ($ans == 4) $ans = 5; else                      if ($ans == 5) $ans = 4; else $ans = 1;', NULL, 'SPM(A)'),
(134, 'spmb', NULL, NULL, 138, '13,14,15,16,17,18,19,20,21,22,23,24', '1,1,1,1,1,1,1,1,1,1,1,1', 'sum', 'if ($ans == 1) $ans = 9; else                    if ($ans == 2) $ans = 7.5; else                      if ($ans == 3) $ans = 6; else                    if ($ans == 4) $ans = 5; else                      if ($ans == 5) $ans = 4; else $ans = 1;', NULL, 'SPM(B)'),
(135, 'spmc', NULL, NULL, 138, '25,26,27,28,29,30,31,32,33,34,35,36', '1,1,1,1,1,1,1,1,1,1,1,1', 'sum', 'if ($ans == 1) $ans = 9; else                    if ($ans == 2) $ans = 7.5; else                      if ($ans == 3) $ans = 6; else                    if ($ans == 4) $ans = 5; else                      if ($ans == 5) $ans = 4; else $ans = 1;', NULL, 'SPM(C)'),
(136, 'spmd', NULL, NULL, 138, '37,38,39,40,41,42,43,44,45,46,47,48', '1,1,1,1,1,1,1,1,1,1,1,1', 'sum', 'if ($ans == 1) $ans = 9; else                    if ($ans == 2) $ans = 7.5; else                      if ($ans == 3) $ans = 6; else                    if ($ans == 4) $ans = 5; else                      if ($ans == 5) $ans = 4; else $ans = 1;', NULL, 'SPM(D)'),
(137, 'spme', NULL, NULL, 138, '49,50,51,52,53,54,55,56,57,58,59,60', '1,1,1,1,1,1,1,1,1,1,1,1', 'sum', 'if ($ans == 1) $ans = 9; else                    if ($ans == 2) $ans = 7.5; else                      if ($ans == 3) $ans = 6; else                    if ($ans == 4) $ans = 5; else                      if ($ans == 5) $ans = 4; else $ans = 1;', NULL, 'SPM(E)'),
(138, 'spm', NULL, NULL, 138, 'spma,spmb,spmc,spmd,spme', '0,0,0,0,0', 'sum', NULL, NULL, 'SPM'),
(139, 'spmabc', NULL, NULL, 138, 'spma,spmb,spmc', '0,0,0', 'sum', NULL, NULL, 'SPM(ABC)'),
(140, 'obse', NULL, NULL, 137, '3,9,10,28,38,45,46,51,55,65', '1,1,1,1,1,1,1,1,1,1', 'avg', 'if ($ans == 1) $ans = 9; else                    if ($ans < 1.1) $ans = 8; else                      if ($ans < 1.3) $ans = 7; else                    if ($ans < 1.4) $ans = 6; else                     if($ans <1.6 ) $ans=4;else                     if ($ans < 2) $ans = 3; else                      if ($ans < 4) $ans = 2; else $ans = 1;', NULL, ''),
(141, 'po', NULL, NULL, 135, '7,12,33,48,50,74,77,88,92,93,102,110,123,129,134,148,152', '1,1,1,1,1,1,1,1,1,1,1,1,1,1,1,1,1', 'sum', '$ans=$ans/10', NULL, '');

-- --------------------------------------------------------

--
-- Table structure for table `factor_ans`
--

CREATE TABLE IF NOT EXISTS `factor_ans` (
  `score` float(11,2) DEFAULT NULL COMMENT '',
  `std_score` float(11,2) DEFAULT NULL COMMENT '',
  `examinee_id` int(11) NOT NULL COMMENT 'id',
  `factor_id` int(11) NOT NULL COMMENT 'id',
  `ans_score` float(11,2) DEFAULT NULL,
  PRIMARY KEY (`examinee_id`,`factor_id`),
  KEY `fk_factor_ans_2_idx` (`factor_id`)
) ENGINE=InnoDB DEFAULT CHARSET=utf8;

--
-- Dumping data for table `factor_ans`
--

INSERT INTO `factor_ans` (`score`, `std_score`, `examinee_id`, `factor_id`, `ans_score`) VALUES
(NULL, NULL, 12, 62, NULL),
(NULL, NULL, 12, 63, NULL),
(NULL, NULL, 12, 64, NULL),
(NULL, NULL, 12, 65, NULL),
(NULL, NULL, 12, 66, NULL),
(NULL, NULL, 12, 67, NULL),
(NULL, NULL, 12, 68, NULL),
(NULL, NULL, 12, 69, NULL),
(NULL, NULL, 12, 70, NULL),
(NULL, NULL, 12, 71, NULL),
(NULL, NULL, 12, 72, NULL),
(NULL, NULL, 12, 73, NULL),
(NULL, NULL, 12, 74, NULL),
(NULL, NULL, 12, 75, NULL),
(NULL, NULL, 12, 76, NULL),
(NULL, NULL, 12, 77, NULL),
(NULL, NULL, 12, 78, NULL),
(NULL, NULL, 12, 79, NULL),
(NULL, NULL, 12, 80, NULL),
(NULL, NULL, 12, 81, NULL),
(NULL, NULL, 12, 82, NULL),
(NULL, NULL, 12, 83, NULL),
(NULL, NULL, 12, 84, NULL),
(NULL, NULL, 12, 85, NULL),
(NULL, NULL, 12, 86, NULL),
(NULL, NULL, 12, 87, NULL),
(NULL, NULL, 12, 88, NULL),
(NULL, NULL, 12, 89, NULL),
(NULL, NULL, 12, 90, NULL),
(NULL, NULL, 12, 91, NULL),
(NULL, NULL, 12, 92, NULL),
(NULL, NULL, 12, 93, NULL),
(NULL, NULL, 12, 94, NULL),
(NULL, NULL, 12, 95, NULL),
(NULL, NULL, 12, 96, NULL),
(NULL, NULL, 12, 97, NULL),
(NULL, NULL, 12, 98, NULL),
(NULL, NULL, 12, 100, NULL),
(NULL, NULL, 12, 101, NULL),
(NULL, NULL, 12, 102, NULL),
(NULL, NULL, 12, 103, NULL),
(NULL, NULL, 12, 108, NULL),
(NULL, NULL, 12, 111, NULL),
(NULL, NULL, 12, 112, NULL),
(NULL, NULL, 12, 113, NULL),
(NULL, NULL, 12, 114, NULL),
(NULL, NULL, 12, 115, NULL),
(NULL, NULL, 12, 116, NULL),
(NULL, NULL, 12, 117, NULL),
(NULL, NULL, 12, 118, NULL),
(NULL, NULL, 12, 119, NULL),
(NULL, NULL, 12, 120, NULL),
(NULL, NULL, 12, 121, NULL),
(NULL, NULL, 12, 122, NULL),
(NULL, NULL, 12, 123, NULL),
(NULL, NULL, 12, 125, NULL),
(NULL, NULL, 12, 126, NULL),
(NULL, NULL, 12, 127, NULL),
(NULL, NULL, 12, 128, NULL),
(NULL, NULL, 12, 129, NULL),
(NULL, NULL, 12, 130, NULL),
(NULL, NULL, 12, 131, NULL),
(NULL, NULL, 12, 136, NULL),
(NULL, NULL, 12, 137, NULL),
(NULL, NULL, 12, 138, NULL),
(NULL, NULL, 12, 139, NULL),
(NULL, NULL, 12, 140, NULL),
(NULL, NULL, 12, 141, NULL);

-- --------------------------------------------------------

--
-- Table structure for table `index`
--

CREATE TABLE IF NOT EXISTS `index` (
  `id` int(11) NOT NULL AUTO_INCREMENT,
  `name` varchar(45) NOT NULL COMMENT '',
  `father_index` int(11) DEFAULT NULL COMMENT 'id',
  `module_id` int(11) DEFAULT NULL COMMENT 'id',
  `children` varchar(2000) DEFAULT NULL COMMENT '',
  `children_type` varchar(1000) DEFAULT NULL COMMENT 'indexfactor',
  `chs_name` varchar(45) DEFAULT NULL COMMENT '',
  `ans_do` varchar(1000) DEFAULT NULL COMMENT '',
  `action` varchar(1000) DEFAULT NULL COMMENT '',
  PRIMARY KEY (`id`),
  UNIQUE KEY `name_UNIQUE` (`name`),
  KEY `index2` (`father_index`),
  KEY `index3` (`module_id`)
) ENGINE=InnoDB  DEFAULT CHARSET=utf8 AUTO_INCREMENT=30 ;

--
-- Dumping data for table `index`
--

INSERT INTO `index` (`id`, `name`, `father_index`, `module_id`, `children`, `children_type`, `chs_name`, `ans_do`, `action`) VALUES
(1, 'ldnl', NULL, NULL, 'pdyjcnl,zznl,cxnl,ybnl,dlgznl', '0,0,0,0,0', NULL, NULL, '(2*(pdyjcnl + zznl) + cxnl + ybnl + dlgznl)/7'),
(2, 'zb_ldnl', NULL, NULL, 'zb_pdyjcnl,zb_zzglnl,zb_cxnl,zb_ybnl,zb_dlgznl', '0,0,0,0,0', '', NULL, '(2*(zb_pdyjcnl + zb_zzglnl)+ zb_cxnl + zb_ybnl+ zb_dlgznl)/7'),
(3, 'zb_pdyjcnl', NULL, NULL, 'X4,H,chg,Y3,ord,end,aut,X3', '1,1,1,1,1,1,1,1', '', NULL, '(1.5*(X4 + H)+chg +Y3 + ord+end +aut +X3)/8'),
(4, 'zb_zzglnl', NULL, NULL, 'dom,ord,H,X4,Y2,ach,end,aut,re,do', '1,1,1,1,1,1,1,1,1,1', '', NULL, '(1.5*(dom + ord) + H + X4 + Y2 + ach + end + aut + re + do)/11'),
(5, 'zb_fxx', NULL, NULL, 'H,chg,M,Q2,I,sp,sa,A', '1,1,1,1,1,1,1,1', '', NULL, '(1.5*(H + chg) + M + Q2 + I + sp + sa + A)/9'),
(6, 'zb_dlgznl', NULL, NULL, 'aut,Q2,dom,ai,ach,exh,def,Q1,H,E,ie', '1,1,1,1,1,1,1,1,1,1,1', '', NULL, '(1.5*(aut + Q2) + dom + ai + ach + exh + def + Q1 + H + E + ie)/12'),
(7, 'zb_cxnl', NULL, NULL, 'Y3,H,chg,M,I,F,Q1,L,A,fx,py,end,Y4', '1,1,1,1,1,1,1,1,1,1,1,1,1', '', NULL, '(1.5*(Y3 + H + chg) + M + I + F + Q1 + L + A + fx + py + end + Y4)/14.5'),
(8, 'zb_ybnl', NULL, NULL, 'X1,Y4,Y3,chg,ach,Q1,I,B,Q3', '1,1,1,1,1,1,1,1,1', '', NULL, '(1.5*(X1 + Y4) + Y3 + chg + ach + Q1 + I + B + Q3)/10'),
(9, 'zb_jlx', NULL, NULL, 'Q3,sc,sa,po,G,fx,so,int', '1,1,1,1,1,1,1,1', '', NULL, '(1.5*(Q3 + sc) + sa + po + G + fx + so + int)/9'),
(10, 'zb_fxnl', NULL, NULL, 'spmd,Y3,int,B,Y4,Y2,end,Q2,ord,E,L', '1,1,1,1,1,1,1,1,1,1,1', '', NULL, '(1.5*(spmd + Y3 + int) + B + Y4 + Y2 + end + Q2 + ord + E + L)/12.5'),
(11, 'zb_gnnl', NULL, NULL, 'spme,spmd,Y2,ai,ac,chg,aut,dom,Q2,N,fx,ie', '1,1,1,1,1,1,1,1,1,1,1,1', '', NULL, '(1.5*(spme + spmd + Y2) + ai + ac + chg + aut + dom + Q2 + N + fx + ie)/13.5'),
(12, 'zb_zrx', NULL, NULL, 're,G,C,Q2,ach,end,ac,ai,def,aut,ord,dom', '1,1,1,1,1,1,1,1,1,1,1,1', '', NULL, '(2*(re + G + C + Q2) + ach + end + ac + ai + def + aut + ord + dom)/16'),
(13, 'zb_cxd', NULL, NULL, 'con,epqal,gi,wb,Q3,re,cm', '1,1,1,1,1,1,1', '', NULL, '(1.5*(con + epqal) + gi + wb + Q3 + re + cm)/8'),
(14, 'zb_grjzqx', NULL, NULL, 'ach,Y2,cs,exh,dom,nur,aff,aba,def,gi,wb,Q3,sc,po', '1,1,1,1,1,1,1,1,1,1,1,1,1,1', '', NULL, '(2*(ach + Y2 + cs) + exh + dom + nur + aff + aba + def + gi + wb + Q3 + sc +po)/17'),
(15, 'zb_tdjs', NULL, NULL, 'ac,A,Y2,aff,def,ach,ord,end,aut,cs,ai', '1,1,1,1,1,1,1,1,1,1,1', '', NULL, '(1.5*(ac + A + Y2) + aff + def + ach + ord + end + aut + cs +ai)/12.5'),
(16, 'zb_gztd', NULL, NULL, 're,Q2,G,ord,end,sc,Y4', '1,1,1,1,1,1,1', '', NULL, '(1.5*(re + Q2) + G + ord + end + sc + Y4)/8'),
(17, 'zb_gzzf', NULL, NULL, 'X4,zb_rjgxtjsp,chg,Y3,Q3,spmabc,aff', '1,0,1,1,1,1,1', '', NULL, '(1.5*(X4 + zb_rjgxtjsp) + chg + Y3 + Q3 + spmabc + aff)/8'),
(18, 'zb_rnx', NULL, NULL, 'po,nur,aff,ac,aba,def,X1,A,L,E', '1,1,1,1,1,1,1,1,1,1', '', NULL, '(1.5*(po + nur + aff) + ac + aba + def + X1 + A + L + E)/11.5'),
(19, 'zb_bxx', NULL, NULL, 'exh,gi,cm,wb,sy,aut,dom,agg,Q2', '1,1,1,1,1,1,1,1,1', '', NULL, '(1.5*(exh + gi + cm) + wb + sy + aut + dom + agg + Q2)/10.5'),
(20, 'zb_rjgxtjsp', NULL, NULL, 'po,aff,nur,def,E,X3,N,inte,I,aba,suc,fx', '1,1,1,1,1,1,1,1,1,1,1,1', '', NULL, '(1.5*(po + aff + nur) + def + E + X3 + N + inte + I + aba + suc +fx)/13.5'),
(21, 'zb_tzjl', NULL, NULL, 'soma,obse,epqap,epqan,F,M,G,I', '1,1,1,1,1,1,1,1', '', NULL, '(1.5*(soma + obse) + epqap + epqan + F + M + G + I)/9'),
(22, 'zb_xg', NULL, NULL, 'X2,epqae,A,sy,sa,sp,F,exh,spmabc,I', '1,1,1,1,1,1,1,1,1,1', '', NULL, '(1.5*(X2 + epqae + A) + sy + sa + sp + F + exh + spmabc + I)/11.5'),
(23, 'zb_qxkzsp', NULL, NULL, 'Y1,sc,C,G,Q3,F,I,po,N,epqan', '1,1,1,1,1,1,1,1,1,1', '', NULL, '(1.5*(Y1 + sc + C) + G + Q3 + F + I + po + N + epqan)/11.5'),
(24, 'zb_syhjsp', NULL, NULL, 'Y4,fx,sp,O,sc,po,Q4,X1', '1,1,1,1,1,1,1,1', '', NULL, '(1.5*(Y4 + fx) + sp + O + sc + po + Q4 + X1)/9'),
(25, 'zb_zz', NULL, NULL, 'ai,end,E,G,aut,def,agg,Q2,H,L,parn', '1,1,1,1,1,1,1,1,1,1,1', '', NULL, '(1.5*(ai + end + E) + G + aut + def + agg + Q2 + H + L + parn)/12.5'),
(26, 'zb_xljksp', NULL, NULL, 'Y1,C,sc,X1,sa,Q3,py,O,Q4,A', '1,1,1,1,1,1,1,1,1,1', '', NULL, '(1.5*(Y1 + C + sc + X1) + sa + Q3 + py + O + Q4+ A)/12'),
(27, 'zb_sjnl', NULL, NULL, 'sy,aff,def,end,agg,I,F,epqae,A,L,E,sp', '1,1,1,1,1,1,1,1,1,1,1,1', '', NULL, '(1.5*(sy + aff + def + end) + agg + I + F + epqae + A + L + E +sp)/14'),
(28, 'zb_chd', NULL, NULL, 'B,spm,Y4,Y2,Y3,chg,ai,ac,ie,N', '1,1,1,1,1,1,1,1,1,1', '', NULL, '(1.5*(B + spm + Y4) + Y2 + Y3 + chg + ai + ac + ie + N)/11.5'),
(29, 'zb_jmng', NULL, NULL, 'ie,N,fx,sc,po,sa,Y4', '1,1,1,1,1,1,1', '', NULL, '(1.5*(ie + N) + fx + sc + po + sa + Y4)/8');

-- --------------------------------------------------------

--
-- Table structure for table `index_ans`
--

CREATE TABLE IF NOT EXISTS `index_ans` (
  `score` int(11) DEFAULT NULL COMMENT '\n',
  `index_id` int(11) NOT NULL COMMENT 'id',
  `examinee_id` int(11) NOT NULL COMMENT 'id',
  PRIMARY KEY (`index_id`,`examinee_id`),
  KEY `fk_index_ans_1_idx` (`examinee_id`),
  KEY `fk_index_ans_2_idx` (`index_id`)
) ENGINE=InnoDB DEFAULT CHARSET=utf8;

--
-- Dumping data for table `index_ans`
--

INSERT INTO `index_ans` (`score`, `index_id`, `examinee_id`) VALUES
(NULL, 2, 12),
(NULL, 3, 12),
(NULL, 4, 12),
(NULL, 5, 12),
(NULL, 6, 12),
(NULL, 7, 12),
(NULL, 8, 12),
(NULL, 9, 12),
(NULL, 10, 12),
(NULL, 11, 12),
(NULL, 12, 12),
(NULL, 13, 12),
(NULL, 14, 12),
(NULL, 15, 12),
(NULL, 16, 12),
(NULL, 17, 12),
(NULL, 18, 12),
(NULL, 19, 12),
(NULL, 20, 12),
(NULL, 21, 12),
(NULL, 22, 12),
(NULL, 23, 12),
(NULL, 24, 12),
(NULL, 25, 12),
(NULL, 26, 12),
(NULL, 27, 12),
(NULL, 28, 12),
(NULL, 29, 12);

-- --------------------------------------------------------

--
-- Table structure for table `inquery`
--

CREATE TABLE IF NOT EXISTS `inquery` (
  `id` int(11) NOT NULL AUTO_INCREMENT,
  `project_id` int(11) DEFAULT NULL COMMENT 'id',
  `description` text COMMENT '',
  PRIMARY KEY (`id`),
  UNIQUE KEY `project_id_UNIQUE` (`project_id`)
) ENGINE=InnoDB DEFAULT CHARSET=utf8 AUTO_INCREMENT=1 ;

-- --------------------------------------------------------

--
-- Table structure for table `inquery_ans`
--

CREATE TABLE IF NOT EXISTS `inquery_ans` (
  `inquery_id` int(11) NOT NULL,
  `examinee_id` int(11) NOT NULL,
  `option` text,
  PRIMARY KEY (`inquery_id`,`examinee_id`),
  KEY `fk_inquery_ans_2_idx` (`examinee_id`)
) ENGINE=InnoDB DEFAULT CHARSET=utf8;

-- --------------------------------------------------------

--
-- Table structure for table `inquery_question`
--

CREATE TABLE IF NOT EXISTS `inquery_question` (
  `id` int(11) NOT NULL AUTO_INCREMENT,
  `topic` text COMMENT '',
  `options` text,
  `is_radio` tinyint(1) DEFAULT NULL,
  PRIMARY KEY (`id`)
) ENGINE=InnoDB DEFAULT CHARSET=utf8 AUTO_INCREMENT=1 ;

-- --------------------------------------------------------

--
-- Table structure for table `interview`
--

CREATE TABLE IF NOT EXISTS `interview` (
  `advantage` text COMMENT '5',
  `disadvantage` text COMMENT '3',
  `remark` text COMMENT '',
  `manager_id` int(11) NOT NULL,
  `examinee_id` int(11) NOT NULL,
  PRIMARY KEY (`manager_id`,`examinee_id`),
  KEY `fk_interview_2_idx` (`examinee_id`)
) ENGINE=InnoDB DEFAULT CHARSET=utf8;

--
-- Dumping data for table `interview`
--

INSERT INTO `interview` (`advantage`, `disadvantage`, `remark`, `manager_id`, `examinee_id`) VALUES
('1.|2.|3.|4.|5.', '1.|2.|3.', '', 91, 12),
('1.|2.|3.|4.|5.', '1.|2.|3.', 'hahhahahahah', 91, 14);

-- --------------------------------------------------------

--
-- Table structure for table `ksdf`
--

CREATE TABLE IF NOT EXISTS `ksdf` (
  `TH` int(11) NOT NULL,
  `A` tinyint(4) NOT NULL,
  `B` tinyint(4) NOT NULL,
  `C` tinyint(4) NOT NULL,
  PRIMARY KEY (`TH`)
) ENGINE=InnoDB DEFAULT CHARSET=utf8;

--
-- Dumping data for table `ksdf`
--

INSERT INTO `ksdf` (`TH`, `A`, `B`, `C`) VALUES
(1, 0, 0, 0),
(2, 0, 0, 0),
(3, 2, 1, 0),
(4, 2, 1, 0),
(5, 0, 1, 2),
(6, 0, 1, 2),
(7, 2, 1, 0),
(8, 0, 1, 2),
(9, 0, 1, 2),
(10, 2, 1, 0),
(11, 0, 1, 2),
(12, 0, 1, 2),
(13, 2, 1, 0),
(14, 0, 1, 2),
(15, 0, 1, 2),
(16, 0, 1, 2),
(17, 2, 1, 0),
(18, 2, 1, 0),
(19, 0, 1, 2),
(20, 2, 1, 0),
(21, 2, 1, 0),
(22, 0, 1, 2),
(23, 0, 1, 2),
(24, 0, 1, 2),
(25, 2, 1, 0),
(26, 0, 1, 2),
(27, 0, 1, 2),
(28, 0, 1, 0),
(29, 0, 1, 2),
(30, 2, 1, 0),
(31, 0, 1, 2),
(32, 0, 1, 2),
(33, 2, 1, 0),
(34, 0, 1, 2),
(35, 0, 1, 2),
(36, 2, 1, 0),
(37, 2, 1, 0),
(38, 2, 1, 0),
(39, 2, 1, 0),
(40, 2, 1, 0),
(41, 0, 1, 2),
(42, 2, 1, 0),
(43, 2, 1, 0),
(44, 0, 1, 2),
(45, 0, 1, 2),
(46, 2, 1, 0),
(47, 2, 1, 0),
(48, 2, 1, 0),
(49, 2, 1, 0),
(50, 2, 1, 0),
(51, 0, 1, 2),
(52, 2, 1, 0),
(53, 0, 1, 0),
(54, 0, 1, 0),
(55, 2, 1, 0),
(56, 2, 1, 0),
(57, 0, 1, 2),
(58, 2, 1, 0),
(59, 2, 1, 0),
(60, 0, 1, 2),
(61, 0, 1, 2),
(62, 0, 1, 2),
(63, 0, 1, 2),
(64, 0, 1, 2),
(65, 2, 1, 0),
(66, 0, 1, 2),
(67, 0, 1, 2),
(68, 0, 1, 2),
(69, 2, 1, 0),
(70, 2, 1, 0),
(71, 2, 1, 0),
(72, 2, 1, 0),
(73, 2, 1, 0),
(74, 2, 1, 0),
(75, 0, 1, 2),
(76, 0, 1, 2),
(77, 0, 0, 1),
(78, 0, 1, 0),
(79, 0, 1, 2),
(80, 0, 1, 2),
(81, 0, 1, 2),
(82, 0, 1, 2),
(83, 0, 1, 2),
(84, 0, 1, 2),
(85, 0, 1, 2),
(86, 0, 1, 2),
(87, 0, 1, 2),
(88, 2, 1, 0),
(89, 0, 1, 2),
(90, 0, 1, 2),
(91, 2, 1, 0),
(92, 0, 1, 2),
(93, 0, 1, 2),
(94, 0, 1, 2),
(95, 0, 1, 2),
(96, 0, 1, 2),
(97, 0, 1, 2),
(98, 2, 1, 0),
(99, 2, 1, 0),
(100, 0, 1, 2),
(101, 2, 1, 0),
(102, 0, 0, 1),
(103, 0, 1, 0),
(104, 2, 1, 0),
(105, 2, 1, 0),
(106, 0, 1, 2),
(107, 0, 1, 2),
(108, 0, 1, 2),
(109, 2, 1, 0),
(110, 2, 1, 0),
(111, 2, 1, 0),
(112, 2, 1, 0),
(113, 2, 1, 0),
(114, 2, 1, 0),
(115, 2, 1, 0),
(116, 0, 1, 2),
(117, 2, 1, 0),
(118, 2, 1, 0),
(119, 2, 1, 0),
(120, 0, 1, 2),
(121, 0, 1, 2),
(122, 0, 1, 2),
(123, 0, 1, 2),
(124, 2, 1, 0),
(125, 0, 1, 2),
(126, 2, 1, 0),
(127, 0, 0, 1),
(128, 0, 1, 0),
(129, 2, 1, 0),
(130, 2, 1, 0),
(131, 2, 1, 0),
(132, 2, 1, 0),
(133, 2, 1, 0),
(134, 2, 1, 0),
(135, 0, 1, 2),
(136, 2, 1, 0),
(137, 0, 1, 2),
(138, 2, 1, 0),
(139, 0, 1, 2),
(140, 2, 1, 0),
(141, 0, 1, 2),
(142, 2, 1, 0),
(143, 2, 1, 0),
(144, 0, 1, 2),
(145, 2, 1, 0),
(146, 2, 1, 0),
(147, 2, 1, 0),
(148, 2, 1, 0),
(149, 2, 1, 0),
(150, 2, 1, 0),
(151, 0, 1, 2),
(152, 0, 1, 0),
(153, 0, 0, 1),
(154, 0, 1, 2),
(155, 2, 1, 0),
(156, 2, 1, 0),
(157, 0, 1, 2),
(158, 0, 1, 2),
(159, 0, 1, 2),
(160, 2, 1, 0),
(161, 0, 1, 2),
(162, 0, 1, 2),
(163, 2, 1, 0),
(164, 2, 1, 0),
(165, 0, 1, 2),
(166, 0, 1, 2),
(167, 2, 1, 0),
(168, 2, 1, 0),
(169, 2, 1, 0),
(170, 0, 1, 2),
(171, 2, 1, 0),
(172, 0, 1, 2),
(173, 2, 1, 0),
(174, 2, 1, 0),
(175, 0, 1, 2),
(176, 2, 1, 0),
(177, 1, 0, 0),
(178, 1, 0, 0),
(179, 2, 1, 0),
(180, 2, 1, 0),
(181, 2, 1, 0),
(182, 2, 1, 0),
(183, 2, 1, 0),
(184, 2, 1, 0),
(185, 2, 1, 0),
(186, 2, 1, 0),
(187, 0, 0, 0);

-- --------------------------------------------------------

--
-- Table structure for table `ksdf_memory`
--

CREATE TABLE IF NOT EXISTS `ksdf_memory` (
  `TH` int(11) NOT NULL,
  `A` tinyint(4) NOT NULL,
  `B` tinyint(4) NOT NULL,
  `C` tinyint(4) NOT NULL,
  PRIMARY KEY (`TH`)
) ENGINE=MEMORY DEFAULT CHARSET=utf8;

--
-- Dumping data for table `ksdf_memory`
--

INSERT INTO `ksdf_memory` (`TH`, `A`, `B`, `C`) VALUES
(1, 0, 0, 0),
(2, 0, 0, 0),
(3, 2, 1, 0),
(4, 2, 1, 0),
(5, 0, 1, 2),
(6, 0, 1, 2),
(7, 2, 1, 0),
(8, 0, 1, 2),
(9, 0, 1, 2),
(10, 2, 1, 0),
(11, 0, 1, 2),
(12, 0, 1, 2),
(13, 2, 1, 0),
(14, 0, 1, 2),
(15, 0, 1, 2),
(16, 0, 1, 2),
(17, 2, 1, 0),
(18, 2, 1, 0),
(19, 0, 1, 2),
(20, 2, 1, 0),
(21, 2, 1, 0),
(22, 0, 1, 2),
(23, 0, 1, 2),
(24, 0, 1, 2),
(25, 2, 1, 0),
(26, 0, 1, 2),
(27, 0, 1, 2),
(28, 0, 1, 0),
(29, 0, 1, 2),
(30, 2, 1, 0),
(31, 0, 1, 2),
(32, 0, 1, 2),
(33, 2, 1, 0),
(34, 0, 1, 2),
(35, 0, 1, 2),
(36, 2, 1, 0),
(37, 2, 1, 0),
(38, 2, 1, 0),
(39, 2, 1, 0),
(40, 2, 1, 0),
(41, 0, 1, 2),
(42, 2, 1, 0),
(43, 2, 1, 0),
(44, 0, 1, 2),
(45, 0, 1, 2),
(46, 2, 1, 0),
(47, 2, 1, 0),
(48, 2, 1, 0),
(49, 2, 1, 0),
(50, 2, 1, 0),
(51, 0, 1, 2),
(52, 2, 1, 0),
(53, 0, 1, 0),
(54, 0, 1, 0),
(55, 2, 1, 0),
(56, 2, 1, 0),
(57, 0, 1, 2),
(58, 2, 1, 0),
(59, 2, 1, 0),
(60, 0, 1, 2),
(61, 0, 1, 2),
(62, 0, 1, 2),
(63, 0, 1, 2),
(64, 0, 1, 2),
(65, 2, 1, 0),
(66, 0, 1, 2),
(67, 0, 1, 2),
(68, 0, 1, 2),
(69, 2, 1, 0),
(70, 2, 1, 0),
(71, 2, 1, 0),
(72, 2, 1, 0),
(73, 2, 1, 0),
(74, 2, 1, 0),
(75, 0, 1, 2),
(76, 0, 1, 2),
(77, 0, 0, 1),
(78, 0, 1, 0),
(79, 0, 1, 2),
(80, 0, 1, 2),
(81, 0, 1, 2),
(82, 0, 1, 2),
(83, 0, 1, 2),
(84, 0, 1, 2),
(85, 0, 1, 2),
(86, 0, 1, 2),
(87, 0, 1, 2),
(88, 2, 1, 0),
(89, 0, 1, 2),
(90, 0, 1, 2),
(91, 2, 1, 0),
(92, 0, 1, 2),
(93, 0, 1, 2),
(94, 0, 1, 2),
(95, 0, 1, 2),
(96, 0, 1, 2),
(97, 0, 1, 2),
(98, 2, 1, 0),
(99, 2, 1, 0),
(100, 0, 1, 2),
(101, 2, 1, 0),
(102, 0, 0, 1),
(103, 0, 1, 0),
(104, 2, 1, 0),
(105, 2, 1, 0),
(106, 0, 1, 2),
(107, 0, 1, 2),
(108, 0, 1, 2),
(109, 2, 1, 0),
(110, 2, 1, 0),
(111, 2, 1, 0),
(112, 2, 1, 0),
(113, 2, 1, 0),
(114, 2, 1, 0),
(115, 2, 1, 0),
(116, 0, 1, 2),
(117, 2, 1, 0),
(118, 2, 1, 0),
(119, 2, 1, 0),
(120, 0, 1, 2),
(121, 0, 1, 2),
(122, 0, 1, 2),
(123, 0, 1, 2),
(124, 2, 1, 0),
(125, 0, 1, 2),
(126, 2, 1, 0),
(127, 0, 0, 1),
(128, 0, 1, 0),
(129, 2, 1, 0),
(130, 2, 1, 0),
(131, 2, 1, 0),
(132, 2, 1, 0),
(133, 2, 1, 0),
(134, 2, 1, 0),
(135, 0, 1, 2),
(136, 2, 1, 0),
(137, 0, 1, 2),
(138, 2, 1, 0),
(139, 0, 1, 2),
(140, 2, 1, 0),
(141, 0, 1, 2),
(142, 2, 1, 0),
(143, 2, 1, 0),
(144, 0, 1, 2),
(145, 2, 1, 0),
(146, 2, 1, 0),
(147, 2, 1, 0),
(148, 2, 1, 0),
(149, 2, 1, 0),
(150, 2, 1, 0),
(151, 0, 1, 2),
(152, 0, 1, 0),
(153, 0, 0, 1),
(154, 0, 1, 2),
(155, 2, 1, 0),
(156, 2, 1, 0),
(157, 0, 1, 2),
(158, 0, 1, 2),
(159, 0, 1, 2),
(160, 2, 1, 0),
(161, 0, 1, 2),
(162, 0, 1, 2),
(163, 2, 1, 0),
(164, 2, 1, 0),
(165, 0, 1, 2),
(166, 0, 1, 2),
(167, 2, 1, 0),
(168, 2, 1, 0),
(169, 2, 1, 0),
(170, 0, 1, 2),
(171, 2, 1, 0),
(172, 0, 1, 2),
(173, 2, 1, 0),
(174, 2, 1, 0),
(175, 0, 1, 2),
(176, 2, 1, 0),
(177, 1, 0, 0),
(178, 1, 0, 0),
(179, 2, 1, 0),
(180, 2, 1, 0),
(181, 2, 1, 0),
(182, 2, 1, 0),
(183, 2, 1, 0),
(184, 2, 1, 0),
(185, 2, 1, 0),
(186, 2, 1, 0),
(187, 0, 0, 0);

-- --------------------------------------------------------

--
-- Table structure for table `ksmd`
--

CREATE TABLE IF NOT EXISTS `ksmd` (
  `DM` int(11) NOT NULL DEFAULT '0',
  `YZ` char(2) CHARACTER SET latin1 NOT NULL,
  `QSF` int(11) NOT NULL,
  `ZZF` int(11) NOT NULL,
  `BZF` int(11) NOT NULL,
  PRIMARY KEY (`YZ`,`DM`,`QSF`,`ZZF`)
) ENGINE=InnoDB DEFAULT CHARSET=utf8;

--
-- Dumping data for table `ksmd`
--

INSERT INTO `ksmd` (`DM`, `YZ`, `QSF`, `ZZF`, `BZF`) VALUES
(8, 'A', 0, 2, 1),
(8, 'A', 3, 3, 2),
(8, 'A', 4, 5, 3),
(8, 'A', 6, 7, 4),
(8, 'A', 8, 10, 5),
(8, 'A', 11, 12, 6),
(8, 'A', 13, 13, 7),
(8, 'A', 14, 15, 8),
(8, 'A', 16, 17, 9),
(8, 'A', 18, 999, 10),
(9, 'A', 0, 3, 1),
(9, 'A', 4, 5, 2),
(9, 'A', 6, 7, 3),
(9, 'A', 8, 8, 4),
(9, 'A', 9, 10, 5),
(9, 'A', 11, 12, 6),
(9, 'A', 13, 14, 7),
(9, 'A', 15, 16, 8),
(9, 'A', 17, 17, 9),
(9, 'A', 18, 999, 10),
(8, 'B', 0, 3, 1),
(8, 'B', 4, 4, 2),
(8, 'B', 5, 6, 3),
(8, 'B', 7, 7, 4),
(8, 'B', 8, 8, 5),
(8, 'B', 9, 9, 6),
(8, 'B', 10, 10, 7),
(8, 'B', 11, 11, 8),
(8, 'B', 12, 12, 9),
(8, 'B', 13, 999, 10),
(9, 'B', 0, 3, 1),
(9, 'B', 4, 5, 2),
(9, 'B', 6, 6, 3),
(9, 'B', 7, 7, 4),
(9, 'B', 8, 8, 5),
(9, 'B', 9, 9, 6),
(9, 'B', 10, 10, 7),
(9, 'B', 11, 11, 8),
(9, 'B', 12, 12, 9),
(9, 'B', 13, 999, 10),
(8, 'C', 0, 6, 1),
(8, 'C', 7, 8, 2),
(8, 'C', 9, 10, 3),
(8, 'C', 11, 12, 4),
(8, 'C', 13, 15, 5),
(8, 'C', 16, 17, 6),
(8, 'C', 18, 19, 7),
(8, 'C', 20, 21, 8),
(8, 'C', 22, 23, 9),
(8, 'C', 24, 999, 10),
(9, 'C', 0, 5, 1),
(9, 'C', 6, 7, 2),
(9, 'C', 8, 9, 3),
(9, 'C', 10, 11, 4),
(9, 'C', 12, 13, 5),
(9, 'C', 14, 16, 6),
(9, 'C', 17, 18, 7),
(9, 'C', 19, 20, 8),
(9, 'C', 21, 22, 9),
(9, 'C', 23, 999, 10),
(8, 'E', 0, 5, 1),
(8, 'E', 6, 6, 2),
(8, 'E', 7, 8, 3),
(8, 'E', 9, 10, 4),
(8, 'E', 11, 12, 5),
(8, 'E', 13, 14, 6),
(8, 'E', 15, 16, 7),
(8, 'E', 17, 18, 8),
(8, 'E', 19, 20, 9),
(8, 'E', 21, 999, 10),
(9, 'E', 0, 3, 1),
(9, 'E', 4, 5, 2),
(9, 'E', 6, 7, 3),
(9, 'E', 8, 9, 4),
(9, 'E', 10, 11, 5),
(9, 'E', 12, 13, 6),
(9, 'E', 14, 15, 7),
(9, 'E', 16, 17, 8),
(9, 'E', 18, 19, 9),
(9, 'E', 20, 999, 10),
(8, 'F', 0, 3, 1),
(8, 'F', 4, 5, 2),
(8, 'F', 6, 7, 3),
(8, 'F', 8, 9, 4),
(8, 'F', 10, 12, 5),
(8, 'F', 13, 14, 6),
(8, 'F', 15, 17, 7),
(8, 'F', 18, 19, 8),
(8, 'F', 20, 21, 9),
(8, 'F', 22, 999, 10),
(9, 'F', 0, 2, 1),
(9, 'F', 3, 5, 2),
(9, 'F', 6, 7, 3),
(9, 'F', 8, 9, 4),
(9, 'F', 10, 12, 5),
(9, 'F', 13, 15, 6),
(9, 'F', 16, 17, 7),
(9, 'F', 18, 19, 8),
(9, 'F', 20, 22, 9),
(9, 'F', 23, 999, 10),
(8, 'G', 0, 5, 1),
(8, 'G', 6, 6, 2),
(8, 'G', 7, 8, 3),
(8, 'G', 9, 10, 4),
(8, 'G', 11, 12, 5),
(8, 'G', 13, 14, 6),
(8, 'G', 15, 16, 7),
(8, 'G', 17, 17, 8),
(8, 'G', 18, 19, 9),
(8, 'G', 20, 999, 10),
(9, 'G', 0, 5, 1),
(9, 'G', 6, 7, 2),
(9, 'G', 8, 8, 3),
(9, 'G', 9, 10, 4),
(9, 'G', 11, 12, 5),
(9, 'G', 13, 14, 6),
(9, 'G', 15, 16, 7),
(9, 'G', 17, 17, 8),
(9, 'G', 18, 19, 9),
(9, 'G', 20, 999, 10),
(8, 'H', 0, 1, 1),
(8, 'H', 2, 3, 2),
(8, 'H', 4, 6, 3),
(8, 'H', 7, 8, 4),
(8, 'H', 9, 10, 5),
(8, 'H', 11, 13, 6),
(8, 'H', 14, 15, 7),
(8, 'H', 16, 18, 8),
(8, 'H', 19, 20, 9),
(8, 'H', 21, 999, 10),
(9, 'H', 0, 1, 1),
(9, 'H', 2, 3, 2),
(9, 'H', 4, 5, 3),
(9, 'H', 6, 7, 4),
(9, 'H', 8, 10, 5),
(9, 'H', 11, 13, 6),
(9, 'H', 14, 15, 7),
(9, 'H', 16, 17, 8),
(9, 'H', 18, 20, 9),
(9, 'H', 21, 999, 10),
(8, 'I', 0, 3, 1),
(8, 'I', 4, 5, 2),
(8, 'I', 6, 6, 3),
(8, 'I', 7, 7, 4),
(8, 'I', 8, 9, 5),
(8, 'I', 10, 11, 6),
(8, 'I', 12, 12, 7),
(8, 'I', 13, 14, 8),
(8, 'I', 15, 15, 9),
(8, 'I', 16, 999, 10),
(9, 'I', 0, 4, 1),
(9, 'I', 5, 5, 2),
(9, 'I', 6, 7, 3),
(9, 'I', 8, 8, 4),
(9, 'I', 9, 10, 5),
(9, 'I', 11, 12, 6),
(9, 'I', 13, 13, 7),
(9, 'I', 14, 15, 8),
(9, 'I', 16, 17, 9),
(9, 'I', 18, 999, 10),
(8, 'L', 0, 4, 1),
(8, 'L', 5, 5, 2),
(8, 'L', 6, 7, 3),
(8, 'L', 8, 9, 4),
(8, 'L', 10, 11, 5),
(8, 'L', 12, 12, 6),
(8, 'L', 13, 14, 7),
(8, 'L', 15, 15, 8),
(8, 'L', 16, 17, 9),
(8, 'L', 18, 999, 10),
(9, 'L', 0, 3, 1),
(9, 'L', 4, 4, 2),
(9, 'L', 5, 6, 3),
(9, 'L', 7, 8, 4),
(9, 'L', 9, 10, 5),
(9, 'L', 11, 12, 6),
(9, 'L', 13, 13, 7),
(9, 'L', 14, 15, 8),
(9, 'L', 16, 17, 9),
(9, 'L', 18, 999, 10),
(8, 'M', 0, 3, 1),
(8, 'M', 4, 4, 2),
(8, 'M', 5, 6, 3),
(8, 'M', 7, 8, 4),
(8, 'M', 9, 10, 5),
(8, 'M', 11, 13, 6),
(8, 'M', 14, 14, 7),
(8, 'M', 15, 16, 8),
(8, 'M', 17, 18, 9),
(8, 'M', 19, 999, 10),
(9, 'M', 0, 5, 1),
(9, 'M', 6, 6, 2),
(9, 'M', 7, 8, 3),
(9, 'M', 9, 10, 4),
(9, 'M', 11, 12, 5),
(9, 'M', 13, 14, 6),
(9, 'M', 15, 16, 7),
(9, 'M', 17, 17, 8),
(9, 'M', 18, 19, 9),
(9, 'M', 20, 999, 10),
(8, 'N', 0, 3, 1),
(8, 'N', 4, 4, 2),
(8, 'N', 5, 6, 3),
(8, 'N', 7, 7, 4),
(8, 'N', 8, 9, 5),
(8, 'N', 10, 11, 6),
(8, 'N', 12, 12, 7),
(8, 'N', 13, 14, 8),
(8, 'N', 15, 15, 9),
(8, 'N', 16, 999, 10),
(9, 'N', 0, 3, 1),
(9, 'N', 4, 5, 2),
(9, 'N', 6, 6, 3),
(9, 'N', 7, 7, 4),
(9, 'N', 8, 9, 5),
(9, 'N', 10, 11, 6),
(9, 'N', 12, 13, 7),
(9, 'N', 14, 14, 8),
(9, 'N', 15, 16, 9),
(9, 'N', 17, 999, 10),
(8, 'O', 0, 1, 1),
(8, 'O', 2, 2, 2),
(8, 'O', 3, 4, 3),
(8, 'O', 5, 6, 4),
(8, 'O', 7, 8, 5),
(8, 'O', 9, 10, 6),
(8, 'O', 11, 12, 7),
(8, 'O', 13, 14, 8),
(8, 'O', 15, 16, 9),
(8, 'O', 17, 999, 10),
(9, 'O', 0, 1, 1),
(9, 'O', 2, 3, 2),
(9, 'O', 4, 5, 3),
(9, 'O', 6, 8, 4),
(9, 'O', 9, 9, 5),
(9, 'O', 10, 12, 6),
(9, 'O', 13, 14, 7),
(9, 'O', 15, 16, 8),
(9, 'O', 17, 18, 9),
(9, 'O', 19, 999, 10),
(8, 'Q1', 0, 4, 1),
(8, 'Q1', 5, 6, 2),
(8, 'Q1', 7, 7, 3),
(8, 'Q1', 8, 9, 4),
(8, 'Q1', 10, 11, 5),
(8, 'Q1', 12, 13, 6),
(8, 'Q1', 14, 14, 7),
(8, 'Q1', 15, 16, 8),
(8, 'Q1', 17, 17, 9),
(8, 'Q1', 18, 999, 10),
(9, 'Q1', 0, 4, 1),
(9, 'Q1', 5, 5, 2),
(9, 'Q1', 6, 7, 3),
(9, 'Q1', 8, 9, 4),
(9, 'Q1', 10, 11, 5),
(9, 'Q1', 12, 13, 6),
(9, 'Q1', 14, 14, 7),
(9, 'Q1', 15, 15, 8),
(9, 'Q1', 16, 17, 9),
(9, 'Q1', 18, 999, 10),
(8, 'Q2', 0, 5, 1),
(8, 'Q2', 6, 7, 2),
(8, 'Q2', 8, 9, 3),
(8, 'Q2', 10, 10, 4),
(8, 'Q2', 11, 12, 5),
(8, 'Q2', 13, 15, 6),
(8, 'Q2', 16, 16, 7),
(8, 'Q2', 17, 18, 8),
(8, 'Q2', 19, 19, 9),
(8, 'Q2', 20, 999, 10),
(9, 'Q2', 0, 3, 1),
(9, 'Q2', 4, 5, 2),
(9, 'Q2', 6, 7, 3),
(9, 'Q2', 8, 9, 4),
(9, 'Q2', 10, 11, 5),
(9, 'Q2', 12, 13, 6),
(9, 'Q2', 14, 15, 7),
(9, 'Q2', 16, 17, 8),
(9, 'Q2', 18, 18, 9),
(9, 'Q2', 19, 999, 10),
(8, 'Q3', 0, 4, 1),
(8, 'Q3', 5, 6, 2),
(8, 'Q3', 7, 8, 3),
(8, 'Q3', 9, 10, 4),
(8, 'Q3', 11, 12, 5),
(8, 'Q3', 13, 14, 6),
(8, 'Q3', 15, 16, 7),
(8, 'Q3', 17, 17, 8),
(8, 'Q3', 18, 19, 9),
(8, 'Q3', 20, 999, 10),
(9, 'Q3', 0, 3, 1),
(9, 'Q3', 4, 5, 2),
(9, 'Q3', 6, 7, 3),
(9, 'Q3', 8, 9, 4),
(9, 'Q3', 10, 12, 5),
(9, 'Q3', 13, 14, 6),
(9, 'Q3', 15, 16, 7),
(9, 'Q3', 17, 18, 8),
(9, 'Q3', 19, 19, 9),
(9, 'Q3', 20, 999, 10),
(8, 'Q4', 0, 2, 1),
(8, 'Q4', 3, 4, 2),
(8, 'Q4', 5, 6, 3),
(8, 'Q4', 7, 8, 4),
(8, 'Q4', 9, 10, 5),
(8, 'Q4', 11, 13, 6),
(8, 'Q4', 14, 15, 7),
(8, 'Q4', 16, 17, 8),
(8, 'Q4', 18, 19, 9),
(8, 'Q4', 20, 999, 10),
(9, 'Q4', 0, 2, 1),
(9, 'Q4', 3, 4, 2),
(9, 'Q4', 5, 6, 3),
(9, 'Q4', 7, 8, 4),
(9, 'Q4', 9, 11, 5),
(9, 'Q4', 12, 14, 6),
(9, 'Q4', 15, 16, 7),
(9, 'Q4', 17, 18, 8),
(9, 'Q4', 19, 20, 9),
(9, 'Q4', 21, 999, 10),
(0, 'Y3', 0, 62, 1),
(0, 'Y3', 63, 67, 2),
(0, 'Y3', 68, 72, 3),
(0, 'Y3', 73, 77, 4),
(0, 'Y3', 78, 82, 5),
(0, 'Y3', 83, 87, 6),
(0, 'Y3', 88, 92, 7),
(0, 'Y3', 93, 97, 8),
(0, 'Y3', 98, 102, 9),
(0, 'Y3', 103, 999, 10);

-- --------------------------------------------------------

--
-- Table structure for table `manager`
--

CREATE TABLE IF NOT EXISTS `manager` (
  `id` int(11) NOT NULL AUTO_INCREMENT,
  `username` varchar(45) NOT NULL,
  `password` varchar(256) NOT NULL,
  `role` varchar(45) DEFAULT NULL COMMENT 'M-ManagerP-PME-ExamineeG-GuestL-LeaderI-Interviewer',
  `project_id` int(11) DEFAULT NULL COMMENT '',
  `name` varchar(45) DEFAULT NULL,
  `last_login` datetime DEFAULT NULL,
  PRIMARY KEY (`id`),
  UNIQUE KEY `index3` (`username`),
  KEY `index2` (`project_id`)
) ENGINE=InnoDB  DEFAULT CHARSET=utf8 AUTO_INCREMENT=111 ;

--
-- Dumping data for table `manager`
--

INSERT INTO `manager` (`id`, `username`, `password`, `role`, `project_id`, `name`, `last_login`) VALUES
(1, 'sa', '123456', 'M', NULL, 'gly', '2015-08-10 16:47:38'),
(2, 'pm', '123456', 'P', 1, '', '2015-08-22 17:30:20'),
(8, 'hh', '123456', NULL, NULL, '', NULL),
(11, 'hw', '123456', NULL, NULL, '', NULL),
(60, 'pm2', '123456', 'P', 2, 'pm2.5', '2015-08-10 17:12:48'),
(81, '107779', '380188', 'L', 1, '1', NULL),
(82, '478933', '923609', 'L', 1, '2', NULL),
(83, '699855', '114125', 'L', 1, '3', NULL),
(84, '664102', '614373', 'L', 1, '4', NULL),
(85, '528774', '233122', 'L', 1, '5', NULL),
(86, '416103', '544602', 'L', 1, '6', NULL),
(87, '953904', '088360', 'L', 1, '7', NULL),
(88, '155695', '344652', 'L', 1, '8', NULL),
(89, '760173', '910870', 'L', 1, '9', NULL),
(90, '189825', '525131', 'L', 1, '10', NULL),
(91, '691693', '565973', 'I', 1, '1', '2015-08-18 11:57:26'),
(92, '037667', '956424', 'I', 1, '2', NULL),
(93, '288094', '410167', 'I', 1, '3', NULL),
(94, '149848', '241186', 'I', 1, '4', NULL),
(95, '441307', '827849', 'I', 1, '5', NULL),
(96, '337145', '838631', 'I', 1, '6', NULL),
(97, '811966', '935330', 'I', 1, '7', NULL),
(98, '538858', '700752', 'I', 1, '8', NULL),
(99, '732481', '682496', 'I', 1, '9', NULL),
(100, '092720', '602570', 'I', 1, '10', NULL),
(101, '857909', '687630', 'I', 2, '1', NULL),
(102, '768711', '779959', 'I', 2, '2', NULL),
(103, '485404', '535543', 'I', 2, '3', NULL),
(104, '720167', '015617', 'I', 2, '4', NULL),
(105, '582359', '503611', 'I', 2, '5', NULL),
(106, '434872', '993470', 'I', 2, '6', NULL),
(107, '867420', '059915', 'I', 2, '7', NULL),
(108, '332178', '493653', 'I', 2, '8', NULL),
(109, '638373', '197289', 'I', 2, '9', NULL),
(110, '358676', '646598', 'I', 2, '10', NULL);

-- --------------------------------------------------------

--
-- Table structure for table `module`
--

CREATE TABLE IF NOT EXISTS `module` (
  `id` int(11) NOT NULL AUTO_INCREMENT,
  `name` varchar(45) NOT NULL COMMENT '',
  `belong_module` varchar(45) DEFAULT NULL,
  `chs_name` varchar(45) DEFAULT NULL,
  `children` varchar(1000) DEFAULT NULL,
  PRIMARY KEY (`id`),
  UNIQUE KEY `name_UNIQUE` (`name`)
) ENGINE=InnoDB  DEFAULT CHARSET=utf8 AUTO_INCREMENT=26 ;

--
-- Dumping data for table `module`
--

INSERT INTO `module` (`id`, `name`, `belong_module`, `chs_name`, `children`) VALUES
(9, 'ldl', '', NULL, 'ldnl,pdyjcnl,zzglnl'),
(14, '', '', NULL, NULL),
(15, '', '', NULL, NULL),
(16, 'mk_ldl', '', '', 'zb_ldnl,zb_pdyjcnl,zb_zzglnl,zb_fxx'),
(17, 'mk_zysz', '', '', 'zb_dlgznl,zb_cxnl,zb_tdjs,zb_gztd,zb_gzzf'),
(18, 'mk_swnl', '', '', 'zb_jlx,zb_fxnl,zb_gnnl'),
(19, 'mk_tdpz', '', '', 'zb_zrx,zb_cxd,zb_grjzqx,zb_rnx'),
(20, 'mk_zynl', '', '', 'zb_bxx,zb_ybnl,zb_jmng,zb_rjgxtjsp,zb_chd'),
(21, 'mk_grtz', '', '', 'zb_tzjl,zb_xg,zb_qxkzsp,zb_syhjsp,zb_sjnl,zb_zz,zb_xljksp'),
(22, 'mk_xljk', '', '', 'zb_xljksp,zb_qxkzsp,zb_syhjsp,zb_rjgxtjsp,zb_xg,zb_zz,zb_fxx'),
(23, 'mk_szjg', '', '', 'zb_zrx,zb_cxd,zb_grjzqx,zb_tdjs,zb_gztd,zb_gzzf,zb_bxx,zb_rnx'),
(24, 'mk_ztjg', '', '', 'zb_chd,zb_jmng,zb_jlx,zb_tzjl,zb_fxnl,zb_gnnl'),
(25, 'mk_nljg', '', '', 'zb_dlgznl,zb_cxnl,zb_ybnl,zb_pdyjcnl,zb_zzglnl,zb_sjnl,zb_ldnl');

-- --------------------------------------------------------

--
-- Table structure for table `paper`
--

CREATE TABLE IF NOT EXISTS `paper` (
  `id` int(11) NOT NULL AUTO_INCREMENT,
  `description` varchar(2000) DEFAULT NULL COMMENT '',
  `name` varchar(200) DEFAULT NULL COMMENT '',
  PRIMARY KEY (`id`),
  UNIQUE KEY `name_UNIQUE` (`name`)
) ENGINE=InnoDB  DEFAULT CHARSET=utf8 AUTO_INCREMENT=139 ;

--
-- Dumping data for table `paper`
--

INSERT INTO `paper` (`id`, `description`, `name`) VALUES
(133, '', 'EPQA'),
(134, '<br /><br /><br /><br /> <br />', '16PF'),
(135, '', 'CPI'),
(136, '<br /> AB', 'EPPS'),
(137, '', 'SCL'),
(138, ' <br />68<br />', 'SPM');

-- --------------------------------------------------------

--
-- Table structure for table `pmrel`
--

CREATE TABLE IF NOT EXISTS `pmrel` (
  `project_id` int(11) NOT NULL,
  `module_id` int(11) NOT NULL,
  PRIMARY KEY (`project_id`,`module_id`),
  KEY `fk_pmrel_2_idx` (`module_id`)
) ENGINE=InnoDB DEFAULT CHARSET=utf8;

--
-- Dumping data for table `pmrel`
--

INSERT INTO `pmrel` (`project_id`, `module_id`) VALUES
(1, 16),
(1, 17),
(1, 18),
(1, 19),
(1, 20),
(1, 21),
(1, 22),
(1, 23),
(1, 24),
(1, 25);

-- --------------------------------------------------------

--
-- Table structure for table `project`
--

CREATE TABLE IF NOT EXISTS `project` (
  `id` int(11) NOT NULL AUTO_INCREMENT,
  `begintime` datetime DEFAULT NULL COMMENT '',
  `endtime` datetime DEFAULT NULL COMMENT '',
  `name` varchar(200) NOT NULL COMMENT '',
  `description` varchar(2000) DEFAULT NULL COMMENT '',
  `manager_id` int(11) NOT NULL COMMENT 'id',
  `last_examinee_id` int(11) DEFAULT '1',
  PRIMARY KEY (`id`),
  KEY `fk_project_1_idx` (`manager_id`)
) ENGINE=InnoDB  DEFAULT CHARSET=utf8 AUTO_INCREMENT=3 ;

--
-- Dumping data for table `project`
--

INSERT INTO `project` (`id`, `begintime`, `endtime`, `name`, `description`, `manager_id`, `last_examinee_id`) VALUES
(1, '2015-07-01 15:42:00', '2015-08-03 15:43:00', '', '', 2, 5),
(2, '2015-08-04 19:30:00', '2015-08-21 23:55:00', 'lalala', '...', 60, 1);

-- --------------------------------------------------------

--
-- Table structure for table `project_detail`
--

CREATE TABLE IF NOT EXISTS `project_detail` (
  `project_id` int(11) NOT NULL COMMENT '',
  `module_names` text COMMENT '',
  `index_names` text COMMENT '',
  `factor_names` text COMMENT '',
  `exam_json` text COMMENT 'json{:}',
  PRIMARY KEY (`project_id`)
) ENGINE=InnoDB DEFAULT CHARSET=utf8;

-- --------------------------------------------------------

--
-- Table structure for table `question`
--

CREATE TABLE IF NOT EXISTS `question` (
  `id` int(11) NOT NULL AUTO_INCREMENT,
  `topic` text COMMENT '',
  `options` text COMMENT '',
  `grade` text COMMENT 'options ',
  `number` int(11) NOT NULL COMMENT '',
  `paper_id` int(11) DEFAULT NULL COMMENT 'id',
  PRIMARY KEY (`id`),
  KEY `fk_question_1_idx` (`paper_id`)
) ENGINE=InnoDB  DEFAULT CHARSET=utf8 AUTO_INCREMENT=1629 ;

--
-- Dumping data for table `question`
--

INSERT INTO `question` (`id`, `topic`, `options`, `grade`, `number`, `paper_id`) VALUES
(1, '', '||||', NULL, 1, 137),
(2, '', '||||', NULL, 2, 137),
(3, '', '||||', NULL, 3, 137),
(4, '', '||||', NULL, 4, 137),
(5, '', '||||', NULL, 5, 137),
(6, '', '||||', NULL, 6, 137),
(7, '', '||||', NULL, 7, 137),
(8, '', '||||', NULL, 8, 137),
(9, '', '||||', NULL, 9, 137),
(10, '', '||||', NULL, 10, 137),
(11, '', '||||', NULL, 11, 137),
(12, '', '||||', NULL, 12, 137),
(13, '', '||||', NULL, 13, 137),
(14, '', '||||', NULL, 14, 137),
(15, '', '||||', NULL, 15, 137),
(16, '', '||||', NULL, 16, 137),
(17, '', '||||', NULL, 17, 137),
(18, '', '||||', NULL, 18, 137),
(19, '', '||||', NULL, 19, 137),
(20, '', '||||', NULL, 20, 137),
(21, '', '||||', NULL, 21, 137),
(22, '', '||||', NULL, 22, 137),
(23, '', '||||', NULL, 23, 137),
(24, '', '||||', NULL, 24, 137),
(25, '', '||||', NULL, 25, 137),
(26, '', '||||', NULL, 26, 137),
(27, '', '||||', NULL, 27, 137),
(28, '', '||||', NULL, 28, 137),
(29, '', '||||', NULL, 29, 137),
(30, '', '||||', NULL, 30, 137),
(31, '', '||||', NULL, 31, 137),
(32, '', '||||', NULL, 32, 137),
(33, '', '||||', NULL, 33, 137),
(34, '', '||||', NULL, 34, 137),
(35, '', '||||', NULL, 35, 137),
(36, '', '||||', NULL, 36, 137),
(37, '', '||||', NULL, 37, 137),
(38, '', '||||', NULL, 38, 137),
(39, '', '||||', NULL, 39, 137),
(40, '', '||||', NULL, 40, 137),
(41, '', '||||', NULL, 41, 137),
(42, '', '||||', NULL, 42, 137),
(43, '', '||||', NULL, 43, 137),
(44, '', '||||', NULL, 44, 137),
(45, '', '||||', NULL, 45, 137),
(46, '', '||||', NULL, 46, 137),
(47, '', '||||', NULL, 47, 137),
(48, '', '||||', NULL, 48, 137),
(49, '', '||||', NULL, 49, 137),
(50, '', '||||', NULL, 50, 137),
(51, '', '||||', NULL, 51, 137),
(52, '', '||||', NULL, 52, 137),
(53, '', '||||', NULL, 53, 137),
(54, '', '||||', NULL, 54, 137),
(55, '', '||||', NULL, 55, 137),
(56, '', '||||', NULL, 56, 137),
(57, '', '||||', NULL, 57, 137),
(58, '', '||||', NULL, 58, 137),
(59, '', '||||', NULL, 59, 137),
(60, '', '||||', NULL, 60, 137),
(61, '', '||||', NULL, 61, 137),
(62, '', '||||', NULL, 62, 137),
(63, '', '||||', NULL, 63, 137),
(64, '', '||||', NULL, 64, 137),
(65, '', '||||', NULL, 65, 137),
(66, '', '||||', NULL, 66, 137),
(67, '', '||||', NULL, 67, 137),
(68, '', '||||', NULL, 68, 137),
(69, '', '||||', NULL, 69, 137),
(70, '', '||||', NULL, 70, 137),
(71, '', '||||', NULL, 71, 137),
(72, '', '||||', NULL, 72, 137),
(73, '', '||||', NULL, 73, 137),
(74, '', '||||', NULL, 74, 137),
(75, '', '||||', NULL, 75, 137),
(76, '', '||||', NULL, 76, 137),
(77, '', '||||', NULL, 77, 137),
(78, '', '||||', NULL, 78, 137),
(79, '', '||||', NULL, 79, 137),
(80, '', '||||', NULL, 80, 137),
(81, '', '||||', NULL, 81, 137),
(82, '', '||||', NULL, 82, 137),
(83, '', '||||', NULL, 83, 137),
(84, '', '||||', NULL, 84, 137),
(85, '', '||||', NULL, 85, 137),
(86, '', '||||', NULL, 86, 137),
(87, '', '||||', NULL, 87, 137),
(88, '', '||||', NULL, 88, 137),
(89, '', '||||', NULL, 89, 137),
(90, '', '||||', NULL, 90, 137),
(91, '', '|', NULL, 1, 135),
(92, '', '|', NULL, 2, 135),
(93, '', '|', NULL, 3, 135),
(94, '', '|', NULL, 4, 135),
(95, '', '|', NULL, 5, 135),
(96, '', '|', NULL, 6, 135),
(97, '', '|', NULL, 7, 135),
(98, '', '|', NULL, 8, 135),
(99, '', '|', NULL, 9, 135),
(100, '', '|', NULL, 10, 135),
(101, '', '|', NULL, 11, 135),
(102, '', '|', NULL, 12, 135),
(103, '', '|', NULL, 13, 135),
(104, '', '|', NULL, 14, 135),
(105, '', '|', NULL, 15, 135),
(106, '', '|', NULL, 16, 135),
(107, '', '|', NULL, 17, 135),
(108, '', '|', NULL, 18, 135),
(109, '', '|', NULL, 19, 135),
(110, '', '|', NULL, 20, 135),
(111, '', '|', NULL, 21, 135),
(112, '', '|', NULL, 22, 135),
(113, '', '|', NULL, 23, 135),
(114, '', '|', NULL, 24, 135),
(115, '', '|', NULL, 25, 135),
(116, '', '|', NULL, 26, 135),
(117, '', '|', NULL, 27, 135),
(118, '', '|', NULL, 28, 135),
(119, '', '|', NULL, 29, 135),
(120, '', '|', NULL, 30, 135),
(121, '', '|', NULL, 31, 135),
(122, '', '|', NULL, 32, 135),
(123, '', '|', NULL, 33, 135),
(124, '', '|', NULL, 34, 135),
(125, '', '|', NULL, 35, 135),
(126, '', '|', NULL, 36, 135),
(127, '', '|', NULL, 37, 135),
(128, '', '|', NULL, 38, 135),
(129, '', '|', NULL, 39, 135),
(130, '', '|', NULL, 40, 135),
(131, '', '|', NULL, 41, 135),
(132, '', '|', NULL, 42, 135),
(133, '', '|', NULL, 43, 135),
(134, '', '|', NULL, 44, 135),
(135, '', '|', NULL, 45, 135),
(136, '', '|', NULL, 46, 135),
(137, '', '|', NULL, 47, 135),
(138, '', '|', NULL, 48, 135),
(139, '', '|', NULL, 49, 135),
(140, '', '|', NULL, 50, 135),
(141, '', '|', NULL, 51, 135),
(142, '', '|', NULL, 52, 135),
(143, '', '|', NULL, 53, 135),
(144, '', '|', NULL, 54, 135),
(145, '', '|', NULL, 55, 135),
(146, '', '|', NULL, 56, 135),
(147, '', '|', NULL, 57, 135),
(148, '', '|', NULL, 58, 135),
(149, '', '|', NULL, 59, 135),
(150, '', '|', NULL, 60, 135),
(151, '', '|', NULL, 61, 135),
(152, '', '|', NULL, 62, 135),
(153, '', '|', NULL, 63, 135),
(154, '', '|', NULL, 64, 135),
(155, '', '|', NULL, 65, 135),
(156, '', '|', NULL, 66, 135),
(157, '', '|', NULL, 67, 135),
(158, '', '|', NULL, 68, 135),
(159, '', '|', NULL, 69, 135),
(160, '', '|', NULL, 70, 135),
(161, '', '|', NULL, 71, 135),
(162, '', '|', NULL, 72, 135),
(163, '', '|', NULL, 73, 135),
(164, '', '|', NULL, 74, 135),
(165, '', '|', NULL, 75, 135),
(166, '', '|', NULL, 76, 135),
(167, '', '|', NULL, 77, 135),
(168, '', '|', NULL, 78, 135),
(169, '', '|', NULL, 79, 135),
(170, '', '|', NULL, 80, 135),
(171, '', '|', NULL, 81, 135),
(172, '', '|', NULL, 82, 135),
(173, '', '|', NULL, 83, 135),
(174, '', '|', NULL, 84, 135),
(175, '', '|', NULL, 85, 135),
(176, '', '|', NULL, 86, 135),
(177, '', '|', NULL, 87, 135),
(178, '', '|', NULL, 88, 135),
(179, '', '|', NULL, 89, 135),
(180, '', '|', NULL, 90, 135),
(181, '', '|', NULL, 91, 135),
(182, '', '|', NULL, 92, 135),
(183, '', '|', NULL, 93, 135),
(184, '', '|', NULL, 94, 135),
(185, '', '|', NULL, 95, 135),
(186, '', '|', NULL, 96, 135),
(187, '', '|', NULL, 97, 135),
(188, '', '|', NULL, 98, 135),
(189, '', '|', NULL, 99, 135),
(190, '', '|', NULL, 100, 135),
(191, '', '|', NULL, 101, 135),
(192, '', '|', NULL, 102, 135),
(193, '', '|', NULL, 103, 135),
(194, '', '|', NULL, 104, 135),
(195, '', '|', NULL, 105, 135),
(196, '', '|', NULL, 106, 135),
(197, '', '|', NULL, 107, 135),
(198, '', '|', NULL, 108, 135),
(199, '', '|', NULL, 109, 135),
(200, '', '|', NULL, 110, 135),
(201, '', '|', NULL, 111, 135),
(202, '', '|', NULL, 112, 135),
(203, '', '|', NULL, 113, 135),
(204, '', '|', NULL, 114, 135),
(205, '', '|', NULL, 115, 135),
(206, '', '|', NULL, 116, 135),
(207, '', '|', NULL, 117, 135),
(208, '', '|', NULL, 118, 135),
(209, '', '|', NULL, 119, 135),
(210, '', '|', NULL, 120, 135),
(211, '', '|', NULL, 121, 135),
(212, '', '|', NULL, 122, 135),
(213, '', '|', NULL, 123, 135),
(214, '', '|', NULL, 124, 135),
(215, '', '|', NULL, 125, 135),
(216, '', '|', NULL, 126, 135),
(217, '', '|', NULL, 127, 135),
(218, '', '|', NULL, 128, 135),
(219, '', '|', NULL, 129, 135),
(220, '', '|', NULL, 130, 135),
(221, '', '|', NULL, 131, 135),
(222, '', '|', NULL, 132, 135),
(223, '', '|', NULL, 133, 135),
(224, '', '|', NULL, 134, 135),
(225, '', '|', NULL, 135, 135),
(226, '', '|', NULL, 136, 135),
(227, '', '|', NULL, 137, 135),
(228, '', '|', NULL, 138, 135),
(229, '', '|', NULL, 139, 135),
(230, '', '|', NULL, 140, 135),
(231, '', '|', NULL, 141, 135),
(232, '', '|', NULL, 142, 135),
(233, '', '|', NULL, 143, 135),
(234, '', '|', NULL, 144, 135),
(235, '', '|', NULL, 145, 135),
(236, '', '|', NULL, 146, 135),
(237, '', '|', NULL, 147, 135),
(238, '', '|', NULL, 148, 135),
(239, '', '|', NULL, 149, 135),
(240, '', '|', NULL, 150, 135),
(241, '', '|', NULL, 151, 135),
(242, '', '|', NULL, 152, 135),
(243, '', '|', NULL, 153, 135),
(244, '', '|', NULL, 154, 135),
(245, '', '|', NULL, 155, 135),
(246, '', '|', NULL, 156, 135),
(247, '', '|', NULL, 157, 135),
(248, '', '|', NULL, 158, 135),
(249, '  ', '|', NULL, 159, 135),
(250, '', '|', NULL, 160, 135),
(251, '', '|', NULL, 161, 135),
(252, '', '|', NULL, 162, 135),
(253, '', '|', NULL, 163, 135),
(254, '', '|', NULL, 164, 135),
(255, '', '|', NULL, 165, 135),
(256, '', '|', NULL, 166, 135),
(257, '', '|', NULL, 167, 135),
(258, '', '|', NULL, 168, 135),
(259, '', '|', NULL, 169, 135),
(260, '', '|', NULL, 170, 135),
(261, '', '|', NULL, 171, 135),
(262, '', '|', NULL, 172, 135),
(263, '', '|', NULL, 173, 135),
(264, '', '|', NULL, 174, 135),
(265, '', '|', NULL, 175, 135),
(266, '', '|', NULL, 176, 135),
(267, '', '|', NULL, 177, 135),
(268, '', '|', NULL, 178, 135),
(269, '', '|', NULL, 179, 135),
(270, '', '|', NULL, 180, 135),
(271, '', '|', NULL, 181, 135),
(272, '', '|', NULL, 182, 135),
(273, '', '|', NULL, 183, 135),
(274, '', '|', NULL, 184, 135),
(275, '', '|', NULL, 185, 135),
(276, '', '|', NULL, 186, 135),
(277, '', '|', NULL, 187, 135),
(278, '', '|', NULL, 188, 135),
(279, '', '|', NULL, 189, 135),
(280, '', '|', NULL, 190, 135),
(281, '', '|', NULL, 191, 135),
(282, '', '|', NULL, 192, 135),
(283, '', '|', NULL, 193, 135),
(284, '', '|', NULL, 194, 135),
(285, '', '|', NULL, 195, 135),
(286, '', '|', NULL, 196, 135),
(287, '', '|', NULL, 197, 135),
(288, '', '|', NULL, 198, 135),
(289, '', '|', NULL, 199, 135),
(290, '', '|', NULL, 200, 135),
(291, '', '|', NULL, 201, 135),
(292, '', '|', NULL, 202, 135),
(293, '', '|', NULL, 203, 135),
(294, '', '|', NULL, 204, 135),
(295, '', '|', NULL, 205, 135),
(296, '', '|', NULL, 206, 135),
(297, '', '|', NULL, 207, 135),
(298, '', '|', NULL, 208, 135),
(299, '', '|', NULL, 209, 135),
(300, '', '|', NULL, 210, 135),
(301, '', '|', NULL, 211, 135),
(302, '', '|', NULL, 212, 135),
(303, '', '|', NULL, 213, 135),
(304, '', '|', NULL, 214, 135),
(305, '', '|', NULL, 215, 135),
(306, '', '|', NULL, 216, 135),
(307, '', '|', NULL, 217, 135),
(308, '', '|', NULL, 218, 135),
(309, '', '|', NULL, 219, 135),
(310, '', '|', NULL, 220, 135),
(311, '', '|', NULL, 221, 135),
(312, '', '|', NULL, 222, 135),
(313, '', '|', NULL, 223, 135),
(314, '', '|', NULL, 224, 135),
(315, '', '|', NULL, 225, 135),
(316, '  ', '|', NULL, 226, 135),
(317, '', '|', NULL, 227, 135),
(318, '', '|', NULL, 228, 135),
(319, '', '|', NULL, 229, 135),
(320, '', '|', NULL, 230, 135),
(321, NULL, '|', NULL, 1, 136),
(322, NULL, '|', NULL, 2, 136),
(323, NULL, '|', NULL, 3, 136),
(324, NULL, '|', NULL, 4, 136),
(325, NULL, '|', NULL, 5, 136),
(326, NULL, '|', NULL, 6, 136),
(327, NULL, '|', NULL, 7, 136),
(328, NULL, '|', NULL, 8, 136),
(329, NULL, '|', NULL, 9, 136),
(330, NULL, '|', NULL, 10, 136),
(331, NULL, '|', NULL, 11, 136),
(332, NULL, '  |', NULL, 12, 136),
(333, NULL, '|', NULL, 13, 136),
(334, NULL, '|', NULL, 14, 136),
(335, NULL, '|', NULL, 15, 136),
(336, NULL, '|', NULL, 16, 136),
(337, NULL, '|', NULL, 17, 136),
(338, NULL, '|', NULL, 18, 136),
(339, NULL, '|', NULL, 19, 136),
(340, NULL, '|', NULL, 20, 136),
(341, NULL, '|', NULL, 21, 136),
(342, NULL, '|', NULL, 22, 136),
(343, NULL, '|', NULL, 23, 136),
(344, NULL, '|', NULL, 24, 136),
(345, NULL, '|', NULL, 25, 136),
(346, NULL, '|', NULL, 26, 136),
(347, NULL, '|', NULL, 27, 136),
(348, NULL, '|', NULL, 28, 136),
(349, NULL, '|', NULL, 29, 136),
(350, NULL, '|', NULL, 30, 136),
(351, NULL, '|', NULL, 31, 136),
(352, NULL, '|', NULL, 32, 136),
(353, NULL, '|', NULL, 33, 136),
(354, NULL, '|', NULL, 34, 136),
(355, NULL, '|', NULL, 35, 136),
(356, NULL, '|', NULL, 36, 136),
(357, NULL, '|', NULL, 37, 136),
(358, NULL, '|', NULL, 38, 136),
(359, NULL, '|', NULL, 39, 136),
(360, NULL, '|', NULL, 40, 136),
(361, NULL, '|', NULL, 41, 136),
(362, NULL, '|', NULL, 42, 136),
(363, NULL, '|', NULL, 43, 136),
(364, NULL, '|', NULL, 44, 136),
(365, NULL, '|', NULL, 45, 136),
(366, NULL, '|', NULL, 46, 136),
(367, NULL, '|', NULL, 47, 136),
(368, NULL, '|', NULL, 48, 136),
(369, NULL, '|', NULL, 49, 136),
(370, NULL, '|', NULL, 50, 136),
(371, NULL, '|', NULL, 51, 136),
(372, NULL, '|', NULL, 52, 136),
(373, NULL, '|', NULL, 53, 136),
(374, NULL, '|', NULL, 54, 136),
(375, NULL, '|', NULL, 55, 136),
(376, NULL, '|', NULL, 56, 136),
(377, NULL, '|', NULL, 57, 136),
(378, NULL, '|', NULL, 58, 136),
(379, NULL, '|', NULL, 59, 136),
(380, NULL, '|', NULL, 60, 136),
(381, NULL, '|', NULL, 61, 136),
(382, NULL, '|', NULL, 62, 136),
(383, NULL, '|', NULL, 63, 136),
(384, NULL, '|', NULL, 64, 136),
(385, NULL, '|', NULL, 65, 136),
(386, NULL, '|', NULL, 66, 136),
(387, NULL, '|', NULL, 67, 136),
(388, NULL, '|', NULL, 68, 136),
(389, NULL, '|', NULL, 69, 136),
(390, NULL, '|', NULL, 70, 136),
(391, NULL, '|', NULL, 71, 136),
(392, NULL, '|', NULL, 72, 136),
(393, NULL, '|', NULL, 73, 136),
(394, NULL, '|', NULL, 74, 136),
(395, NULL, '|', NULL, 75, 136),
(396, NULL, '|', NULL, 76, 136),
(397, NULL, '|', NULL, 77, 136),
(398, NULL, '|', NULL, 78, 136),
(399, NULL, '|', NULL, 79, 136),
(400, NULL, '|', NULL, 80, 136),
(401, NULL, '|', NULL, 81, 136),
(402, NULL, '|', NULL, 82, 136),
(403, NULL, '|', NULL, 83, 136),
(404, NULL, '|', NULL, 84, 136),
(405, NULL, '|', NULL, 85, 136),
(406, NULL, '|', NULL, 86, 136),
(407, NULL, '|', NULL, 87, 136),
(408, NULL, '|', NULL, 88, 136),
(409, NULL, '|, ', NULL, 89, 136),
(410, NULL, '|', NULL, 90, 136),
(411, NULL, '|', NULL, 91, 136),
(412, NULL, '|', NULL, 92, 136),
(413, NULL, '|', NULL, 93, 136),
(414, NULL, '|', NULL, 94, 136),
(415, NULL, '|', NULL, 95, 136),
(416, NULL, '|', NULL, 96, 136),
(417, NULL, '|', NULL, 97, 136),
(418, NULL, '|', NULL, 98, 136),
(419, NULL, '|', NULL, 99, 136),
(420, NULL, '|', NULL, 100, 136),
(421, NULL, '|', NULL, 101, 136),
(422, NULL, '|', NULL, 102, 136),
(423, NULL, '|', NULL, 103, 136),
(424, NULL, '|', NULL, 104, 136),
(425, NULL, '|', NULL, 105, 136),
(426, NULL, '|', NULL, 106, 136),
(427, NULL, '|', NULL, 107, 136),
(428, NULL, '|', NULL, 108, 136),
(429, NULL, '|', NULL, 109, 136),
(430, NULL, '|', NULL, 110, 136),
(431, NULL, '|', NULL, 111, 136),
(432, NULL, '|', NULL, 112, 136),
(433, NULL, '|', NULL, 113, 136),
(434, NULL, '|', NULL, 114, 136),
(435, NULL, '|', NULL, 115, 136),
(436, NULL, '|', NULL, 116, 136),
(437, NULL, '|', NULL, 117, 136),
(438, NULL, '|', NULL, 118, 136),
(439, NULL, '|', NULL, 119, 136),
(440, NULL, '|', NULL, 120, 136),
(441, NULL, '|', NULL, 121, 136),
(442, NULL, '|', NULL, 122, 136),
(443, NULL, '|', NULL, 123, 136),
(444, NULL, '|', NULL, 124, 136),
(445, NULL, '|', NULL, 125, 136),
(446, NULL, '|', NULL, 126, 136),
(447, NULL, '|', NULL, 127, 136),
(448, NULL, '|', NULL, 128, 136),
(449, NULL, '|', NULL, 129, 136),
(450, NULL, '|', NULL, 130, 136),
(451, NULL, '|', NULL, 131, 136),
(452, NULL, '|', NULL, 132, 136),
(453, NULL, '|', NULL, 133, 136),
(454, NULL, '|', NULL, 134, 136),
(455, NULL, '|', NULL, 135, 136),
(456, NULL, '|', NULL, 136, 136),
(457, NULL, '|', NULL, 137, 136),
(458, NULL, '|', NULL, 138, 136),
(459, NULL, '|', NULL, 139, 136),
(460, NULL, '|', NULL, 140, 136),
(461, NULL, '|', NULL, 141, 136),
(462, NULL, '|', NULL, 142, 136),
(463, NULL, '|', NULL, 143, 136),
(464, NULL, '|', NULL, 144, 136),
(465, NULL, '|', NULL, 145, 136),
(466, NULL, '|', NULL, 146, 136),
(467, NULL, '|', NULL, 147, 136),
(468, NULL, '|', NULL, 148, 136);
INSERT INTO `question` (`id`, `topic`, `options`, `grade`, `number`, `paper_id`) VALUES
(469, NULL, '|', NULL, 149, 136),
(470, NULL, '|', NULL, 150, 136),
(471, NULL, '|', NULL, 151, 136),
(472, NULL, '|', NULL, 152, 136),
(473, NULL, '|', NULL, 153, 136),
(474, NULL, '|', NULL, 154, 136),
(475, NULL, '|', NULL, 155, 136),
(476, NULL, '|', NULL, 156, 136),
(477, NULL, '|', NULL, 157, 136),
(478, NULL, '|', NULL, 158, 136),
(479, NULL, '|', NULL, 159, 136),
(480, NULL, '|', NULL, 160, 136),
(481, NULL, '|', NULL, 161, 136),
(482, NULL, '|', NULL, 162, 136),
(483, NULL, '|', NULL, 163, 136),
(484, NULL, '|', NULL, 164, 136),
(485, NULL, '|', NULL, 165, 136),
(486, NULL, '|', NULL, 166, 136),
(487, NULL, '  |', NULL, 167, 136),
(488, NULL, '|', NULL, 168, 136),
(489, NULL, '|', NULL, 169, 136),
(490, NULL, '|', NULL, 170, 136),
(491, NULL, '|', NULL, 171, 136),
(492, NULL, '|', NULL, 172, 136),
(493, NULL, '|', NULL, 173, 136),
(494, NULL, '|  ', NULL, 174, 136),
(495, NULL, '|', NULL, 175, 136),
(496, NULL, '|', NULL, 176, 136),
(497, NULL, '|', NULL, 177, 136),
(498, NULL, '|', NULL, 178, 136),
(499, NULL, '|', NULL, 179, 136),
(500, NULL, '|', NULL, 180, 136),
(501, NULL, '|', NULL, 181, 136),
(502, NULL, '|', NULL, 182, 136),
(503, NULL, '|', NULL, 183, 136),
(504, NULL, '|', NULL, 184, 136),
(505, NULL, '|', NULL, 185, 136),
(506, NULL, '|', NULL, 186, 136),
(507, NULL, '|', NULL, 187, 136),
(508, NULL, ',|', NULL, 188, 136),
(509, NULL, '|', NULL, 189, 136),
(510, NULL, '|', NULL, 190, 136),
(511, NULL, '|', NULL, 191, 136),
(512, NULL, '|', NULL, 192, 136),
(513, NULL, '|', NULL, 193, 136),
(514, NULL, '|', NULL, 194, 136),
(515, NULL, '|', NULL, 195, 136),
(516, NULL, '|', NULL, 196, 136),
(517, NULL, '|', NULL, 197, 136),
(518, NULL, '|', NULL, 198, 136),
(519, NULL, '|', NULL, 199, 136),
(520, NULL, '|', NULL, 200, 136),
(521, NULL, '|', NULL, 201, 136),
(522, NULL, '|', NULL, 202, 136),
(523, NULL, '|', NULL, 203, 136),
(524, NULL, '|', NULL, 204, 136),
(525, NULL, '|', NULL, 205, 136),
(526, NULL, '|', NULL, 206, 136),
(527, NULL, '|', NULL, 207, 136),
(528, NULL, '  |', NULL, 208, 136),
(529, NULL, '|', NULL, 209, 136),
(530, NULL, '|', NULL, 210, 136),
(531, NULL, '|', NULL, 211, 136),
(532, NULL, '|', NULL, 212, 136),
(533, NULL, '|', NULL, 213, 136),
(534, NULL, '|', NULL, 214, 136),
(535, NULL, '|', NULL, 215, 136),
(536, NULL, '|', NULL, 216, 136),
(537, NULL, '|', NULL, 217, 136),
(538, NULL, '|', NULL, 218, 136),
(539, NULL, '|', NULL, 219, 136),
(540, NULL, '|', NULL, 220, 136),
(541, NULL, '|', NULL, 221, 136),
(542, NULL, '|', NULL, 222, 136),
(543, NULL, '|', NULL, 223, 136),
(544, NULL, '|', NULL, 224, 136),
(545, NULL, '|  ', NULL, 225, 136),
(546, '', '|', NULL, 1, 133),
(547, '', '|', NULL, 2, 133),
(548, '', '|', NULL, 3, 133),
(549, '', '|', NULL, 4, 133),
(550, '', '|', NULL, 5, 133),
(551, '', '|', NULL, 6, 133),
(552, '', '|', NULL, 7, 133),
(553, '', '|', NULL, 8, 133),
(554, '', '|', NULL, 9, 133),
(555, '', '|', NULL, 10, 133),
(556, '', '|', NULL, 11, 133),
(557, '', '|', NULL, 12, 133),
(558, '', '|', NULL, 13, 133),
(559, '', '|', NULL, 14, 133),
(560, '', '|', NULL, 15, 133),
(561, '', '|', NULL, 16, 133),
(562, '', '|', NULL, 17, 133),
(563, '', '|', NULL, 18, 133),
(564, '', '|', NULL, 19, 133),
(565, '', '|', NULL, 20, 133),
(566, '', '|', NULL, 21, 133),
(567, '', '|', NULL, 22, 133),
(568, '', '|', NULL, 23, 133),
(569, '', '|', NULL, 24, 133),
(570, '', '|', NULL, 25, 133),
(571, '', '|', NULL, 26, 133),
(572, '', '|', NULL, 27, 133),
(573, '', '|', NULL, 28, 133),
(574, '', '|', NULL, 29, 133),
(575, '', '|', NULL, 30, 133),
(576, '', '|', NULL, 31, 133),
(577, '', '|', NULL, 32, 133),
(578, '', '|', NULL, 33, 133),
(579, '', '|', NULL, 34, 133),
(580, '', '|', NULL, 35, 133),
(581, '', '|', NULL, 36, 133),
(582, '', '|', NULL, 37, 133),
(583, '', '|', NULL, 38, 133),
(584, '', '|', NULL, 39, 133),
(585, '', '|', NULL, 40, 133),
(586, '', '|', NULL, 41, 133),
(587, '', '|', NULL, 42, 133),
(588, '', '|', NULL, 43, 133),
(589, '', '|', NULL, 44, 133),
(590, '', '|', NULL, 45, 133),
(591, '', '|', NULL, 46, 133),
(592, '', '|', NULL, 47, 133),
(593, '', '|', NULL, 48, 133),
(594, '', '|', NULL, 49, 133),
(595, '', '|', NULL, 50, 133),
(596, '', '|', NULL, 51, 133),
(597, '', '|', NULL, 52, 133),
(598, '', '|', NULL, 53, 133),
(599, '', '|', NULL, 54, 133),
(600, '', '|', NULL, 55, 133),
(601, '', '|', NULL, 56, 133),
(602, '', '|', NULL, 57, 133),
(603, '', '|', NULL, 58, 133),
(604, '', '|', NULL, 59, 133),
(605, '', '|', NULL, 60, 133),
(606, '', '|', NULL, 61, 133),
(607, '', '|', NULL, 62, 133),
(608, '', '|', NULL, 63, 133),
(609, '', '|', NULL, 64, 133),
(610, '', '|', NULL, 65, 133),
(611, '', '|', NULL, 66, 133),
(612, '', '|', NULL, 67, 133),
(613, '', '|', NULL, 68, 133),
(614, '', '|', NULL, 69, 133),
(615, '', '|', NULL, 70, 133),
(616, '', '|', NULL, 71, 133),
(617, '', '|', NULL, 72, 133),
(618, '', '|', NULL, 73, 133),
(619, '', '|', NULL, 74, 133),
(620, '', '|', NULL, 75, 133),
(621, '', '|', NULL, 76, 133),
(622, '', '|', NULL, 77, 133),
(623, '', '|', NULL, 78, 133),
(624, '', '|', NULL, 79, 133),
(625, '', '|', NULL, 80, 133),
(626, '', '|', NULL, 81, 133),
(627, '', '|', NULL, 82, 133),
(628, '', '|', NULL, 83, 133),
(629, '', '|', NULL, 84, 133),
(630, '', '|', NULL, 85, 133),
(631, '', '|', NULL, 86, 133),
(632, '', '|', NULL, 87, 133),
(633, '', '|', NULL, 88, 133),
(821, 'A1M', 'A1A1|A1A2|A1A3|A1A4|A1A5|A1A6', NULL, 1, 138),
(822, 'A2M', 'A2A1|A2A2|A2A3|A2A4|A2A5|A2A6', NULL, 2, 138),
(823, 'A3M', 'A3A1|A3A2|A3A3|A3A4|A3A5|A3A6', NULL, 3, 138),
(824, 'A4M', 'A4A1|A4A2|A4A3|A4A4|A4A5|A4A6', NULL, 4, 138),
(825, 'A5M', 'A5A1|A5A2|A5A3|A5A4|A5A5|A5A6', NULL, 5, 138),
(826, 'A6M', 'A6A1|A6A2|A6A3|A6A4|A6A5|A6A6', NULL, 6, 138),
(827, 'A7M', 'A7A1|A7A2|A7A3|A7A4|A7A5|A7A6', NULL, 7, 138),
(828, 'A8M', 'A8A1|A8A2|A8A3|A8A4|A8A5|A8A6', NULL, 8, 138),
(829, 'A9M', 'A9A1|A9A2|A9A3|A9A4|A9A5|A9A6', NULL, 9, 138),
(830, 'A10M', 'A10A1|A10A2|A10A3|A10A4|A10A5|A10A6', NULL, 10, 138),
(831, 'A11M', 'A11A1|A11A2|A11A3|A11A4|A11A5|A11A6', NULL, 11, 138),
(832, 'A12M', 'A12A1|A12A2|A12A3|A12A4|A12A5|A12A6', NULL, 12, 138),
(833, 'B1M', 'B1A1|B1A2|B1A3|B1A4|B1A5|B1A6', NULL, 13, 138),
(834, 'B2M', 'B2A1|B2A2|B2A3|B2A4|B2A5|B2A6', NULL, 14, 138),
(835, 'B3M', 'B3A1|B3A2|B3A3|B3A4|B3A5|B3A6', NULL, 15, 138),
(836, 'B4M', 'B4A1|B4A2|B4A3|B4A4|B4A5|B4A6', NULL, 16, 138),
(837, 'B5M', 'B5A1|B5A2|B5A3|B5A4|B5A5|B5A6', NULL, 17, 138),
(838, 'B6M', 'B6A1|B6A2|B6A3|B6A4|B6A5|B6A6', NULL, 18, 138),
(839, 'B7M', 'B7A1|B7A2|B7A3|B7A4|B7A5|B7A6', NULL, 19, 138),
(840, 'B8M', 'B8A1|B8A2|B8A3|B8A4|B8A5|B8A6', NULL, 20, 138),
(841, 'B9M', 'B9A1|B9A2|B9A3|B9A4|B9A5|B9A6', NULL, 21, 138),
(842, 'B10M', 'B10A1|B10A2|B10A3|B10A4|B10A5|B10A6', NULL, 22, 138),
(843, 'B11M', 'B11A1|B11A2|B11A3|B11A4|B11A5|B11A6', NULL, 23, 138),
(844, 'B12M', 'B12A1|B12A2|B12A3|B12A4|B12A5|B12A6', NULL, 24, 138),
(845, 'C1M', 'C1A1|C1A2|C1A3|C1A4|C1A5|C1A6|C1A7|C1A8', NULL, 25, 138),
(846, 'C2M', 'C2A1|C2A2|C2A3|C2A4|C2A5|C2A6|C2A7|C2A8', NULL, 26, 138),
(847, 'C3M', 'C3A1|C3A2|C3A3|C3A4|C3A5|C3A6|C3A7|C3A8', NULL, 27, 138),
(848, 'C4M', 'C4A1|C4A2|C4A3|C4A4|C4A5|C4A6|C4A7|C4A8', NULL, 28, 138),
(849, 'C5M', 'C5A1|C5A2|C5A3|C5A4|C5A5|C5A6|C5A7|C5A8', NULL, 29, 138),
(850, 'C6M', 'C6A1|C6A2|C6A3|C6A4|C6A5|C6A6|C6A7|C6A8', NULL, 30, 138),
(851, 'C7M', 'C7A1|C7A2|C7A3|C7A4|C7A5|C7A6|C7A7|C7A8', NULL, 31, 138),
(852, 'C8M', 'C8A1|C8A2|C8A3|C8A4|C8A5|C8A6|C8A7|C8A8', NULL, 32, 138),
(853, 'C9M', 'C9A1|C9A2|C9A3|C9A4|C9A5|C9A6|C9A7|C9A8', NULL, 33, 138),
(854, 'C10M', 'C10A1|C10A2|C10A3|C10A4|C10A5|C10A6|C10A7|C10A8', NULL, 34, 138),
(855, 'C11M', 'C11A1|C11A2|C11A3|C11A4|C11A5|C11A6|C11A7|C11A8', NULL, 35, 138),
(856, 'C12M', 'C12A1|C12A2|C12A3|C12A4|C12A5|C12A6|C12A7|C12A8', NULL, 36, 138),
(857, 'D1M', 'D1A1|D1A2|D1A3|D1A4|D1A5|D1A6|D1A7|D1A8', NULL, 37, 138),
(858, 'D2M', 'D2A1|D2A2|D2A3|D2A4|D2A5|D2A6|D2A7|D2A8', NULL, 38, 138),
(859, 'D3M', 'D3A1|D3A2|D3A3|D3A4|D3A5|D3A6|D3A7|D3A8', NULL, 39, 138),
(860, 'D4M', 'D4A1|D4A2|D4A3|D4A4|D4A5|D4A6|D4A7|D4A8', NULL, 40, 138),
(861, 'D5M', 'D5A1|D5A2|D5A3|D5A4|D5A5|D5A6|D5A7|D5A8', NULL, 41, 138),
(862, 'D6M', 'D6A1|D6A2|D6A3|D6A4|D6A5|D6A6|D6A7|D6A8', NULL, 42, 138),
(863, 'D7M', 'D7A1|D7A2|D7A3|D7A4|D7A5|D7A6|D7A7|D7A8', NULL, 43, 138),
(864, 'D8M', 'D8A1|D8A2|D8A3|D8A4|D8A5|D8A6|D8A7|D8A8', NULL, 44, 138),
(865, 'D9M', 'D9A1|D9A2|D9A3|D9A4|D9A5|D9A6|D9A7|D9A8', NULL, 45, 138),
(866, 'D10M', 'D10A1|D10A2|D10A3|D10A4|D10A5|D10A6|D10A7|D10A8', NULL, 46, 138),
(867, 'D11M', 'D11A1|D11A2|D11A3|D11A4|D11A5|D11A6|D11A7|D11A8', NULL, 47, 138),
(868, 'D12M', 'D12A1|D12A2|D12A3|D12A4|D12A5|D12A6|D12A7|D12A8', NULL, 48, 138),
(869, 'E1M', 'E1A1|E1A2|E1A3|E1A4|E1A5|E1A6|E1A7|E1A8', NULL, 49, 138),
(870, 'E2M', 'E2A1|E2A2|E2A3|E2A4|E2A5|E2A6|E2A7|E2A8', NULL, 50, 138),
(871, 'E3M', 'E3A1|E3A2|E3A3|E3A4|E3A5|E3A6|E3A7|E3A8', NULL, 51, 138),
(872, 'E4M', 'E4A1|E4A2|E4A3|E4A4|E4A5|E4A6|E4A7|E4A8', NULL, 52, 138),
(873, 'E5M', 'E5A1|E5A2|E5A3|E5A4|E5A5|E5A6|E5A7|E5A8', NULL, 53, 138),
(874, 'E6M', 'E6A1|E6A2|E6A3|E6A4|E6A5|E6A6|E6A7|E6A8', NULL, 54, 138),
(875, 'E7M', 'E7A1|E7A2|E7A3|E7A4|E7A5|E7A6|E7A7|E7A8', NULL, 55, 138),
(876, 'E8M', 'E8A1|E8A2|E8A3|E8A4|E8A5|E8A6|E8A7|E8A8', NULL, 56, 138),
(877, 'E9M', 'E9A1|E9A2|E9A3|E9A4|E9A5|E9A6|E9A7|E9A8', NULL, 57, 138),
(878, 'E10M', 'E10A1|E10A2|E10A3|E10A4|E10A5|E10A6|E10A7|E10A8', NULL, 58, 138),
(879, 'E11M', 'E11A1|E11A2|E11A3|E11A4|E11A5|E11A6|E11A7|E11A8', NULL, 59, 138),
(880, 'E12M', 'E12A1|E12A2|E12A3|E12A4|E12A5|E12A6|E12A7|E12A8', NULL, 60, 138),
(1442, ':', 'A.|B.|C.', NULL, 1, 134),
(1443, ':', 'A.|B.|C.', NULL, 2, 134),
(1444, ',:', 'A.|B.AC|C.', NULL, 3, 134),
(1445, ':', 'A.|B.|C.', NULL, 4, 134),
(1446, ',:', 'A.|B.|C.', NULL, 5, 134),
(1447, ':', 'A.|B.|C.', NULL, 6, 134),
(1448, ':', 'A.|B.|C.', NULL, 7, 134),
(1449, ':', 'A.|B.AC|C.', NULL, 8, 134),
(1450, ',:', 'A.|B.|C.', NULL, 9, 134),
(1451, ',:', 'A.|B.AC|C.,', NULL, 10, 134),
(1452, ':', 'A.|B.|C.', NULL, 11, 134),
(1453, ',:', 'A.|B.|C.', NULL, 12, 134),
(1454, ':', 'A.|B.AC|C.', NULL, 13, 134),
(1455, ':', 'A.|B.|C.', NULL, 14, 134),
(1456, ',:', 'A.|B.AC|C.', NULL, 15, 134),
(1457, ':', 'A.|B.AC|C.', NULL, 16, 134),
(1458, ':', 'A.|B.AC|C.', NULL, 17, 134),
(1459, ',:', 'A.|B.|C.', NULL, 18, 134),
(1460, ',:', 'A.|B.|C.', NULL, 19, 134),
(1461, ':', 'A.|B.AC|C.', NULL, 20, 134),
(1462, ':', 'A.|B.AC|C.', NULL, 21, 134),
(1463, ',:', 'A.|B.|C.', NULL, 22, 134),
(1464, ':', 'A.|B.|C.', NULL, 23, 134),
(1465, ',,:', 'A.,|B.AC|C.', NULL, 24, 134),
(1466, ':', 'A.|B.AC|C.', NULL, 25, 134),
(1467, ',:', 'A.|B.AC|C.', NULL, 26, 134),
(1468, ',:', 'A.|B.|C.', NULL, 27, 134),
(1469, ':', 'A.|B.|C.', NULL, 28, 134),
(1470, ',:', 'A.|B.|C.', NULL, 29, 134),
(1471, ',:', 'A.|B.|C.', NULL, 30, 134),
(1472, ',,:', 'A.|B.|C.', NULL, 31, 134),
(1473, ':', 'A.|B.AC|C.', NULL, 32, 134),
(1474, ':', 'A.|B.|C.', NULL, 33, 134),
(1475, ',:', 'A.|B.|C.', NULL, 34, 134),
(1476, ',,:', 'A.|B.AC|C.', NULL, 35, 134),
(1477, ',:', 'A.|B.AC|C.', NULL, 36, 134),
(1478, ',:', 'A.|B.|C.', NULL, 37, 134),
(1479, ':', 'A.|B.AC|C.', NULL, 38, 134),
(1480, ':', 'A.|B.|C.', NULL, 39, 134),
(1481, ':', 'A.|B.|C.', NULL, 40, 134),
(1482, ':', 'A.|B.AC|C.', NULL, 41, 134),
(1483, ':', 'A.|B.AC|C.', NULL, 42, 134),
(1484, ',:', 'A.|B.|C.', NULL, 43, 134),
(1485, '(),:', 'A.|B.AC|C.', NULL, 44, 134),
(1486, ',:', 'A.|B.AC|C.', NULL, 45, 134),
(1487, ',:', 'A.|B.AC|C.', NULL, 46, 134),
(1488, ':', 'A.|B.|C.', NULL, 47, 134),
(1489, ',,:', 'A.|B.|C.', NULL, 48, 134),
(1490, ',:', 'A.|B.|C.', NULL, 49, 134),
(1491, ',:', 'A.|B.AC|C.', NULL, 50, 134),
(1492, ':', 'A.|B.|C.', NULL, 51, 134),
(1493, ',:', 'A.|B.|C.', NULL, 52, 134),
(1494, ',:', 'A.  5|B.  2|C.  7', NULL, 53, 134),
(1495, '[][][]:', 'A.|B.|C.', NULL, 54, 134),
(1496, ',:', 'A.|B.|C.', NULL, 55, 134),
(1497, ':', 'A.|B.|C.', NULL, 56, 134),
(1498, ',,,:', 'A.|B.|C.', NULL, 57, 134),
(1499, ':', 'A.()|B.()|C.()', NULL, 58, 134),
(1500, ':', 'A.|B.AC|C.', NULL, 59, 134),
(1501, ',,:', 'A.|B.AC|C.', NULL, 60, 134),
(1502, ',:', 'A.|B.AC|C.', NULL, 61, 134),
(1503, ':', 'A.|B.|C.', NULL, 62, 134),
(1504, ':', 'A.|B.AC|C.', NULL, 63, 134),
(1505, ':', 'A.|B.|C.', NULL, 64, 134),
(1506, ':', 'A.|B.|C.', NULL, 65, 134),
(1507, ':', 'A.|B.AC|C.', NULL, 66, 134),
(1508, '[]:', 'A.|B.AC|C.', NULL, 67, 134),
(1509, ',:', 'A.|B.|C.', NULL, 68, 134),
(1510, ':', 'A.|B.AC|C.', NULL, 69, 134),
(1511, ',,:', 'A.|B.AC|C.', NULL, 70, 134),
(1512, ':', 'A.|B.AC|C.', NULL, 71, 134),
(1513, ':', 'A.|B.AC|C.', NULL, 72, 134),
(1514, '[],:', 'A.|B.AC|C.,', NULL, 73, 134),
(1515, ',,:', 'A.|B.AC|C.', NULL, 74, 134),
(1516, ':', 'A.|B.AC|C.', NULL, 75, 134),
(1517, ',:', 'A.|B.|C.', NULL, 76, 134),
(1518, '[][][]:', 'A.|B.|C.', NULL, 77, 134),
(1519, ',:', 'A.  3/7|B.  3/9|C.  3/11', NULL, 78, 134),
(1520, ',:', 'A.|B.|C.', NULL, 79, 134),
(1521, ',:', 'A.|B.|C.', NULL, 80, 134),
(1522, ',:', 'A.|B.AC|C.', NULL, 81, 134),
(1523, ',:', 'A.|B.AC|C.', NULL, 82, 134),
(1524, ',,:', 'A.|B.|C.', NULL, 83, 134),
(1525, ',,:', 'A.|B.AC|C.', NULL, 84, 134),
(1526, ',,:', 'A.|B.|C.', NULL, 85, 134),
(1527, ':', 'A.|B.AC|C.', NULL, 86, 134),
(1528, ':', 'A.|B.|C.', NULL, 87, 134),
(1529, ',:', 'A.|B.AC|C.', NULL, 88, 134),
(1530, '():', 'A.|B.|C.', NULL, 89, 134),
(1531, '[][]:', 'A.|B.|C.', NULL, 90, 134),
(1532, ',:', 'A.|B.|C.', NULL, 91, 134),
(1533, ':', 'A.|B.|C.', NULL, 92, 134),
(1534, ':', 'A.|B.AC|C.', NULL, 93, 134),
(1535, ',,:', 'A.|B.|C.', NULL, 94, 134),
(1536, ':', 'A.|B.AC|C.', NULL, 95, 134),
(1537, ':', 'A.|B.AC|C.', NULL, 96, 134),
(1538, ':', 'A.|B.AC|C.', NULL, 97, 134),
(1539, ',,:', 'A.|B.AC|C.', NULL, 98, 134),
(1540, ',:', 'A.|B.AC|C.', NULL, 99, 134),
(1541, ':', 'A.|B.|C.', NULL, 100, 134),
(1542, ':', 'A.|B.|C.', NULL, 101, 134),
(1543, '[]:', 'A.|B.|C.', NULL, 102, 134),
(1544, '[][][]:', 'A.|B.|C.', NULL, 103, 134),
(1545, ',:', 'A.|B.|C.', NULL, 104, 134),
(1546, ',:', 'A.,|B.AC|C.', NULL, 105, 134),
(1547, ',,:', 'A.|B.|C.', NULL, 106, 134),
(1548, ',  [] :', 'A.|B.AC|C.', NULL, 107, 134),
(1549, ':', 'A.|B.|C.', NULL, 108, 134),
(1550, ',:', 'A.|B.AC|C.', NULL, 109, 134),
(1551, ',:', 'A.|B.AC|C.', NULL, 110, 134),
(1552, ':', 'A.|B.|C.', NULL, 111, 134),
(1553, ',:', 'A.|B.|C.', NULL, 112, 134),
(1554, ':', 'A.|B.AC|C.', NULL, 113, 134),
(1555, ',:', 'A.|B.AC|C.', NULL, 114, 134),
(1556, ',,:', 'A.|B.|C.', NULL, 115, 134),
(1557, ',:', 'A.|B.AC|C.', NULL, 116, 134),
(1558, ':', 'A.|B.|C.', NULL, 117, 134),
(1559, ':', 'A.|B.|C.', NULL, 118, 134),
(1560, ',:', 'A.|B.|C.', NULL, 119, 134),
(1561, ',:', 'A.|B.|C.', NULL, 120, 134),
(1562, ',:', 'A.|B.|C.', NULL, 121, 134),
(1563, ',:', 'A.|B.AC|C.', NULL, 122, 134),
(1564, ',:', 'A.|B.|C.', NULL, 123, 134),
(1565, ',:', 'A.|B.AC|C.', NULL, 124, 134),
(1566, ',:', 'A.|B.AC|C.,', NULL, 125, 134),
(1567, ',:', 'A.|B.|C.', NULL, 126, 134),
(1568, ':', 'A.|B.|C.', NULL, 127, 134),
(1569, ',:*OOOO**OOO***', 'A.  *O*|B.  OO*|C.  O**', NULL, 128, 134),
(1570, ',:', 'A.|B.AC|C.', NULL, 129, 134),
(1571, ',:', 'A.|B.|C.', NULL, 130, 134),
(1572, ':', 'A.|B.AC|C.', NULL, 131, 134),
(1573, ':', 'A.|B.AC|C.', NULL, 132, 134),
(1574, ':', 'A.|B.|C.', NULL, 133, 134),
(1575, ',,:', 'A.|B.AC|C.', NULL, 134, 134),
(1576, ',:', 'A.|B.AC|C.', NULL, 135, 134),
(1577, ':', 'A.|B.AC|C.', NULL, 136, 134),
(1578, ',:', 'A.|B.AC|C.', NULL, 137, 134),
(1579, '[][]:', 'A.|B.|C.', NULL, 138, 134),
(1580, ':', 'A.|B.|C.', NULL, 139, 134),
(1581, ',:', 'A.|B.|C.', NULL, 140, 134),
(1582, ':', 'A.|B.AC|C.', NULL, 141, 134),
(1583, ':', 'A.|B.AC|C.', NULL, 142, 134),
(1584, ',:', 'A.|B.AC|C.', NULL, 143, 134),
(1585, ',:', 'A.|B.|C.', NULL, 144, 134),
(1586, ':', 'A.|B.|C.', NULL, 145, 134),
(1587, ':', 'A.|B.AC|C.', NULL, 146, 134),
(1588, '[,]:', 'A.|B.|C.', NULL, 147, 134),
(1589, ',:', 'A.|B.AC|C.', NULL, 148, 134),
(1590, ':', 'A.|B.AC|C.', NULL, 149, 134),
(1591, ',:', 'A.|B.AC|C.', NULL, 150, 134),
(1592, ',:', 'A.|B.|C.', NULL, 151, 134),
(1593, ',:', 'A.|B.|C.', NULL, 152, 134),
(1594, '[][][]:', 'A.|B.|C.', NULL, 153, 134),
(1595, ':', 'A.|B.|C.', NULL, 154, 134),
(1596, ':', 'A.|B.AC|C.', NULL, 155, 134),
(1597, ',:', 'A.|B.|C.', NULL, 156, 134),
(1598, ',:', 'A.|B.|C.', NULL, 157, 134),
(1599, ',:', 'A.|B.|C.', NULL, 158, 134),
(1600, ',:', 'A.|B.|C.', NULL, 159, 134),
(1601, '[][]:', 'A.|B.AC|C.', NULL, 160, 134),
(1602, ':', 'A.|B.AC|C.', NULL, 161, 134),
(1603, ', , , :', 'A.|B.AC|C.', NULL, 162, 134),
(1604, ',:', 'A.|B.|C.', NULL, 163, 134),
(1605, ':', 'A.|B.AC|C.', NULL, 164, 134),
(1606, ':', 'A..|B.AC|C.', NULL, 165, 134),
(1607, ':', 'A.|B.AC|C.', NULL, 166, 134),
(1608, ',:', 'A.|B.|C.', NULL, 167, 134),
(1609, ':', 'A.|B.AC|C.', NULL, 168, 134),
(1610, ',:', 'A.|B.|C.', NULL, 169, 134),
(1611, ',:', 'A.|B.|C.', NULL, 170, 134),
(1612, ':', 'A.|B.AC|C.', NULL, 171, 134),
(1613, ',;:', 'A.|B.|C.', NULL, 172, 134),
(1614, ',:', 'A.|B.|C.', NULL, 173, 134),
(1615, ':', 'A.|B.AC|C.', NULL, 174, 134),
(1616, ',:', 'A.|B.|C.', NULL, 175, 134),
(1617, ':', 'A.|B.|C.', NULL, 176, 134),
(1618, '__,:', 'A.|B.|C.', NULL, 177, 134),
(1619, '__:', 'A.|B.|C.', NULL, 178, 134),
(1620, ':', 'A.|B.AC|C.', NULL, 179, 134),
(1621, ':', 'A.|B.AC|C.', NULL, 180, 134),
(1622, ':', 'A.|B.AC|C.', NULL, 181, 134),
(1623, ':', 'A.|B.AC|C.', NULL, 182, 134),
(1624, ':', 'A.|B.AC|C.', NULL, 183, 134),
(1625, ',:', 'A.|B.AC|C.', NULL, 184, 134),
(1626, ':', 'A.|B.AC|C.', NULL, 185, 134),
(1627, ',:', 'A.|B.|C.', NULL, 186, 134),
(1628, ':', 'A.|B.|C.', NULL, 187, 134);

-- --------------------------------------------------------

--
-- Table structure for table `question_ans`
--

CREATE TABLE IF NOT EXISTS `question_ans` (
  `paper_id` int(11) NOT NULL COMMENT 'id',
  `examinee_id` int(11) NOT NULL COMMENT 'id',
  `option` text COMMENT '',
  `score` text COMMENT ',',
  `question_number_list` text COMMENT 'number,,id',
  PRIMARY KEY (`paper_id`,`examinee_id`),
  KEY `fk_question_ans_1_idx` (`examinee_id`),
  KEY `fk_question_ans_2_idx` (`paper_id`)
) ENGINE=InnoDB DEFAULT CHARSET=utf8;

--
-- Dumping data for table `question_ans`
--

INSERT INTO `question_ans` (`paper_id`, `examinee_id`, `option`, `score`, `question_number_list`) VALUES
(133, 12, 'a|a|a|a|a|a|a|a|a|a|a|a|a|a|a|a|a|a|a|a|a|a|a|a|a|a|a|a|a|a|a|a|a|a|a|a|a', 'epqae|epqan|||||epqae|epqan|||epqan||epqap|epqal|epqae|||epqae||epqan||epqap||epqae|epqan||epqae|epqae||epqal|epqae|epqae|epqap|epqan|epqan|epqap|', '1|3|4|6|8|9|10|12|18|21|27|28|34|36|37|38|40|41|42|43|45|46|48|49|51|52|53|55|56|58|61|65|68|69|73|76|83'),
(134, 12, 'a|a|a|a|a|a|a|a|a|a|a|a|a|a|a|a|a|a|a|a|a|a|a|a|a|a|a|a|a|a|a|a|a|a|a|a|a|a|a|a|a|a|a|a|a|a|a|a|a|a|a|a|a|a|a|a|a|a|a|a|a|a|a|a|a|a|a|a|a|a|a|a|a|a|a|a|a|a|a|a|a|a|a|a|a|a|a|a|a|a|a|a|a|a|a|a|a|a|a|a|a|a|a|a|a|a|a|a|a|a|a|a|a|a|a|a|a|a|a|a|a|a|a|a|a|a|a|a|a|a|a|a|a|a|a|a|a|a|a|a|a|a|a|a|a|a|a|a|a|a|a|a|a|a|a|a|a|a|a|a|a|a|a|a|a|a|a|a|a|a|a|a|a|a|a|a|a|a|a|a|a|a|a|a', '2|2|0|0|2|0|0|2|0|0|2|0|0|0|2|2|0|2|2|0|0|0|2|0|0|0|0|2|0|0|2|0|0|2|2|2|2|2|0|2|2|0|0|2|2|2|2|2|0|2|0|0|2|2|0|2|2|0|0|0|0|0|2|0|0|0|2|2|2|2|2|2|0|0|0|0|0|0|0|0|0|0|0|0|0|2|0|0|2|0|0|0|0|0|0|2|2|0|2|0|0|2|2|0|0|0|2|2|2|2|2|2|2|0|2|2|2|0|0|0|0|2|0|2|0|0|2|2|2|2|2|2|0|2|0|2|0|2|0|2|2|0|2|2|2|2|2|2|0|0|0|0|2|2|0|0|0|2|0|0|2|2|0|0|2|2|2|0|2|0|2|2|0|2|1|1|2|2|2|2|2|2|2|2', '3|4|5|6|7|8|9|10|11|12|13|14|15|16|17|18|19|20|21|22|23|24|25|26|27|28|29|30|31|32|33|34|35|36|37|38|39|40|41|42|43|44|45|46|47|48|49|50|51|52|53|54|55|56|57|58|59|60|61|62|63|64|65|66|67|68|69|70|71|72|73|74|75|76|77|78|79|80|81|82|83|84|85|86|87|88|89|90|91|92|93|94|95|96|97|98|99|100|101|102|103|104|105|106|107|108|109|110|111|112|113|114|115|116|117|118|119|120|121|122|123|124|125|126|127|128|129|130|131|132|133|134|135|136|137|138|139|140|141|142|143|144|145|146|147|148|149|150|151|152|153|154|155|156|157|158|159|160|161|162|163|164|165|166|167|168|169|170|171|172|173|174|175|176|177|178|179|180|181|182|183|184|185|186'),
(135, 12, 'a|a|a|a|a|a|a|a|a|a|a|a|a|a|a|a|a|a|a|a|a|a|a|a|a|a|a|a|a|a|a|a|a|a|a|a|a|a|a|a|a|a|a|a|a|a|a|a|a|a|a|a|a|a|a|a|a|a|a|a|a|a|a|a|a|a|a|a|a|a|a|a|a|a|a|a|a|a|a|a|a|a|a|a|a|a|a|b', 'sy||sp|||gi||cs|||||fe||||||||||||sy-sp-ie|do||fe||re|fe|||||cs|||||||||||||||||sy-sp|sy||fe|||||||||||||||so-fe||||||||cs||sy||do-cs-sy-ie|so||||po', '1|2|3|4|5|6|7|8|9|10|11|12|13|14|15|16|17|18|19|20|21|22|23|24|25|26|27|28|29|30|31|32|33|34|35|36|37|38|39|40|41|42|43|44|45|46|47|48|49|50|51|52|53|54|55|56|57|58|59|60|61|62|63|64|65|66|67|68|69|70|71|72|73|74|75|76|77|78|79|80|81|82|83|84|85|86|87|88'),
(136, 12, NULL, NULL, '3|4|5|6|7|8|9|10|11|12|13|14|15|16|17|18|19|20|21|22|23|24|25|26|27|28|29|30|31|32|33|34|35|36|37|38|39|40|41|42|43|44|45|46|47|48|49|50|51|52|53|54|55|56|57|58|59|60|61|62|63|64|65|66|67|68|69|70|71|72|73|74|75|76|77|78|79|80|81|82|83|84|85|86|87|88|89|90|91|92|93|94|95|96|97|98|99|100|101|102|103|104|105|106|107|108|109|110|111|112|113|114|115|116|117|118|119|120|121|122|123|124|125|126|127|128|129|130|131|132|133|134|135|136|137|138|139|140|141|142|143|144|145|146|147|148|149|150|151|152|153|154|155|156|157|158|159|160|161|162|163|164|165|166|167|168|169|170|171|172|173|174|175|176|177|178|179|180|181|182|183|184|185|186'),
(137, 12, 'a|a|a|a|a|a|a|a|a|a|a|a|a|a|a|a|a|a|a|a|a|a|a|a|a|a|a|a|a|a|a|a|a|a|a|a|a|a|a|a|a|a|a|a|a|a|a|a|a|a|a|a|a|a|a|a|a|a|a|a|a|a|a|a|a|a|a|a|a|a|a|a|a|a|a|a|a|a|a|a|a|a|a|a|a|a|a|a|a|a|a|a|a|a|a|a|a|a|a|a|a|a|a|a|a|a|a|a|a|a|a|a|a|a|a|a|a|a|a|a|a|a|a|a|a|a|a|a|a|a|a|a|a|a|a|a|a|a|a|a|a|a|a|a|a|a|a|a|a|a|a|a|a|a|a|a|a|a|a|a|a|a|a|a|a|a|a|a|a|a|a|a|a|a|a|a|a|a|a|a|a|a|a|a|a|a|a|a|a|a|a|a|a|a|a|a|a|a|a|a|a|a|a|a|a|a|a|a|a|a|a|a|a|a|a|a|a|a|a|a|a|a|a|a|a', NULL, '1|2|3|4|5|6|7|8|9|10|11|12|13|14|15|16|17|18|19|20|21|22|23|24|25|26|27|28|29|30|31|32|33|34|35|36|37|38|39|40|41|42|43|44|45|46|47|48|49|50|51|52|53|54|55|56|57|58|59|60|61|62|63|64|65|66|67|68|69|70|71|72|73|74|75|76|77|78|79|80|81|82|83|84|85|86|87|88|89|90|91|92|93|94|95|96|97|98|99|100|101|102|103|104|105|106|107|108|109|110|111|112|113|114|115|116|117|118|119|120|121|122|123|124|125|126|127|128|129|130|131|132|133|134|135|136|137|138|139|140|141|142|143|144|145|146|147|148|149|150|151|152|153|154|155|156|157|158|159|160|161|162|163|164|165|166|167|168|169|170|171|172|173|174|175|176|177|178|179|180|181|182|183|184|185|186|187|188|189|190|191|192|193|194|195|196|197|198|199|200|201|202|203|204|205|206|207|208|209|210|211|212|213|214|215|216|217|218|219|220|221|222|223|224|225');

-- --------------------------------------------------------

--
-- Table structure for table `spmdf`
--

CREATE TABLE IF NOT EXISTS `spmdf` (
  `BZ` tinyint(4) NOT NULL,
  `XH` int(11) NOT NULL,
  PRIMARY KEY (`XH`)
) ENGINE=InnoDB DEFAULT CHARSET=utf8;

--
-- Dumping data for table `spmdf`
--

INSERT INTO `spmdf` (`BZ`, `XH`) VALUES
(4, 1),
(5, 2),
(1, 3),
(2, 4),
(6, 5),
(3, 6),
(6, 7),
(2, 8),
(1, 9),
(3, 10),
(4, 11),
(5, 12),
(2, 13),
(6, 14),
(1, 15),
(2, 16),
(1, 17),
(3, 18),
(5, 19),
(6, 20),
(4, 21),
(3, 22),
(4, 23),
(5, 24),
(8, 25),
(2, 26),
(3, 27),
(8, 28),
(7, 29),
(4, 30),
(5, 31),
(1, 32),
(7, 33),
(6, 34),
(1, 35),
(2, 36),
(3, 37),
(4, 38),
(3, 39),
(7, 40),
(8, 41),
(6, 42),
(5, 43),
(4, 44),
(1, 45),
(2, 46),
(5, 47),
(6, 48),
(7, 49),
(6, 50),
(8, 51),
(2, 52),
(1, 53),
(5, 54),
(1, 55),
(6, 56),
(3, 57),
(2, 58),
(4, 59),
(5, 60);

-- --------------------------------------------------------

--
-- Table structure for table `spmdf_memory`
--

CREATE TABLE IF NOT EXISTS `spmdf_memory` (
  `BZ` tinyint(4) NOT NULL,
  `XH` int(11) NOT NULL,
  PRIMARY KEY (`XH`)
) ENGINE=MEMORY DEFAULT CHARSET=utf8;

--
-- Dumping data for table `spmdf_memory`
--

INSERT INTO `spmdf_memory` (`BZ`, `XH`) VALUES
(4, 1),
(5, 2),
(1, 3),
(2, 4),
(6, 5),
(3, 6),
(6, 7),
(2, 8),
(1, 9),
(3, 10),
(4, 11),
(5, 12),
(2, 13),
(6, 14),
(1, 15),
(2, 16),
(1, 17),
(3, 18),
(5, 19),
(6, 20),
(4, 21),
(3, 22),
(4, 23),
(5, 24),
(8, 25),
(2, 26),
(3, 27),
(8, 28),
(7, 29),
(4, 30),
(5, 31),
(1, 32),
(7, 33),
(6, 34),
(1, 35),
(2, 36),
(3, 37),
(4, 38),
(3, 39),
(7, 40),
(8, 41),
(6, 42),
(5, 43),
(4, 44),
(1, 45),
(2, 46),
(5, 47),
(6, 48),
(7, 49),
(6, 50),
(8, 51),
(2, 52),
(1, 53),
(5, 54),
(1, 55),
(6, 56),
(3, 57),
(2, 58),
(4, 59),
(5, 60);

-- --------------------------------------------------------

--
-- Table structure for table `spmmd`
--

CREATE TABLE IF NOT EXISTS `spmmd` (
  `NLL` float(11,2) NOT NULL,
  `NLH` float(11,2) NOT NULL,
  `B95` int(11) NOT NULL,
  `B90` int(11) NOT NULL,
  `B75` int(11) NOT NULL,
  `B50` int(11) NOT NULL,
  `B25` int(11) NOT NULL,
  `B10` int(11) NOT NULL,
  `B5` int(11) NOT NULL,
  PRIMARY KEY (`NLL`,`NLH`)
) ENGINE=InnoDB DEFAULT CHARSET=utf8;

--
-- Dumping data for table `spmmd`
--

INSERT INTO `spmmd` (`NLL`, `NLH`, `B95`, `B90`, `B75`, `B50`, `B25`, `B10`, `B5`) VALUES
(5.25, 5.75, 34, 29, 25, 16, 13, 12, 9),
(5.75, 6.25, 36, 31, 25, 17, 13, 12, 9),
(6.25, 6.75, 37, 31, 25, 18, 13, 12, 10),
(6.75, 7.25, 43, 36, 25, 19, 13, 12, 10),
(7.25, 7.75, 44, 38, 31, 21, 13, 12, 10),
(7.75, 8.25, 44, 39, 31, 23, 15, 13, 10),
(8.25, 8.75, 45, 40, 33, 29, 20, 14, 12),
(8.75, 9.25, 47, 43, 37, 33, 25, 14, 12),
(9.25, 9.75, 50, 47, 39, 35, 27, 17, 13),
(9.75, 10.25, 50, 48, 42, 35, 27, 17, 13),
(10.25, 10.75, 50, 49, 42, 39, 32, 25, 18),
(10.75, 11.25, 52, 50, 43, 39, 33, 25, 19),
(11.25, 11.75, 53, 50, 45, 42, 35, 25, 19),
(11.75, 12.25, 53, 50, 46, 42, 37, 27, 21),
(12.25, 12.75, 53, 52, 50, 45, 40, 33, 28),
(12.75, 13.25, 53, 52, 50, 45, 40, 35, 30),
(13.25, 13.75, 54, 52, 50, 46, 42, 35, 32),
(13.75, 14.25, 55, 52, 50, 48, 43, 36, 34),
(14.25, 14.75, 55, 53, 51, 48, 43, 36, 34),
(14.75, 15.25, 57, 54, 51, 48, 43, 36, 34),
(15.25, 15.75, 57, 55, 52, 49, 43, 41, 34),
(15.75, 16.25, 57, 56, 53, 49, 44, 41, 36),
(16.25, 16.75, 57, 56, 53, 49, 45, 41, 37),
(16.75, 20.00, 58, 57, 55, 52, 47, 40, 37),
(20.00, 30.00, 57, 56, 54, 50, 44, 38, 33),
(30.00, 40.00, 57, 55, 52, 48, 43, 37, 28),
(40.00, 50.00, 57, 54, 50, 47, 41, 31, 28),
(50.00, 60.00, 54, 52, 48, 42, 34, 24, 21),
(60.00, 70.00, 54, 52, 46, 37, 30, 22, 19),
(70.00, 110.00, 52, 49, 44, 33, 26, 18, 17);

--
-- Constraints for dumped tables
--

--
-- Constraints for table `examinee`
--
ALTER TABLE `examinee`
  ADD CONSTRAINT `fk_examinee_1` FOREIGN KEY (`project_id`) REFERENCES `project` (`id`) ON DELETE CASCADE ON UPDATE CASCADE;

--
-- Constraints for table `factor`
--
ALTER TABLE `factor`
  ADD CONSTRAINT `fk_factor_1` FOREIGN KEY (`father_factor`) REFERENCES `factor` (`id`) ON DELETE SET NULL ON UPDATE SET NULL;

--
-- Constraints for table `factor_ans`
--
ALTER TABLE `factor_ans`
  ADD CONSTRAINT `fk_factor_ans_1` FOREIGN KEY (`examinee_id`) REFERENCES `examinee` (`id`) ON DELETE CASCADE ON UPDATE CASCADE,
  ADD CONSTRAINT `fk_factor_ans_2` FOREIGN KEY (`factor_id`) REFERENCES `factor` (`id`) ON DELETE CASCADE ON UPDATE CASCADE;

--
-- Constraints for table `index`
--
ALTER TABLE `index`
  ADD CONSTRAINT `fk_index_1` FOREIGN KEY (`father_index`) REFERENCES `index` (`id`) ON DELETE SET NULL ON UPDATE SET NULL,
  ADD CONSTRAINT `fk_index_2` FOREIGN KEY (`module_id`) REFERENCES `module` (`id`) ON DELETE CASCADE ON UPDATE CASCADE;

--
-- Constraints for table `index_ans`
--
ALTER TABLE `index_ans`
  ADD CONSTRAINT `fk_index_ans_1` FOREIGN KEY (`examinee_id`) REFERENCES `examinee` (`id`) ON DELETE CASCADE ON UPDATE CASCADE,
  ADD CONSTRAINT `fk_index_ans_2` FOREIGN KEY (`index_id`) REFERENCES `index` (`id`) ON DELETE CASCADE ON UPDATE CASCADE;

--
-- Constraints for table `inquery`
--
ALTER TABLE `inquery`
  ADD CONSTRAINT `fk_inquery_1` FOREIGN KEY (`project_id`) REFERENCES `project` (`id`) ON DELETE CASCADE ON UPDATE CASCADE;

--
-- Constraints for table `inquery_ans`
--
ALTER TABLE `inquery_ans`
  ADD CONSTRAINT `fk_inquery_ans_1` FOREIGN KEY (`inquery_id`) REFERENCES `inquery` (`id`) ON DELETE CASCADE ON UPDATE CASCADE,
  ADD CONSTRAINT `fk_inquery_ans_2` FOREIGN KEY (`examinee_id`) REFERENCES `examinee` (`id`) ON DELETE CASCADE ON UPDATE CASCADE;

--
-- Constraints for table `interview`
--
ALTER TABLE `interview`
  ADD CONSTRAINT `fk_interview_1` FOREIGN KEY (`manager_id`) REFERENCES `manager` (`id`) ON DELETE CASCADE ON UPDATE CASCADE,
  ADD CONSTRAINT `fk_interview_2` FOREIGN KEY (`examinee_id`) REFERENCES `examinee` (`id`) ON DELETE CASCADE ON UPDATE CASCADE;

--
-- Constraints for table `manager`
--
ALTER TABLE `manager`
  ADD CONSTRAINT `fk_manager_project` FOREIGN KEY (`project_id`) REFERENCES `project` (`id`) ON DELETE CASCADE ON UPDATE CASCADE;

--
-- Constraints for table `pmrel`
--
ALTER TABLE `pmrel`
  ADD CONSTRAINT `fk_pmrel_1` FOREIGN KEY (`project_id`) REFERENCES `project` (`id`) ON DELETE CASCADE ON UPDATE CASCADE,
  ADD CONSTRAINT `fk_pmrel_2` FOREIGN KEY (`module_id`) REFERENCES `module` (`id`) ON DELETE CASCADE ON UPDATE CASCADE;

--
-- Constraints for table `project`
--
ALTER TABLE `project`
  ADD CONSTRAINT `fk_project_1` FOREIGN KEY (`manager_id`) REFERENCES `manager` (`id`) ON DELETE CASCADE ON UPDATE CASCADE;

--
-- Constraints for table `project_detail`
--
ALTER TABLE `project_detail`
  ADD CONSTRAINT `fk_project_detail_1` FOREIGN KEY (`project_id`) REFERENCES `project` (`id`) ON DELETE CASCADE ON UPDATE CASCADE;

--
-- Constraints for table `question`
--
ALTER TABLE `question`
  ADD CONSTRAINT `fk_question_1` FOREIGN KEY (`paper_id`) REFERENCES `paper` (`id`) ON DELETE CASCADE ON UPDATE CASCADE;

--
-- Constraints for table `question_ans`
--
ALTER TABLE `question_ans`
  ADD CONSTRAINT `fk_question_ans_1` FOREIGN KEY (`examinee_id`) REFERENCES `examinee` (`id`) ON DELETE CASCADE ON UPDATE CASCADE,
  ADD CONSTRAINT `fk_question_ans_2` FOREIGN KEY (`paper_id`) REFERENCES `paper` (`id`) ON DELETE CASCADE ON UPDATE CASCADE;

/*!40101 SET CHARACTER_SET_CLIENT=@OLD_CHARACTER_SET_CLIENT */;
/*!40101 SET CHARACTER_SET_RESULTS=@OLD_CHARACTER_SET_RESULTS */;
/*!40101 SET COLLATION_CONNECTION=@OLD_COLLATION_CONNECTION */;
