/*
Navicat MySQL Data Transfer

Source Server         : loaclhost
Source Server Version : 50617
Source Host           : localhost:3306
Source Database       : questionnaire

Target Server Type    : MYSQL
Target Server Version : 50617
File Encoding         : 65001

Date: 2015-09-22 17:03:24
*/

SET FOREIGN_KEY_CHECKS=0;

-- ----------------------------
-- Table structure for `cpidf`
-- ----------------------------
DROP TABLE IF EXISTS `cpidf`;
CREATE TABLE `cpidf` (
  `TH` int(11) NOT NULL,
  `XZ` tinyint(4) NOT NULL,
  `DO` tinyint(4) DEFAULT NULL,
  `CS` tinyint(4) DEFAULT NULL,
  `SY` tinyint(4) DEFAULT NULL,
  `SP` tinyint(4) DEFAULT NULL,
  `SA` tinyint(4) DEFAULT NULL,
  `WB` tinyint(4) DEFAULT NULL,
  `RE` tinyint(4) DEFAULT NULL,
  `SO` tinyint(4) DEFAULT NULL,
  `SC` tinyint(4) DEFAULT NULL,
  `PO` tinyint(4) DEFAULT NULL,
  `GI` tinyint(4) DEFAULT NULL,
  `CM` tinyint(4) DEFAULT NULL,
  `AC` tinyint(4) DEFAULT NULL,
  `AI` tinyint(4) DEFAULT NULL,
  `IE` tinyint(4) DEFAULT NULL,
  `PY` tinyint(4) DEFAULT NULL,
  `FX` tinyint(4) DEFAULT NULL,
  `FE` tinyint(4) DEFAULT NULL,
  PRIMARY KEY (`TH`,`XZ`)
) ENGINE=InnoDB DEFAULT CHARSET=utf8;

-- ----------------------------
-- Records of cpidf
-- ----------------------------
INSERT INTO `cpidf` VALUES ('1', '1', '0', null, '1', null, null, null, null, null, null, null, null, null, null, null, null, null, null, null);
INSERT INTO `cpidf` VALUES ('1', '2', '0', null, null, null, null, null, null, null, null, null, null, null, null, null, null, null, null, null);
INSERT INTO `cpidf` VALUES ('2', '1', '0', null, null, null, null, null, null, null, null, null, null, null, null, null, null, null, null, null);
INSERT INTO `cpidf` VALUES ('2', '2', '0', null, null, null, null, null, null, null, null, null, null, null, null, null, null, null, null, null);
INSERT INTO `cpidf` VALUES ('3', '1', '0', null, null, '1', null, null, null, null, null, null, null, null, null, null, null, null, null, null);
INSERT INTO `cpidf` VALUES ('3', '2', '0', null, null, null, null, null, null, null, '1', null, null, null, null, null, null, null, null, null);
INSERT INTO `cpidf` VALUES ('4', '1', '0', null, null, null, null, null, null, null, null, null, null, null, null, null, null, null, null, null);
INSERT INTO `cpidf` VALUES ('4', '2', '0', null, null, null, '1', null, null, null, null, null, null, null, null, '1', null, null, null, null);
INSERT INTO `cpidf` VALUES ('5', '1', '0', null, null, null, null, null, null, null, null, null, null, null, null, null, null, null, null, null);
INSERT INTO `cpidf` VALUES ('5', '2', '0', null, null, null, null, null, null, null, null, null, null, null, null, null, null, '1', null, null);
INSERT INTO `cpidf` VALUES ('6', '1', '0', null, null, null, null, null, null, null, null, null, '1', null, null, null, null, null, null, null);
INSERT INTO `cpidf` VALUES ('6', '2', '0', null, null, null, null, null, null, null, null, null, null, null, null, null, null, null, null, null);
INSERT INTO `cpidf` VALUES ('7', '1', '0', null, null, null, null, null, null, null, null, null, null, null, null, null, null, null, null, null);
INSERT INTO `cpidf` VALUES ('7', '2', '0', null, null, null, null, '1', null, null, null, '1', null, null, null, null, null, null, null, null);
INSERT INTO `cpidf` VALUES ('8', '1', '0', '1', null, null, null, null, null, null, null, null, null, null, null, null, null, null, null, null);
INSERT INTO `cpidf` VALUES ('8', '2', '0', null, null, null, null, null, null, null, null, null, null, null, null, null, null, null, null, null);
INSERT INTO `cpidf` VALUES ('9', '1', '0', null, null, null, null, null, null, null, null, null, null, null, null, null, null, null, null, null);
INSERT INTO `cpidf` VALUES ('9', '2', '0', null, null, null, null, null, null, null, null, null, null, null, null, null, null, null, null, '1');
INSERT INTO `cpidf` VALUES ('10', '1', '0', null, null, null, null, null, null, null, null, null, null, null, null, null, null, null, null, null);
INSERT INTO `cpidf` VALUES ('10', '2', '0', null, null, null, null, null, null, null, null, null, null, null, null, null, null, null, null, null);
INSERT INTO `cpidf` VALUES ('11', '1', '0', null, null, null, null, null, null, null, null, null, null, null, null, null, null, null, null, null);
INSERT INTO `cpidf` VALUES ('11', '2', '0', null, null, '1', null, null, null, null, null, null, null, null, null, null, null, null, null, null);
INSERT INTO `cpidf` VALUES ('12', '1', '0', null, null, null, null, null, null, null, null, null, null, null, null, null, null, null, null, null);
INSERT INTO `cpidf` VALUES ('12', '2', '0', null, null, null, null, null, null, null, null, '1', null, null, null, null, null, null, null, null);
INSERT INTO `cpidf` VALUES ('13', '1', '0', null, null, null, null, null, null, null, null, null, null, null, null, null, null, null, null, '1');
INSERT INTO `cpidf` VALUES ('13', '2', '0', null, null, null, null, null, null, null, null, null, null, null, null, null, null, null, null, null);
INSERT INTO `cpidf` VALUES ('14', '1', '0', null, null, null, null, null, null, null, null, null, null, null, null, null, null, null, null, null);
INSERT INTO `cpidf` VALUES ('14', '2', '0', null, null, null, null, null, null, null, '1', null, null, null, '1', null, null, null, null, null);
INSERT INTO `cpidf` VALUES ('15', '1', '0', null, null, null, null, null, null, null, null, null, null, null, null, null, null, null, null, null);
INSERT INTO `cpidf` VALUES ('15', '2', '0', null, null, null, null, null, null, null, null, null, '1', null, null, null, null, null, null, null);
INSERT INTO `cpidf` VALUES ('16', '1', '0', null, null, null, null, null, null, null, null, null, null, null, null, null, null, null, null, null);
INSERT INTO `cpidf` VALUES ('16', '2', '0', null, null, null, '1', null, null, null, null, null, null, null, null, null, null, null, null, null);
INSERT INTO `cpidf` VALUES ('17', '1', '0', null, null, null, null, null, null, null, null, null, null, null, null, null, null, null, null, null);
INSERT INTO `cpidf` VALUES ('17', '2', '0', null, null, null, '1', null, null, null, null, null, null, null, null, null, null, null, null, null);
INSERT INTO `cpidf` VALUES ('18', '1', '0', null, null, null, null, null, null, null, null, null, null, null, null, null, null, null, null, null);
INSERT INTO `cpidf` VALUES ('18', '2', '0', '1', null, null, null, null, null, null, null, null, null, null, null, null, null, null, null, null);
INSERT INTO `cpidf` VALUES ('19', '1', '0', null, null, null, null, null, null, null, null, null, null, null, null, null, null, null, null, null);
INSERT INTO `cpidf` VALUES ('19', '2', '0', null, null, null, null, null, null, null, null, null, null, null, null, '1', null, null, null, null);
INSERT INTO `cpidf` VALUES ('20', '1', '0', null, null, null, null, null, null, null, null, null, null, null, null, null, null, null, null, null);
INSERT INTO `cpidf` VALUES ('20', '2', '0', null, null, null, null, null, null, null, '1', null, '1', null, null, null, null, null, null, null);
INSERT INTO `cpidf` VALUES ('21', '1', '0', null, null, null, null, null, null, null, null, null, null, null, null, null, null, null, null, null);
INSERT INTO `cpidf` VALUES ('21', '2', '0', null, null, null, null, null, '1', null, null, null, null, null, null, null, null, null, null, null);
INSERT INTO `cpidf` VALUES ('22', '1', '0', null, null, null, null, null, null, null, null, null, null, null, null, null, null, null, null, null);
INSERT INTO `cpidf` VALUES ('22', '2', '0', null, null, null, null, null, null, null, '1', null, '1', null, null, null, null, null, null, null);
INSERT INTO `cpidf` VALUES ('23', '1', '0', null, null, null, null, null, null, null, null, null, null, null, null, null, null, null, null, null);
INSERT INTO `cpidf` VALUES ('23', '2', '0', '1', null, '1', null, null, null, null, null, null, null, null, null, null, null, null, null, null);
INSERT INTO `cpidf` VALUES ('24', '1', '0', null, null, null, null, null, null, null, null, null, null, null, null, null, null, null, null, null);
INSERT INTO `cpidf` VALUES ('24', '2', '0', null, null, null, null, null, '1', null, null, null, null, null, '1', null, null, null, null, null);
INSERT INTO `cpidf` VALUES ('25', '1', '0', null, '1', '1', null, null, null, null, null, null, null, null, null, null, '1', null, null, null);
INSERT INTO `cpidf` VALUES ('25', '2', '0', null, null, null, null, null, null, null, null, null, null, null, null, null, null, null, null, null);
INSERT INTO `cpidf` VALUES ('26', '1', '1', null, null, null, null, null, null, null, null, null, null, null, null, null, null, null, null, null);
INSERT INTO `cpidf` VALUES ('26', '2', '0', null, null, null, null, null, null, null, '1', null, null, null, null, null, null, null, null, null);
INSERT INTO `cpidf` VALUES ('27', '1', '0', null, null, null, null, null, null, null, null, null, null, null, null, null, null, null, null, null);
INSERT INTO `cpidf` VALUES ('27', '2', '1', null, null, null, null, null, null, null, null, null, null, null, null, null, null, '1', null, null);
INSERT INTO `cpidf` VALUES ('28', '1', '0', null, null, null, null, null, null, null, null, null, null, null, null, null, null, null, null, '1');
INSERT INTO `cpidf` VALUES ('28', '2', '0', null, null, '1', null, null, null, null, null, null, null, null, null, null, null, null, null, null);
INSERT INTO `cpidf` VALUES ('29', '1', '0', null, null, null, null, null, null, null, null, null, null, null, null, null, null, null, null, null);
INSERT INTO `cpidf` VALUES ('29', '2', '0', null, null, null, null, null, null, null, null, null, null, null, null, '1', null, null, null, null);
INSERT INTO `cpidf` VALUES ('30', '1', '0', null, null, null, null, null, '1', null, null, null, null, null, null, null, null, null, null, null);
INSERT INTO `cpidf` VALUES ('30', '2', '0', null, null, null, null, null, null, null, null, null, null, null, null, null, null, null, null, null);
INSERT INTO `cpidf` VALUES ('31', '1', '0', null, null, null, null, null, null, null, null, null, null, null, null, null, null, null, null, '1');
INSERT INTO `cpidf` VALUES ('31', '2', '0', null, null, null, null, null, null, null, null, null, null, null, null, null, null, null, null, null);
INSERT INTO `cpidf` VALUES ('32', '1', '0', null, null, null, null, null, null, null, null, null, null, null, null, null, null, null, null, null);
INSERT INTO `cpidf` VALUES ('32', '2', '0', null, null, null, null, null, null, null, null, null, '1', null, null, null, null, null, null, null);
INSERT INTO `cpidf` VALUES ('33', '1', '0', null, null, null, null, null, null, null, null, null, null, null, null, null, null, null, null, null);
INSERT INTO `cpidf` VALUES ('33', '2', '0', null, null, null, null, null, null, null, null, '1', null, null, null, null, null, null, null, null);
INSERT INTO `cpidf` VALUES ('34', '1', '0', null, null, null, null, null, null, null, null, null, null, null, null, null, null, null, null, null);
INSERT INTO `cpidf` VALUES ('34', '2', '0', null, null, '1', null, null, null, null, null, null, null, null, null, null, null, null, null, null);
INSERT INTO `cpidf` VALUES ('35', '1', '0', null, null, null, null, null, null, null, null, null, null, null, null, null, null, null, null, null);
INSERT INTO `cpidf` VALUES ('35', '2', '0', null, null, null, null, '1', null, null, null, null, '1', null, null, null, null, null, null, null);
INSERT INTO `cpidf` VALUES ('36', '1', '0', '1', null, null, null, null, null, null, null, null, null, null, null, null, null, null, null, null);
INSERT INTO `cpidf` VALUES ('36', '2', '0', null, null, null, null, null, null, null, null, null, null, null, null, null, null, null, null, null);
INSERT INTO `cpidf` VALUES ('37', '1', '0', null, null, null, null, null, null, null, null, null, null, null, null, null, null, null, null, null);
INSERT INTO `cpidf` VALUES ('37', '2', '0', null, null, null, null, null, '1', null, null, null, null, null, null, null, null, null, null, null);
INSERT INTO `cpidf` VALUES ('38', '1', '0', null, null, null, null, null, null, null, null, null, null, null, null, null, null, null, null, null);
INSERT INTO `cpidf` VALUES ('38', '2', '0', null, '1', '1', null, null, null, null, null, null, null, null, null, null, null, null, null, null);
INSERT INTO `cpidf` VALUES ('39', '1', '0', null, null, null, null, null, null, null, null, null, null, null, null, null, null, null, null, null);
INSERT INTO `cpidf` VALUES ('39', '2', '0', null, null, null, null, null, '1', null, null, null, null, null, null, null, null, null, null, null);
INSERT INTO `cpidf` VALUES ('40', '1', '0', null, null, null, null, null, null, null, null, null, null, null, null, null, null, null, null, null);
INSERT INTO `cpidf` VALUES ('40', '2', '0', null, null, '1', null, null, null, null, null, null, null, null, null, null, '1', null, null, null);
INSERT INTO `cpidf` VALUES ('41', '1', '0', null, null, null, null, null, null, null, null, null, null, null, null, null, null, null, null, null);
INSERT INTO `cpidf` VALUES ('41', '2', '0', null, null, null, null, null, '1', null, null, null, null, null, null, null, null, null, null, null);
INSERT INTO `cpidf` VALUES ('42', '1', '0', null, null, null, null, null, null, null, null, null, null, null, null, null, null, null, null, null);
INSERT INTO `cpidf` VALUES ('42', '2', '0', null, null, null, null, null, null, null, '1', null, '1', null, null, null, null, null, null, '1');
INSERT INTO `cpidf` VALUES ('43', '1', '0', null, null, null, null, null, null, null, null, null, null, null, null, null, null, null, null, null);
INSERT INTO `cpidf` VALUES ('43', '2', '0', '1', null, null, null, null, null, null, null, null, null, null, null, null, null, null, null, null);
INSERT INTO `cpidf` VALUES ('44', '1', '0', null, null, null, null, null, null, null, null, null, null, null, null, null, null, null, null, null);
INSERT INTO `cpidf` VALUES ('44', '2', '0', null, null, null, null, null, null, null, null, null, '1', null, null, null, null, null, null, null);
INSERT INTO `cpidf` VALUES ('45', '1', '0', null, null, null, null, null, null, null, null, null, null, null, null, null, null, null, null, null);
INSERT INTO `cpidf` VALUES ('45', '2', '0', null, null, null, null, null, null, null, null, null, null, null, null, null, null, null, null, '1');
INSERT INTO `cpidf` VALUES ('46', '1', '0', null, null, null, null, null, null, null, null, null, null, null, null, null, null, null, null, null);
INSERT INTO `cpidf` VALUES ('46', '2', '0', null, '1', '1', null, null, null, null, null, null, null, null, null, null, null, null, null, null);
INSERT INTO `cpidf` VALUES ('47', '1', '0', null, null, null, null, null, null, null, null, null, null, null, null, null, null, null, null, null);
INSERT INTO `cpidf` VALUES ('47', '2', '0', null, null, null, null, null, null, null, null, null, null, null, null, null, null, '1', null, null);
INSERT INTO `cpidf` VALUES ('48', '1', '0', null, null, null, null, null, null, null, null, null, null, null, null, null, null, null, null, null);
INSERT INTO `cpidf` VALUES ('48', '2', '0', null, null, null, null, '1', null, null, null, '1', null, null, null, null, null, null, null, null);
INSERT INTO `cpidf` VALUES ('49', '1', '0', null, null, null, null, null, null, null, null, null, null, null, null, null, null, null, null, null);
INSERT INTO `cpidf` VALUES ('49', '2', '0', null, null, null, null, null, null, null, null, null, '1', null, null, null, null, null, null, null);
INSERT INTO `cpidf` VALUES ('50', '1', '0', null, null, null, null, null, null, null, null, null, null, null, null, null, null, null, null, null);
INSERT INTO `cpidf` VALUES ('50', '2', '0', '1', null, null, null, null, null, null, null, '1', null, null, null, null, null, null, null, null);
INSERT INTO `cpidf` VALUES ('51', '1', '0', null, null, null, null, null, null, null, null, null, null, null, null, null, null, null, null, null);
INSERT INTO `cpidf` VALUES ('51', '2', '0', null, null, null, null, null, null, null, null, null, null, null, null, null, null, '1', null, null);
INSERT INTO `cpidf` VALUES ('52', '1', '0', null, null, null, null, null, null, null, null, null, null, null, null, null, null, null, null, null);
INSERT INTO `cpidf` VALUES ('52', '2', '0', null, null, null, null, null, null, null, null, null, '1', null, null, null, null, null, null, null);
INSERT INTO `cpidf` VALUES ('53', '1', '0', null, '1', '1', null, null, null, null, null, null, null, null, null, null, null, null, null, null);
INSERT INTO `cpidf` VALUES ('53', '2', '0', null, null, null, null, null, null, null, '1', null, null, null, null, null, null, null, null, null);
INSERT INTO `cpidf` VALUES ('54', '1', '0', null, '1', null, null, null, null, null, null, null, null, null, null, null, null, null, null, null);
INSERT INTO `cpidf` VALUES ('54', '2', '0', null, null, null, null, null, null, null, null, null, null, null, null, null, null, null, null, null);
INSERT INTO `cpidf` VALUES ('55', '1', '0', null, null, null, null, null, null, null, null, null, null, null, null, null, null, null, null, null);
INSERT INTO `cpidf` VALUES ('55', '2', '0', null, null, null, null, null, null, null, null, null, '1', null, null, null, null, null, null, null);
INSERT INTO `cpidf` VALUES ('56', '1', '0', null, null, null, null, null, null, null, null, null, null, null, null, null, null, null, null, '1');
INSERT INTO `cpidf` VALUES ('56', '2', '0', null, null, null, null, null, null, null, null, null, null, null, null, null, null, null, null, null);
INSERT INTO `cpidf` VALUES ('57', '1', '0', null, null, null, null, null, null, null, null, null, null, null, null, null, null, null, null, null);
INSERT INTO `cpidf` VALUES ('57', '2', '1', null, '1', null, '1', null, null, null, null, null, null, null, null, null, '1', null, null, null);
INSERT INTO `cpidf` VALUES ('58', '1', '0', null, null, null, null, null, null, null, null, null, null, null, null, null, null, null, null, null);
INSERT INTO `cpidf` VALUES ('58', '2', '0', null, null, null, null, null, '1', null, null, null, null, null, null, null, null, null, null, null);
INSERT INTO `cpidf` VALUES ('59', '1', '0', null, null, null, null, null, null, null, null, null, null, null, null, null, null, null, null, null);
INSERT INTO `cpidf` VALUES ('59', '2', '0', null, null, null, null, null, null, null, '1', null, null, null, null, null, null, null, null, null);
INSERT INTO `cpidf` VALUES ('60', '1', '0', null, null, null, null, null, null, null, null, null, null, null, null, null, null, null, null, null);
INSERT INTO `cpidf` VALUES ('60', '2', '0', null, null, null, null, null, null, null, null, null, null, null, null, '1', null, null, null, null);
INSERT INTO `cpidf` VALUES ('61', '1', '0', null, null, null, null, null, null, null, null, null, null, null, null, null, null, null, null, null);
INSERT INTO `cpidf` VALUES ('61', '2', '0', null, null, null, null, null, null, null, null, null, null, null, '1', null, null, null, null, null);
INSERT INTO `cpidf` VALUES ('62', '1', '0', null, null, null, null, null, null, null, null, null, null, null, null, null, null, null, null, null);
INSERT INTO `cpidf` VALUES ('62', '2', '0', null, null, null, null, null, null, null, null, null, null, null, null, '1', null, null, null, null);
INSERT INTO `cpidf` VALUES ('63', '1', '0', null, null, null, null, null, null, null, null, null, null, null, null, null, null, null, null, null);
INSERT INTO `cpidf` VALUES ('63', '2', '0', null, null, null, null, null, null, null, null, null, null, null, null, null, null, null, null, null);
INSERT INTO `cpidf` VALUES ('64', '1', '0', null, null, null, null, null, null, null, null, null, null, null, null, null, null, null, null, null);
INSERT INTO `cpidf` VALUES ('64', '2', '0', null, '1', null, null, null, null, null, null, null, null, null, null, null, null, null, null, null);
INSERT INTO `cpidf` VALUES ('65', '1', '0', null, null, null, null, null, null, null, null, null, null, null, null, null, null, null, null, null);
INSERT INTO `cpidf` VALUES ('65', '2', '0', null, null, null, null, null, '1', null, null, null, null, null, null, null, null, null, null, '1');
INSERT INTO `cpidf` VALUES ('66', '1', '0', null, null, null, null, null, null, null, null, null, null, null, null, null, null, null, null, null);
INSERT INTO `cpidf` VALUES ('66', '2', '0', null, null, null, null, null, null, null, null, null, null, null, null, '1', null, null, null, null);
INSERT INTO `cpidf` VALUES ('67', '1', '0', null, null, null, null, null, null, null, null, null, null, null, null, null, null, null, null, null);
INSERT INTO `cpidf` VALUES ('67', '2', '0', null, null, null, null, null, null, null, null, null, null, null, null, null, null, '1', null, null);
INSERT INTO `cpidf` VALUES ('68', '1', '0', null, null, null, null, null, null, null, null, null, null, null, null, null, null, null, null, null);
INSERT INTO `cpidf` VALUES ('68', '2', '0', null, null, null, null, null, null, null, '1', null, null, null, null, null, null, null, null, null);
INSERT INTO `cpidf` VALUES ('69', '1', '0', null, null, null, null, null, null, null, null, null, null, null, null, null, null, null, null, null);
INSERT INTO `cpidf` VALUES ('69', '2', '0', null, null, null, null, null, '1', null, null, null, null, null, null, null, null, null, null, null);
INSERT INTO `cpidf` VALUES ('70', '1', '0', null, null, null, null, null, null, null, null, null, null, null, null, null, null, null, null, null);
INSERT INTO `cpidf` VALUES ('70', '2', '0', null, null, null, null, null, null, null, null, null, null, null, null, '1', null, null, null, null);
INSERT INTO `cpidf` VALUES ('71', '1', '0', null, null, null, null, null, null, '1', null, null, null, null, null, null, null, null, null, '1');
INSERT INTO `cpidf` VALUES ('71', '2', '0', null, null, null, null, null, null, null, null, null, null, null, null, null, null, null, null, null);
INSERT INTO `cpidf` VALUES ('72', '1', '0', null, null, null, null, null, null, null, null, null, null, null, null, null, null, null, null, null);
INSERT INTO `cpidf` VALUES ('72', '2', '0', null, '1', null, null, null, null, null, null, null, null, null, '1', null, null, '1', null, null);
INSERT INTO `cpidf` VALUES ('73', '1', '0', null, null, null, null, null, null, null, null, null, null, null, null, null, null, null, null, null);
INSERT INTO `cpidf` VALUES ('73', '2', '0', null, null, null, null, null, null, null, null, null, '1', null, null, null, null, null, null, null);
INSERT INTO `cpidf` VALUES ('74', '1', '0', null, null, null, null, null, null, null, null, null, null, null, null, null, null, null, null, null);
INSERT INTO `cpidf` VALUES ('74', '2', '0', null, null, null, null, null, null, null, '1', '1', null, null, null, null, null, null, null, null);
INSERT INTO `cpidf` VALUES ('75', '1', '0', null, null, null, null, null, null, null, null, null, null, null, null, null, null, null, null, null);
INSERT INTO `cpidf` VALUES ('75', '2', '0', null, null, null, null, null, null, null, null, null, '1', null, null, null, null, null, null, null);
INSERT INTO `cpidf` VALUES ('76', '1', '0', null, null, null, null, null, null, null, null, null, null, null, null, null, null, null, null, null);
INSERT INTO `cpidf` VALUES ('76', '2', '0', null, null, null, null, null, null, null, null, null, null, null, '1', null, null, null, null, null);
INSERT INTO `cpidf` VALUES ('77', '1', '0', null, null, null, null, null, null, null, null, null, null, null, null, null, null, null, null, null);
INSERT INTO `cpidf` VALUES ('77', '2', '0', null, null, null, null, null, null, null, null, '1', null, null, null, null, null, null, null, null);
INSERT INTO `cpidf` VALUES ('78', '1', '0', null, null, null, null, null, null, null, null, null, null, null, null, null, null, null, null, null);
INSERT INTO `cpidf` VALUES ('78', '2', '0', null, null, null, null, null, null, null, null, null, '1', null, null, null, null, null, null, null);
INSERT INTO `cpidf` VALUES ('79', '1', '0', '1', null, null, null, null, null, null, null, null, null, null, null, null, null, null, null, null);
INSERT INTO `cpidf` VALUES ('79', '2', '0', null, null, null, null, null, null, null, null, null, null, null, null, null, null, null, null, null);
INSERT INTO `cpidf` VALUES ('80', '1', '0', null, null, null, null, null, null, null, null, null, null, null, null, null, null, null, null, null);
INSERT INTO `cpidf` VALUES ('80', '2', '0', null, null, null, null, null, null, null, null, null, null, null, '1', null, null, null, null, null);
INSERT INTO `cpidf` VALUES ('81', '1', '0', null, '1', null, null, null, null, null, null, null, null, null, null, null, null, null, null, null);
INSERT INTO `cpidf` VALUES ('81', '2', '0', null, null, null, null, null, null, null, null, null, null, null, null, null, null, null, null, null);
INSERT INTO `cpidf` VALUES ('82', '1', '0', null, null, null, null, null, null, null, null, null, null, null, null, null, null, null, null, null);
INSERT INTO `cpidf` VALUES ('82', '2', '0', null, null, null, null, null, '1', '1', null, null, null, null, null, null, null, null, null, null);
INSERT INTO `cpidf` VALUES ('83', '1', '1', '1', '1', null, null, null, null, null, null, null, null, null, null, null, '1', null, null, null);
INSERT INTO `cpidf` VALUES ('83', '2', '0', null, null, null, null, null, null, null, null, null, null, null, null, null, null, null, null, null);
INSERT INTO `cpidf` VALUES ('84', '1', '0', null, null, null, null, null, null, '1', null, null, null, null, null, null, null, null, null, null);
INSERT INTO `cpidf` VALUES ('84', '2', '0', null, null, null, null, null, null, null, null, null, null, null, null, null, null, null, null, null);
INSERT INTO `cpidf` VALUES ('85', '1', '0', null, null, null, null, null, null, null, null, null, null, null, null, null, null, null, null, null);
INSERT INTO `cpidf` VALUES ('85', '2', '0', null, null, null, null, null, null, null, '1', null, '1', null, null, null, null, null, null, null);
INSERT INTO `cpidf` VALUES ('86', '1', '0', null, null, null, null, null, null, null, null, null, null, null, null, null, null, null, null, null);
INSERT INTO `cpidf` VALUES ('86', '2', '0', null, null, null, null, null, null, null, '1', null, null, null, '1', null, null, null, null, null);
INSERT INTO `cpidf` VALUES ('87', '1', '0', null, null, null, null, null, null, null, null, null, null, null, null, null, null, null, null, null);
INSERT INTO `cpidf` VALUES ('87', '2', '0', null, null, null, null, null, null, null, null, null, null, null, '1', null, null, null, null, null);
INSERT INTO `cpidf` VALUES ('88', '1', '0', null, null, null, null, null, null, null, null, null, null, null, null, null, null, null, null, null);
INSERT INTO `cpidf` VALUES ('88', '2', '0', null, null, null, null, null, null, null, null, '1', null, null, null, null, null, null, null, null);
INSERT INTO `cpidf` VALUES ('89', '1', '0', null, null, null, null, null, null, null, null, null, null, null, null, null, null, null, null, null);
INSERT INTO `cpidf` VALUES ('89', '2', '1', null, null, '1', '1', null, null, null, null, null, null, null, null, null, null, null, null, null);
INSERT INTO `cpidf` VALUES ('90', '1', '0', null, null, null, null, null, null, null, null, null, null, null, null, null, null, null, null, null);
INSERT INTO `cpidf` VALUES ('90', '2', '0', null, null, null, null, null, null, null, '1', null, '1', null, null, null, null, null, null, null);
INSERT INTO `cpidf` VALUES ('91', '1', '1', null, null, null, '1', null, null, null, null, null, null, null, null, null, null, null, null, null);
INSERT INTO `cpidf` VALUES ('91', '2', '0', null, null, null, null, null, null, null, null, null, null, null, null, null, null, null, null, null);
INSERT INTO `cpidf` VALUES ('92', '1', '0', null, null, null, null, null, null, null, null, null, null, null, null, null, null, null, null, null);
INSERT INTO `cpidf` VALUES ('92', '2', '0', null, null, null, null, null, null, null, '1', '1', null, null, null, null, null, null, null, null);
INSERT INTO `cpidf` VALUES ('93', '1', '0', null, null, null, null, null, null, null, null, null, null, null, null, null, null, null, null, null);
INSERT INTO `cpidf` VALUES ('93', '2', '0', null, null, null, null, null, null, null, null, '1', null, null, null, null, null, null, null, null);
INSERT INTO `cpidf` VALUES ('94', '1', '0', null, null, null, null, null, null, null, null, null, null, null, null, null, null, null, null, null);
INSERT INTO `cpidf` VALUES ('94', '2', '0', null, null, null, null, null, null, null, '1', null, null, null, null, null, null, '1', null, null);
INSERT INTO `cpidf` VALUES ('95', '1', '0', null, null, null, null, null, null, null, null, null, null, null, null, null, null, null, null, null);
INSERT INTO `cpidf` VALUES ('95', '2', '0', '1', null, null, null, null, null, null, null, null, null, null, null, null, null, null, null, null);
INSERT INTO `cpidf` VALUES ('96', '1', '0', null, null, null, null, null, null, null, null, null, null, null, null, null, null, null, null, null);
INSERT INTO `cpidf` VALUES ('96', '2', '0', null, null, null, null, '1', null, null, '1', null, null, null, null, null, null, null, null, null);
INSERT INTO `cpidf` VALUES ('97', '1', '0', null, null, null, null, null, null, null, null, null, null, null, null, null, null, null, null, null);
INSERT INTO `cpidf` VALUES ('97', '2', '0', null, null, null, null, null, null, null, null, null, null, null, null, null, null, null, null, null);
INSERT INTO `cpidf` VALUES ('98', '1', '0', null, null, null, null, null, null, null, null, null, null, null, null, null, null, null, null, null);
INSERT INTO `cpidf` VALUES ('98', '2', '0', null, null, null, null, null, null, null, null, null, null, null, '1', null, null, null, null, null);
INSERT INTO `cpidf` VALUES ('99', '1', '0', '1', null, '1', null, null, null, null, null, null, null, null, null, null, '1', null, null, null);
INSERT INTO `cpidf` VALUES ('99', '2', '0', null, null, null, null, null, null, null, null, null, null, null, null, null, null, null, null, null);
INSERT INTO `cpidf` VALUES ('100', '1', '0', null, null, null, null, null, null, null, null, null, null, null, null, null, null, null, null, null);
INSERT INTO `cpidf` VALUES ('100', '2', '0', null, null, null, null, null, null, null, null, null, '1', null, null, null, null, null, null, null);
INSERT INTO `cpidf` VALUES ('101', '1', '0', null, null, null, null, null, null, null, null, null, null, null, null, null, null, null, null, null);
INSERT INTO `cpidf` VALUES ('101', '2', '0', null, null, null, null, null, '1', null, null, null, null, null, null, null, null, null, null, null);
INSERT INTO `cpidf` VALUES ('102', '1', '0', null, null, null, null, null, null, null, null, null, null, null, null, null, null, null, null, null);
INSERT INTO `cpidf` VALUES ('102', '2', '0', null, null, null, null, null, null, null, null, '1', null, null, null, '1', null, null, null, null);
INSERT INTO `cpidf` VALUES ('103', '1', '0', null, null, '1', null, null, null, null, null, null, null, null, null, null, null, null, null, null);
INSERT INTO `cpidf` VALUES ('103', '2', '0', null, null, null, null, null, null, null, null, null, null, null, null, null, null, null, null, null);
INSERT INTO `cpidf` VALUES ('104', '1', '0', null, null, null, null, null, null, null, null, null, null, null, null, null, null, null, null, null);
INSERT INTO `cpidf` VALUES ('104', '2', '0', null, null, null, null, null, '1', null, null, null, null, null, null, null, null, null, null, '1');
INSERT INTO `cpidf` VALUES ('105', '1', '0', null, null, null, null, null, null, null, null, null, null, null, null, null, null, null, null, null);
INSERT INTO `cpidf` VALUES ('105', '2', '0', null, null, null, null, null, null, null, null, null, null, null, null, null, null, '1', null, null);
INSERT INTO `cpidf` VALUES ('106', '1', '0', null, null, null, null, null, '1', null, null, null, null, null, null, null, null, null, null, null);
INSERT INTO `cpidf` VALUES ('106', '2', '0', null, null, null, null, null, null, null, null, null, null, null, null, null, null, null, null, null);
INSERT INTO `cpidf` VALUES ('107', '1', '0', null, null, null, null, null, null, null, null, null, null, null, null, null, null, null, null, null);
INSERT INTO `cpidf` VALUES ('107', '2', '0', null, null, null, null, null, null, '1', null, null, null, null, '1', null, null, null, null, '1');
INSERT INTO `cpidf` VALUES ('108', '1', '0', null, null, null, null, null, null, null, null, null, null, null, null, null, null, null, null, '1');
INSERT INTO `cpidf` VALUES ('108', '2', '0', null, null, null, null, null, null, null, null, null, null, null, null, null, null, null, null, null);
INSERT INTO `cpidf` VALUES ('109', '1', '0', null, null, null, null, null, null, null, null, null, null, null, null, null, null, null, null, null);
INSERT INTO `cpidf` VALUES ('109', '2', '0', null, null, null, null, null, null, null, null, null, null, null, null, null, null, null, null, null);
INSERT INTO `cpidf` VALUES ('110', '1', '0', null, null, null, null, null, null, null, null, null, null, null, null, null, null, null, null, null);
INSERT INTO `cpidf` VALUES ('110', '2', '0', null, null, null, null, null, null, null, null, '1', null, null, null, null, null, null, null, null);
INSERT INTO `cpidf` VALUES ('111', '1', '0', null, null, null, null, null, null, null, null, null, null, null, null, null, null, null, null, null);
INSERT INTO `cpidf` VALUES ('111', '2', '0', null, null, null, null, null, null, null, null, null, null, null, null, '1', null, null, null, null);
INSERT INTO `cpidf` VALUES ('112', '1', '0', null, null, null, null, null, null, null, null, null, null, null, null, null, null, null, null, null);
INSERT INTO `cpidf` VALUES ('112', '2', '0', null, null, null, null, null, null, null, null, null, null, null, null, null, null, '1', null, null);
INSERT INTO `cpidf` VALUES ('113', '1', '0', null, null, null, null, null, null, null, null, null, null, null, null, null, null, null, null, null);
INSERT INTO `cpidf` VALUES ('113', '2', '0', '1', null, '1', '1', null, null, null, null, null, null, null, null, null, null, null, null, null);
INSERT INTO `cpidf` VALUES ('114', '1', '0', null, null, null, null, null, null, null, null, null, null, null, null, null, null, null, null, null);
INSERT INTO `cpidf` VALUES ('114', '2', '0', null, null, null, null, null, null, null, null, null, null, null, null, null, null, '1', null, null);
INSERT INTO `cpidf` VALUES ('115', '1', '0', null, null, null, null, null, null, null, null, null, null, null, null, null, null, null, null, null);
INSERT INTO `cpidf` VALUES ('115', '2', '0', '1', null, null, null, null, null, null, null, null, null, null, null, null, null, null, null, null);
INSERT INTO `cpidf` VALUES ('116', '1', '0', null, null, '1', null, null, null, null, null, null, null, null, null, null, null, null, null, null);
INSERT INTO `cpidf` VALUES ('116', '2', '0', null, null, null, null, null, null, null, '1', null, '1', null, null, null, null, null, null, null);
INSERT INTO `cpidf` VALUES ('117', '1', '0', null, null, null, null, null, null, null, null, null, null, null, null, null, null, null, null, null);
INSERT INTO `cpidf` VALUES ('117', '2', '0', null, null, null, null, '1', null, null, null, null, null, null, '1', null, null, null, null, null);
INSERT INTO `cpidf` VALUES ('118', '1', '0', null, null, null, null, null, null, null, null, null, null, null, null, null, null, null, null, null);
INSERT INTO `cpidf` VALUES ('118', '2', '0', null, null, null, null, null, null, null, null, null, '1', null, null, null, null, null, null, null);
INSERT INTO `cpidf` VALUES ('119', '1', '0', null, null, null, null, null, null, null, null, null, null, null, null, null, null, null, null, null);
INSERT INTO `cpidf` VALUES ('119', '2', '0', null, null, null, null, null, null, null, null, null, null, null, null, '1', null, null, null, null);
INSERT INTO `cpidf` VALUES ('120', '1', '0', null, '1', null, null, null, null, null, null, null, null, null, null, null, null, null, null, null);
INSERT INTO `cpidf` VALUES ('120', '2', '0', null, null, null, null, null, null, null, null, null, null, null, null, null, null, null, null, null);
INSERT INTO `cpidf` VALUES ('121', '1', '0', null, null, null, null, null, null, null, null, null, null, null, null, null, null, null, null, null);
INSERT INTO `cpidf` VALUES ('121', '2', '0', null, null, null, null, null, null, null, '1', null, null, null, '1', null, null, null, null, null);
INSERT INTO `cpidf` VALUES ('122', '1', '0', null, null, null, null, null, null, null, null, null, null, null, null, null, null, null, null, '1');
INSERT INTO `cpidf` VALUES ('122', '2', '0', null, null, null, null, null, null, null, null, null, null, null, null, null, null, null, null, null);
INSERT INTO `cpidf` VALUES ('123', '1', '0', null, null, null, null, null, null, null, null, null, null, null, null, null, null, null, null, null);
INSERT INTO `cpidf` VALUES ('123', '2', '0', null, null, null, null, null, null, null, null, '1', null, null, null, null, null, null, null, null);
INSERT INTO `cpidf` VALUES ('124', '1', '0', null, null, null, null, null, null, null, null, null, null, null, null, null, null, null, null, null);
INSERT INTO `cpidf` VALUES ('124', '2', '0', null, null, null, null, null, null, null, null, null, null, null, null, null, null, null, null, '1');
INSERT INTO `cpidf` VALUES ('125', '1', '0', null, null, null, null, null, null, null, null, null, null, null, null, null, null, null, null, null);
INSERT INTO `cpidf` VALUES ('125', '2', '0', null, null, null, null, null, null, null, null, null, null, null, '1', null, null, null, null, null);
INSERT INTO `cpidf` VALUES ('126', '1', '0', null, null, '1', null, null, null, null, null, null, null, null, null, null, null, null, null, null);
INSERT INTO `cpidf` VALUES ('126', '2', '0', null, null, null, null, null, null, null, null, null, null, null, null, null, null, null, null, null);
INSERT INTO `cpidf` VALUES ('127', '1', '0', null, null, null, null, null, null, null, null, null, null, null, null, null, null, null, null, null);
INSERT INTO `cpidf` VALUES ('127', '2', '0', null, null, null, null, null, null, null, null, null, null, null, null, '1', null, null, null, null);
INSERT INTO `cpidf` VALUES ('128', '1', '0', null, null, null, null, null, null, null, null, null, null, null, null, null, null, null, null, null);
INSERT INTO `cpidf` VALUES ('128', '2', '0', null, null, null, null, null, null, null, null, null, null, null, null, '1', null, null, null, null);
INSERT INTO `cpidf` VALUES ('129', '1', '0', null, null, null, null, null, null, null, null, null, null, null, null, null, null, null, null, null);
INSERT INTO `cpidf` VALUES ('129', '2', '0', null, null, null, null, null, null, null, '1', '1', null, null, null, null, null, null, null, null);
INSERT INTO `cpidf` VALUES ('130', '1', '0', null, null, null, null, null, null, null, null, null, null, null, null, null, null, null, null, null);
INSERT INTO `cpidf` VALUES ('130', '2', '1', null, '1', null, '1', null, null, null, null, null, null, null, null, null, '1', null, null, null);
INSERT INTO `cpidf` VALUES ('131', '1', '0', null, null, '1', null, null, null, null, null, null, null, null, null, null, null, null, null, null);
INSERT INTO `cpidf` VALUES ('131', '2', '0', null, null, null, null, null, null, null, null, null, null, null, null, null, null, null, null, null);
INSERT INTO `cpidf` VALUES ('132', '1', '0', null, null, null, null, null, null, null, null, null, null, null, null, null, null, null, null, null);
INSERT INTO `cpidf` VALUES ('132', '2', '0', null, null, null, null, null, '1', null, null, null, null, null, null, null, null, null, null, null);
INSERT INTO `cpidf` VALUES ('133', '1', '0', null, null, null, null, null, null, null, null, null, null, null, null, null, null, null, null, null);
INSERT INTO `cpidf` VALUES ('133', '2', '0', null, null, null, null, null, null, null, null, null, '1', null, null, null, null, null, null, null);
INSERT INTO `cpidf` VALUES ('134', '1', '0', null, null, null, null, null, null, null, null, null, null, null, null, null, null, null, null, null);
INSERT INTO `cpidf` VALUES ('134', '2', '0', null, null, null, null, '1', null, null, null, '1', null, null, null, null, null, null, null, null);
INSERT INTO `cpidf` VALUES ('135', '1', '0', null, null, null, null, null, null, null, null, null, null, null, null, null, null, null, null, null);
INSERT INTO `cpidf` VALUES ('135', '2', '0', null, null, null, null, null, null, null, '1', null, null, null, null, null, null, null, null, null);
INSERT INTO `cpidf` VALUES ('136', '1', '0', null, '1', null, null, null, null, null, null, null, null, null, null, null, '1', null, null, null);
INSERT INTO `cpidf` VALUES ('136', '2', '0', null, null, null, null, null, null, null, null, null, null, null, null, null, null, null, null, null);
INSERT INTO `cpidf` VALUES ('137', '1', '0', null, null, null, null, null, null, null, null, null, null, null, null, null, null, null, null, null);
INSERT INTO `cpidf` VALUES ('137', '2', '0', null, null, null, null, null, null, null, null, null, null, null, '1', null, null, null, null, null);
INSERT INTO `cpidf` VALUES ('138', '1', '0', null, null, null, null, null, null, null, null, null, null, null, null, null, null, null, null, '1');
INSERT INTO `cpidf` VALUES ('138', '2', '0', null, null, null, null, null, null, null, null, null, null, null, null, null, null, null, null, null);
INSERT INTO `cpidf` VALUES ('139', '1', '0', null, null, null, null, null, null, null, null, null, null, null, null, null, null, null, null, null);
INSERT INTO `cpidf` VALUES ('139', '2', '0', '1', null, null, null, null, null, null, null, null, null, null, null, '1', null, null, null, null);
INSERT INTO `cpidf` VALUES ('140', '1', '0', null, null, null, null, null, null, null, null, null, null, null, null, null, null, null, null, null);
INSERT INTO `cpidf` VALUES ('140', '2', '0', null, null, null, null, null, null, null, null, null, null, null, null, null, null, null, null, '1');
INSERT INTO `cpidf` VALUES ('141', '1', '0', null, null, null, null, null, null, null, null, null, null, null, null, null, null, null, null, null);
INSERT INTO `cpidf` VALUES ('141', '2', '0', null, null, null, null, null, null, null, '1', null, '1', null, null, null, null, null, null, null);
INSERT INTO `cpidf` VALUES ('142', '1', '0', null, null, null, null, null, null, null, '1', null, null, null, null, null, null, null, null, null);
INSERT INTO `cpidf` VALUES ('142', '2', '0', null, null, null, null, null, null, null, null, null, null, null, null, null, null, null, null, null);
INSERT INTO `cpidf` VALUES ('143', '1', '0', null, null, null, null, null, '1', null, null, null, null, null, null, null, null, null, null, null);
INSERT INTO `cpidf` VALUES ('143', '2', '0', null, null, null, null, null, null, null, null, null, null, null, null, null, null, null, null, null);
INSERT INTO `cpidf` VALUES ('144', '1', '0', null, null, null, null, null, null, null, null, null, null, null, null, null, null, null, null, null);
INSERT INTO `cpidf` VALUES ('144', '2', '0', null, null, null, null, null, null, null, null, null, null, null, '1', null, null, null, null, null);
INSERT INTO `cpidf` VALUES ('145', '1', '0', null, null, null, null, null, null, null, null, null, null, null, null, null, null, null, null, null);
INSERT INTO `cpidf` VALUES ('145', '2', '0', null, null, null, null, null, null, null, null, null, null, null, null, null, null, '1', null, null);
INSERT INTO `cpidf` VALUES ('146', '1', '0', null, '1', null, null, null, null, null, null, null, null, null, null, null, '1', null, null, null);
INSERT INTO `cpidf` VALUES ('146', '2', '0', null, null, null, null, null, null, null, null, null, null, null, null, null, null, null, null, null);
INSERT INTO `cpidf` VALUES ('147', '1', '0', null, null, null, null, null, null, null, null, null, null, null, null, null, null, null, null, null);
INSERT INTO `cpidf` VALUES ('147', '2', '0', null, '1', null, '1', null, null, null, null, null, null, null, null, null, null, null, null, null);
INSERT INTO `cpidf` VALUES ('148', '1', '0', null, null, null, null, null, null, null, null, null, null, null, null, null, null, null, null, null);
INSERT INTO `cpidf` VALUES ('148', '2', '0', null, null, null, null, null, null, null, null, '1', null, null, null, null, null, null, null, null);
INSERT INTO `cpidf` VALUES ('149', '1', '0', '1', null, null, null, null, null, null, null, null, null, null, null, null, null, null, null, null);
INSERT INTO `cpidf` VALUES ('149', '2', '0', null, null, null, null, null, null, null, null, null, null, null, null, null, null, null, null, null);
INSERT INTO `cpidf` VALUES ('150', '1', '0', null, null, null, null, null, null, null, null, null, null, null, null, null, null, null, null, null);
INSERT INTO `cpidf` VALUES ('150', '2', '0', null, null, null, null, null, '1', null, null, null, null, null, null, null, null, null, null, null);
INSERT INTO `cpidf` VALUES ('151', '1', '0', null, null, null, null, null, null, null, null, null, null, null, null, null, null, null, null, null);
INSERT INTO `cpidf` VALUES ('151', '2', '0', null, null, null, null, null, null, null, null, null, '1', null, null, null, null, null, null, null);
INSERT INTO `cpidf` VALUES ('152', '1', '0', null, null, null, null, null, null, null, null, null, null, null, null, null, null, null, null, null);
INSERT INTO `cpidf` VALUES ('152', '2', '0', null, null, null, null, null, null, null, '1', '1', null, null, null, '1', null, null, null, null);
INSERT INTO `cpidf` VALUES ('153', '1', '1', null, null, null, null, null, null, null, null, null, null, null, null, null, null, null, null, null);
INSERT INTO `cpidf` VALUES ('153', '2', '0', null, null, null, null, null, null, null, null, null, null, null, null, null, null, null, null, null);
INSERT INTO `cpidf` VALUES ('154', '1', '0', null, null, null, '1', null, null, null, null, null, null, null, null, null, null, null, null, null);
INSERT INTO `cpidf` VALUES ('154', '2', '0', null, null, null, null, null, null, null, '1', null, null, null, null, null, null, null, null, null);
INSERT INTO `cpidf` VALUES ('155', '1', '0', null, null, null, null, null, null, null, null, null, null, null, null, null, null, null, null, null);
INSERT INTO `cpidf` VALUES ('155', '2', '0', null, null, null, null, '1', null, null, '1', null, null, null, null, null, null, null, null, null);
INSERT INTO `cpidf` VALUES ('156', '1', '0', null, null, null, null, null, null, null, null, null, null, null, null, null, null, null, null, null);
INSERT INTO `cpidf` VALUES ('156', '2', '0', null, null, null, null, null, null, null, '1', null, null, null, null, null, null, null, null, null);
INSERT INTO `cpidf` VALUES ('157', '1', '0', null, null, null, null, null, null, null, null, null, null, null, null, null, null, null, null, null);
INSERT INTO `cpidf` VALUES ('157', '2', '0', null, null, null, null, null, null, '1', null, null, null, null, null, null, null, null, null, null);
INSERT INTO `cpidf` VALUES ('158', '1', '0', null, null, null, null, null, null, null, null, null, null, null, null, null, null, null, null, null);
INSERT INTO `cpidf` VALUES ('158', '2', '0', null, null, null, null, null, null, null, null, null, null, '1', null, null, null, null, null, null);
INSERT INTO `cpidf` VALUES ('159', '1', '0', null, null, null, null, null, null, null, null, null, null, null, null, null, null, null, null, null);
INSERT INTO `cpidf` VALUES ('159', '2', '0', null, null, null, null, '1', null, null, null, null, null, null, null, null, null, null, null, null);
INSERT INTO `cpidf` VALUES ('160', '1', '0', null, null, null, null, null, null, null, null, null, null, '1', null, null, null, null, null, null);
INSERT INTO `cpidf` VALUES ('160', '2', '0', null, null, null, null, null, null, null, null, null, null, null, null, null, null, null, null, null);
INSERT INTO `cpidf` VALUES ('161', '1', '1', null, null, null, null, null, null, null, null, null, null, null, null, null, null, null, null, null);
INSERT INTO `cpidf` VALUES ('161', '2', '0', null, null, null, null, null, null, null, null, null, null, null, null, null, null, null, null, null);
INSERT INTO `cpidf` VALUES ('162', '1', '0', null, null, null, null, null, null, null, null, null, null, null, null, null, null, null, null, null);
INSERT INTO `cpidf` VALUES ('162', '2', '0', null, null, null, null, null, null, null, null, null, null, '1', null, null, null, null, null, null);
INSERT INTO `cpidf` VALUES ('163', '1', '0', null, null, null, null, null, null, null, null, null, null, null, null, null, null, null, null, null);
INSERT INTO `cpidf` VALUES ('163', '2', '0', null, null, null, null, null, null, null, null, null, null, '1', null, null, null, null, null, null);
INSERT INTO `cpidf` VALUES ('164', '1', '0', null, null, null, null, null, null, null, null, null, null, null, null, null, null, null, null, null);
INSERT INTO `cpidf` VALUES ('164', '2', '0', null, null, null, null, null, null, null, null, null, null, null, null, null, null, null, '1', null);
INSERT INTO `cpidf` VALUES ('165', '1', '0', null, null, null, null, null, null, null, null, null, null, null, null, null, null, null, null, null);
INSERT INTO `cpidf` VALUES ('165', '2', '0', null, null, null, null, null, null, null, null, null, null, null, null, null, null, null, '1', null);
INSERT INTO `cpidf` VALUES ('166', '1', '0', null, null, null, null, null, null, null, null, null, null, null, null, null, null, null, null, null);
INSERT INTO `cpidf` VALUES ('166', '2', '0', null, null, null, null, '1', null, null, null, null, null, null, null, null, null, null, null, null);
INSERT INTO `cpidf` VALUES ('167', '1', '0', null, null, null, null, null, null, null, null, null, null, null, null, null, null, null, '1', null);
INSERT INTO `cpidf` VALUES ('167', '2', '0', null, null, null, null, null, null, null, null, null, null, null, null, null, null, null, null, null);
INSERT INTO `cpidf` VALUES ('168', '1', '0', null, null, null, null, null, null, null, null, null, null, null, null, null, null, null, null, null);
INSERT INTO `cpidf` VALUES ('168', '2', '0', null, null, null, null, null, null, null, null, null, null, '1', null, null, null, null, null, null);
INSERT INTO `cpidf` VALUES ('169', '1', '0', null, null, null, null, null, null, '1', null, null, null, null, null, null, null, null, null, null);
INSERT INTO `cpidf` VALUES ('169', '2', '0', null, null, null, null, null, null, null, null, null, null, null, null, null, null, null, null, null);
INSERT INTO `cpidf` VALUES ('170', '1', '0', null, null, null, null, null, null, null, null, null, null, null, null, null, null, null, null, null);
INSERT INTO `cpidf` VALUES ('170', '2', '1', null, null, null, null, null, null, null, null, null, null, null, null, null, null, null, null, null);
INSERT INTO `cpidf` VALUES ('171', '1', '0', null, null, null, null, null, null, null, null, null, null, null, null, null, null, null, null, null);
INSERT INTO `cpidf` VALUES ('171', '2', '0', null, null, null, null, null, null, '1', null, null, null, null, null, null, null, null, null, null);
INSERT INTO `cpidf` VALUES ('172', '1', '0', null, null, null, null, null, null, null, null, null, null, null, null, null, null, null, null, null);
INSERT INTO `cpidf` VALUES ('172', '2', '0', null, null, null, null, '1', null, null, null, null, null, null, null, null, null, null, null, null);
INSERT INTO `cpidf` VALUES ('173', '1', '0', null, null, null, null, null, null, null, null, null, null, '1', null, null, null, null, null, null);
INSERT INTO `cpidf` VALUES ('173', '2', '0', null, null, null, null, null, null, null, null, null, null, null, null, null, null, null, null, null);
INSERT INTO `cpidf` VALUES ('174', '1', '1', null, null, null, null, null, null, null, null, null, null, null, null, null, null, null, null, null);
INSERT INTO `cpidf` VALUES ('174', '2', '0', null, null, null, null, null, null, null, null, null, null, null, null, null, null, null, null, null);
INSERT INTO `cpidf` VALUES ('175', '1', '0', null, null, null, null, null, null, null, null, null, null, null, null, null, null, null, null, null);
INSERT INTO `cpidf` VALUES ('175', '2', '0', null, null, null, null, null, null, null, null, null, null, null, null, null, null, null, '1', null);
INSERT INTO `cpidf` VALUES ('176', '1', '0', null, null, null, null, null, null, null, null, null, null, null, null, null, null, null, null, null);
INSERT INTO `cpidf` VALUES ('176', '2', '0', null, null, null, null, null, null, null, null, null, null, '1', null, null, null, null, null, null);
INSERT INTO `cpidf` VALUES ('177', '1', '0', null, null, null, null, null, null, null, null, null, null, null, null, null, null, null, null, null);
INSERT INTO `cpidf` VALUES ('177', '2', '0', null, null, null, null, null, null, null, null, null, null, '1', null, null, null, null, null, null);
INSERT INTO `cpidf` VALUES ('178', '1', '0', null, null, null, null, null, null, null, null, null, null, null, null, null, null, null, null, null);
INSERT INTO `cpidf` VALUES ('178', '2', '0', null, null, null, null, '1', null, null, null, null, null, null, null, null, null, null, null, null);
INSERT INTO `cpidf` VALUES ('179', '1', '0', null, null, null, null, null, null, null, null, null, null, null, null, null, null, null, null, null);
INSERT INTO `cpidf` VALUES ('179', '2', '0', null, null, null, null, null, null, null, null, null, null, null, null, null, '1', null, null, null);
INSERT INTO `cpidf` VALUES ('180', '1', '0', null, null, null, null, null, null, null, null, null, null, null, null, null, null, null, null, null);
INSERT INTO `cpidf` VALUES ('180', '2', '0', null, null, null, null, '1', null, null, null, null, null, null, null, null, null, null, null, null);
INSERT INTO `cpidf` VALUES ('181', '1', '1', null, null, null, null, null, null, null, null, null, null, null, null, null, null, null, null, null);
INSERT INTO `cpidf` VALUES ('181', '2', '0', null, null, null, null, null, null, null, null, null, null, null, null, null, null, null, null, null);
INSERT INTO `cpidf` VALUES ('182', '1', '0', null, null, null, null, null, null, null, null, null, null, null, null, null, null, null, null, null);
INSERT INTO `cpidf` VALUES ('182', '2', '0', null, null, null, null, null, null, null, null, null, null, '1', null, null, null, null, null, null);
INSERT INTO `cpidf` VALUES ('183', '1', '0', null, null, null, null, null, null, null, null, null, null, null, null, null, null, null, null, null);
INSERT INTO `cpidf` VALUES ('183', '2', '0', null, null, null, null, null, null, null, null, null, null, null, null, null, null, null, '1', null);
INSERT INTO `cpidf` VALUES ('184', '1', '0', null, null, null, null, null, null, null, null, null, null, null, null, null, null, null, null, null);
INSERT INTO `cpidf` VALUES ('184', '2', '0', null, null, null, null, null, null, null, null, null, null, null, null, null, null, null, '1', null);
INSERT INTO `cpidf` VALUES ('185', '1', '0', null, null, null, null, null, null, null, null, null, null, null, null, null, null, null, null, null);
INSERT INTO `cpidf` VALUES ('185', '2', '0', null, null, null, null, null, null, null, null, null, null, null, null, null, '1', null, null, null);
INSERT INTO `cpidf` VALUES ('186', '1', '0', null, null, null, null, null, null, '1', null, null, null, null, null, null, null, null, null, null);
INSERT INTO `cpidf` VALUES ('186', '2', '0', null, null, null, null, null, null, null, null, null, null, null, null, null, null, null, null, null);
INSERT INTO `cpidf` VALUES ('187', '1', '0', null, null, null, null, null, null, null, null, null, null, null, null, null, null, null, null, null);
INSERT INTO `cpidf` VALUES ('187', '2', '0', null, null, null, null, '1', null, null, null, null, null, null, null, null, null, null, null, null);
INSERT INTO `cpidf` VALUES ('188', '1', '0', null, null, null, null, null, null, null, null, null, null, null, null, null, null, null, null, null);
INSERT INTO `cpidf` VALUES ('188', '2', '0', null, null, null, null, null, null, null, null, null, null, '1', null, null, null, null, null, null);
INSERT INTO `cpidf` VALUES ('189', '1', '0', null, null, null, null, null, null, null, null, null, null, null, null, null, null, null, null, null);
INSERT INTO `cpidf` VALUES ('189', '2', '0', null, null, null, null, null, null, null, null, null, null, null, null, null, null, null, '1', null);
INSERT INTO `cpidf` VALUES ('190', '1', '0', null, null, null, null, null, null, null, null, null, null, null, null, null, null, null, null, null);
INSERT INTO `cpidf` VALUES ('190', '2', '0', null, null, null, null, null, null, null, null, null, null, null, null, null, null, null, '1', null);
INSERT INTO `cpidf` VALUES ('191', '1', '0', null, null, null, null, null, null, null, null, null, null, null, null, null, null, null, null, null);
INSERT INTO `cpidf` VALUES ('191', '2', '0', null, null, null, null, '1', null, null, null, null, null, null, null, null, null, null, null, null);
INSERT INTO `cpidf` VALUES ('192', '1', '0', null, null, null, null, null, null, null, null, null, null, null, null, null, null, null, null, null);
INSERT INTO `cpidf` VALUES ('192', '2', '0', null, null, null, null, null, null, null, null, null, null, '1', null, null, null, null, null, null);
INSERT INTO `cpidf` VALUES ('193', '1', '0', null, null, null, null, null, null, null, null, null, null, null, null, null, null, null, null, null);
INSERT INTO `cpidf` VALUES ('193', '2', '1', null, null, null, null, null, null, null, null, null, null, null, null, null, null, null, null, null);
INSERT INTO `cpidf` VALUES ('194', '1', '0', null, null, null, null, null, null, null, null, null, null, null, null, null, null, null, null, null);
INSERT INTO `cpidf` VALUES ('194', '2', '0', null, null, null, null, null, null, null, null, null, null, null, null, null, null, null, '1', null);
INSERT INTO `cpidf` VALUES ('195', '1', '0', null, null, null, null, null, null, null, null, null, null, null, null, null, null, null, null, null);
INSERT INTO `cpidf` VALUES ('195', '2', '0', null, null, null, null, null, null, '1', null, null, null, null, null, null, null, null, null, null);
INSERT INTO `cpidf` VALUES ('196', '1', '0', null, null, null, null, null, null, null, null, null, null, null, null, null, null, null, null, null);
INSERT INTO `cpidf` VALUES ('196', '2', '0', null, null, null, null, null, null, '1', null, null, null, null, null, null, null, null, null, null);
INSERT INTO `cpidf` VALUES ('197', '1', '0', null, null, null, null, null, null, null, null, null, null, null, null, null, null, null, null, null);
INSERT INTO `cpidf` VALUES ('197', '2', '0', null, null, null, null, null, null, '1', null, null, null, null, null, null, null, null, null, null);
INSERT INTO `cpidf` VALUES ('198', '1', '0', null, null, null, null, null, null, null, null, null, null, null, null, null, null, null, null, null);
INSERT INTO `cpidf` VALUES ('198', '2', '0', null, null, null, null, null, null, null, null, null, null, null, null, null, null, null, '1', null);
INSERT INTO `cpidf` VALUES ('199', '1', '1', null, null, null, null, null, null, null, null, null, null, null, null, null, null, null, null, null);
INSERT INTO `cpidf` VALUES ('199', '2', '0', null, null, null, null, null, null, null, null, null, null, null, null, null, null, null, null, null);
INSERT INTO `cpidf` VALUES ('200', '1', '0', null, null, null, null, null, null, null, null, null, null, null, null, null, null, null, null, null);
INSERT INTO `cpidf` VALUES ('200', '2', '0', null, null, null, null, null, null, null, null, null, null, null, null, null, null, null, null, null);
INSERT INTO `cpidf` VALUES ('201', '1', '0', null, null, null, null, null, null, null, null, null, null, null, null, null, null, null, null, null);
INSERT INTO `cpidf` VALUES ('201', '2', '0', null, null, null, null, null, null, '1', null, null, null, null, null, null, null, null, null, null);
INSERT INTO `cpidf` VALUES ('202', '1', '0', null, null, null, null, null, null, null, null, null, null, null, null, null, null, null, null, null);
INSERT INTO `cpidf` VALUES ('202', '2', '0', null, null, null, null, '1', null, null, null, null, null, null, null, null, null, null, null, null);
INSERT INTO `cpidf` VALUES ('203', '1', '0', null, null, null, null, null, null, null, null, null, null, null, null, null, null, null, null, null);
INSERT INTO `cpidf` VALUES ('203', '2', '0', null, null, null, null, null, null, null, null, null, null, null, null, null, null, null, '1', null);
INSERT INTO `cpidf` VALUES ('204', '1', '0', null, null, null, null, null, null, null, null, null, null, null, null, null, null, null, null, null);
INSERT INTO `cpidf` VALUES ('204', '2', '0', null, null, null, null, '1', null, null, null, null, null, null, null, null, null, null, null, null);
INSERT INTO `cpidf` VALUES ('205', '1', '1', null, null, null, null, null, null, null, null, null, null, null, null, null, null, null, null, null);
INSERT INTO `cpidf` VALUES ('205', '2', '0', null, null, null, null, null, null, null, null, null, null, null, null, null, null, null, null, null);
INSERT INTO `cpidf` VALUES ('206', '1', '0', null, null, null, null, null, null, null, null, null, null, null, null, null, null, null, null, null);
INSERT INTO `cpidf` VALUES ('206', '2', '0', null, null, null, null, '1', null, null, null, null, null, null, null, null, null, null, null, null);
INSERT INTO `cpidf` VALUES ('207', '1', '0', null, null, null, null, null, null, null, null, null, null, null, null, null, null, null, null, null);
INSERT INTO `cpidf` VALUES ('207', '2', '0', null, null, null, null, null, null, '1', null, null, null, null, null, null, null, null, null, null);
INSERT INTO `cpidf` VALUES ('208', '1', '0', null, null, null, null, null, null, null, null, null, null, null, null, null, null, null, null, null);
INSERT INTO `cpidf` VALUES ('208', '2', '0', null, null, null, null, null, null, null, null, null, null, null, null, null, '1', null, null, null);
INSERT INTO `cpidf` VALUES ('209', '1', '0', null, null, null, null, null, null, null, null, null, null, null, null, null, null, null, null, null);
INSERT INTO `cpidf` VALUES ('209', '2', '1', null, null, null, null, null, null, null, null, null, null, null, null, null, null, null, null, null);
INSERT INTO `cpidf` VALUES ('210', '1', '0', null, null, null, null, null, null, null, null, null, null, null, null, null, null, null, null, null);
INSERT INTO `cpidf` VALUES ('210', '2', '0', null, null, null, null, null, null, null, null, null, null, null, null, null, '1', null, null, null);
INSERT INTO `cpidf` VALUES ('211', '1', '0', null, null, null, null, null, null, null, null, null, null, null, null, null, null, null, null, null);
INSERT INTO `cpidf` VALUES ('211', '2', '0', null, null, null, null, null, null, '1', null, null, null, null, null, null, null, null, null, null);
INSERT INTO `cpidf` VALUES ('212', '1', '0', null, null, null, null, null, null, null, null, null, null, null, null, null, null, null, null, null);
INSERT INTO `cpidf` VALUES ('212', '2', '0', null, null, null, null, null, null, null, null, null, null, null, null, null, '1', null, null, null);
INSERT INTO `cpidf` VALUES ('213', '1', '0', null, null, null, null, null, null, null, null, null, null, null, null, null, null, null, null, null);
INSERT INTO `cpidf` VALUES ('213', '2', '1', null, null, null, null, null, null, null, null, null, null, null, null, null, null, null, null, null);
INSERT INTO `cpidf` VALUES ('214', '1', '0', null, null, null, null, null, null, null, null, null, null, null, null, null, null, null, null, null);
INSERT INTO `cpidf` VALUES ('214', '2', '0', null, null, null, null, '1', null, null, null, null, null, null, null, null, null, null, null, null);
INSERT INTO `cpidf` VALUES ('215', '1', '0', null, null, null, null, null, null, null, null, null, null, '1', null, null, null, null, null, null);
INSERT INTO `cpidf` VALUES ('215', '2', '0', null, null, null, null, null, null, null, null, null, null, null, null, null, null, null, null, null);
INSERT INTO `cpidf` VALUES ('216', '1', '0', null, null, null, null, null, null, null, null, null, null, null, null, null, null, null, null, null);
INSERT INTO `cpidf` VALUES ('216', '2', '0', null, null, null, null, null, null, '1', null, null, null, null, null, null, null, null, null, null);
INSERT INTO `cpidf` VALUES ('217', '1', '0', null, null, null, null, null, null, null, null, null, null, null, null, null, null, null, null, null);
INSERT INTO `cpidf` VALUES ('217', '2', '0', null, null, null, null, '1', null, null, null, null, null, null, null, null, null, null, null, null);
INSERT INTO `cpidf` VALUES ('218', '1', '0', null, null, null, null, null, null, null, null, null, null, null, null, null, null, null, null, null);
INSERT INTO `cpidf` VALUES ('218', '2', '0', null, null, null, null, null, null, '1', null, null, null, null, null, null, null, null, null, null);
INSERT INTO `cpidf` VALUES ('219', '1', '0', null, null, null, null, null, null, null, null, null, null, null, null, null, null, null, null, null);
INSERT INTO `cpidf` VALUES ('219', '2', '0', null, null, null, null, null, null, '1', null, null, null, null, null, null, null, null, null, null);
INSERT INTO `cpidf` VALUES ('220', '1', '0', null, null, null, null, null, null, null, null, null, null, null, null, null, null, null, null, null);
INSERT INTO `cpidf` VALUES ('220', '2', '0', null, null, null, null, '1', null, null, null, null, null, null, null, null, null, null, null, null);
INSERT INTO `cpidf` VALUES ('221', '1', '0', null, null, null, null, null, null, '1', null, null, null, null, null, null, null, null, null, null);
INSERT INTO `cpidf` VALUES ('221', '2', '0', null, null, null, null, null, null, null, null, null, null, null, null, null, null, null, null, null);
INSERT INTO `cpidf` VALUES ('222', '1', '0', null, null, null, null, null, null, null, null, null, null, null, null, null, null, null, null, null);
INSERT INTO `cpidf` VALUES ('222', '2', '0', null, null, null, null, null, null, null, null, null, null, null, null, null, '1', null, null, null);
INSERT INTO `cpidf` VALUES ('223', '1', '0', null, null, null, null, null, null, null, null, null, null, null, null, null, null, null, null, null);
INSERT INTO `cpidf` VALUES ('223', '2', '0', null, null, null, null, null, null, null, null, null, null, null, null, null, null, null, '1', null);
INSERT INTO `cpidf` VALUES ('224', '1', '0', null, null, null, null, null, null, null, null, null, null, null, null, null, null, null, null, null);
INSERT INTO `cpidf` VALUES ('224', '2', '1', null, null, null, null, null, null, null, null, null, null, null, null, null, null, null, null, null);
INSERT INTO `cpidf` VALUES ('225', '1', '0', null, null, null, null, null, null, null, null, null, null, null, null, null, null, null, null, null);
INSERT INTO `cpidf` VALUES ('225', '2', '0', null, null, null, null, null, null, '1', null, null, null, null, null, null, null, null, null, null);
INSERT INTO `cpidf` VALUES ('226', '1', '0', null, null, null, null, null, null, null, null, null, null, '1', null, null, null, null, null, null);
INSERT INTO `cpidf` VALUES ('226', '2', '0', null, null, null, null, null, null, null, null, null, null, null, null, null, null, null, null, null);
INSERT INTO `cpidf` VALUES ('227', '1', '1', null, null, null, null, null, null, null, null, null, null, null, null, null, null, null, null, null);
INSERT INTO `cpidf` VALUES ('227', '2', '0', null, null, null, null, null, null, null, null, null, null, null, null, null, null, null, null, null);
INSERT INTO `cpidf` VALUES ('228', '1', '0', null, null, null, null, null, null, null, null, null, null, null, null, null, null, null, null, null);
INSERT INTO `cpidf` VALUES ('228', '2', '0', null, null, null, null, null, null, null, null, null, null, null, null, null, null, null, '1', null);
INSERT INTO `cpidf` VALUES ('229', '1', '0', null, null, null, null, null, null, null, null, null, null, null, null, null, null, null, null, null);
INSERT INTO `cpidf` VALUES ('229', '2', '0', null, null, null, null, null, null, '1', null, null, null, null, null, null, null, null, null, null);
INSERT INTO `cpidf` VALUES ('230', '1', '0', null, null, null, null, null, null, null, null, null, null, null, null, null, null, null, null, null);
INSERT INTO `cpidf` VALUES ('230', '2', '0', null, null, null, null, null, null, null, null, null, null, null, null, null, null, null, '1', null);

-- ----------------------------
-- Table structure for `cpidf_memory`
-- ----------------------------
DROP TABLE IF EXISTS `cpidf_memory`;
CREATE TABLE `cpidf_memory` (
  `TH` int(11) NOT NULL,
  `XZ` tinyint(4) NOT NULL,
  `DO` tinyint(4) DEFAULT NULL,
  `CS` tinyint(4) DEFAULT NULL,
  `SY` tinyint(4) DEFAULT NULL,
  `SP` tinyint(4) DEFAULT NULL,
  `SA` tinyint(4) DEFAULT NULL,
  `WB` tinyint(4) DEFAULT NULL,
  `RE` tinyint(4) DEFAULT NULL,
  `SO` tinyint(4) DEFAULT NULL,
  `SC` tinyint(4) DEFAULT NULL,
  `PO` tinyint(4) DEFAULT NULL,
  `GI` tinyint(4) DEFAULT NULL,
  `CM` tinyint(4) DEFAULT NULL,
  `AC` tinyint(4) DEFAULT NULL,
  `AI` tinyint(4) DEFAULT NULL,
  `IE` tinyint(4) DEFAULT NULL,
  `PY` tinyint(4) DEFAULT NULL,
  `FX` tinyint(4) DEFAULT NULL,
  `FE` tinyint(4) DEFAULT NULL,
  PRIMARY KEY (`TH`,`XZ`)
) ENGINE=MEMORY DEFAULT CHARSET=utf8;

-- ----------------------------
-- Records of cpidf_memory
-- ----------------------------

-- ----------------------------
-- Table structure for `cpimd`
-- ----------------------------
DROP TABLE IF EXISTS `cpimd`;
CREATE TABLE `cpimd` (
  `DM` tinyint(4) NOT NULL,
  `YZ` char(2) NOT NULL,
  `M` float(11,2) NOT NULL,
  `SD` float(11,2) NOT NULL,
  PRIMARY KEY (`DM`,`YZ`)
) ENGINE=InnoDB DEFAULT CHARSET=utf8;

-- ----------------------------
-- Records of cpimd
-- ----------------------------
INSERT INTO `cpimd` VALUES ('1', 'AC', '8.72', '2.56');
INSERT INTO `cpimd` VALUES ('1', 'AI', '6.69', '2.31');
INSERT INTO `cpimd` VALUES ('1', 'CM', '9.84', '1.89');
INSERT INTO `cpimd` VALUES ('1', 'CS', '6.08', '2.40');
INSERT INTO `cpimd` VALUES ('1', 'DO', '9.25', '3.52');
INSERT INTO `cpimd` VALUES ('1', 'FE', '7.04', '2.31');
INSERT INTO `cpimd` VALUES ('1', 'FX', '4.81', '2.53');
INSERT INTO `cpimd` VALUES ('1', 'GI', '10.03', '3.38');
INSERT INTO `cpimd` VALUES ('1', 'IE', '9.86', '2.29');
INSERT INTO `cpimd` VALUES ('1', 'PO', '9.57', '3.10');
INSERT INTO `cpimd` VALUES ('1', 'PY', '5.62', '2.04');
INSERT INTO `cpimd` VALUES ('1', 'RE', '10.12', '2.54');
INSERT INTO `cpimd` VALUES ('1', 'SA', '4.71', '2.27');
INSERT INTO `cpimd` VALUES ('1', 'SC', '15.04', '4.97');
INSERT INTO `cpimd` VALUES ('1', 'SO', '13.03', '3.10');
INSERT INTO `cpimd` VALUES ('1', 'SP', '8.82', '2.92');
INSERT INTO `cpimd` VALUES ('1', 'SY', '9.21', '3.37');
INSERT INTO `cpimd` VALUES ('1', 'WB', '14.21', '3.38');
INSERT INTO `cpimd` VALUES ('2', 'AC', '8.98', '2.48');
INSERT INTO `cpimd` VALUES ('2', 'AI', '6.63', '2.33');
INSERT INTO `cpimd` VALUES ('2', 'CM', '9.97', '1.83');
INSERT INTO `cpimd` VALUES ('2', 'CS', '5.64', '2.51');
INSERT INTO `cpimd` VALUES ('2', 'DO', '8.51', '3.12');
INSERT INTO `cpimd` VALUES ('2', 'FE', '9.09', '2.35');
INSERT INTO `cpimd` VALUES ('2', 'FX', '4.79', '2.68');
INSERT INTO `cpimd` VALUES ('2', 'GI', '9.99', '3.93');
INSERT INTO `cpimd` VALUES ('2', 'IE', '9.64', '2.46');
INSERT INTO `cpimd` VALUES ('2', 'PO', '9.78', '3.10');
INSERT INTO `cpimd` VALUES ('2', 'PY', '5.86', '1.99');
INSERT INTO `cpimd` VALUES ('2', 'RE', '10.93', '2.42');
INSERT INTO `cpimd` VALUES ('2', 'SA', '4.37', '2.20');
INSERT INTO `cpimd` VALUES ('2', 'SC', '16.26', '5.01');
INSERT INTO `cpimd` VALUES ('2', 'SO', '13.83', '3.06');
INSERT INTO `cpimd` VALUES ('2', 'SP', '8.32', '2.76');
INSERT INTO `cpimd` VALUES ('2', 'SY', '9.14', '3.18');
INSERT INTO `cpimd` VALUES ('2', 'WB', '14.34', '3.29');

-- ----------------------------
-- Table structure for `cpimd_memory`
-- ----------------------------
DROP TABLE IF EXISTS `cpimd_memory`;
CREATE TABLE `cpimd_memory` (
  `DM` tinyint(4) NOT NULL,
  `YZ` char(2) NOT NULL,
  `M` float(11,2) NOT NULL,
  `SD` float(11,2) NOT NULL,
  PRIMARY KEY (`DM`,`YZ`)
) ENGINE=MEMORY DEFAULT CHARSET=utf8;

-- ----------------------------
-- Records of cpimd_memory
-- ----------------------------

-- ----------------------------
-- Table structure for `eppsdf`
-- ----------------------------
DROP TABLE IF EXISTS `eppsdf`;
CREATE TABLE `eppsdf` (
  `A` tinyint(4) NOT NULL,
  `B` tinyint(4) NOT NULL,
  `TH` int(11) NOT NULL,
  PRIMARY KEY (`TH`)
) ENGINE=InnoDB DEFAULT CHARSET=utf8;

-- ----------------------------
-- Records of eppsdf
-- ----------------------------
INSERT INTO `eppsdf` VALUES ('1', '1', '1');
INSERT INTO `eppsdf` VALUES ('2', '1', '2');
INSERT INTO `eppsdf` VALUES ('3', '1', '3');
INSERT INTO `eppsdf` VALUES ('4', '1', '4');
INSERT INTO `eppsdf` VALUES ('5', '1', '5');
INSERT INTO `eppsdf` VALUES ('1', '2', '6');
INSERT INTO `eppsdf` VALUES ('2', '2', '7');
INSERT INTO `eppsdf` VALUES ('3', '2', '8');
INSERT INTO `eppsdf` VALUES ('4', '2', '9');
INSERT INTO `eppsdf` VALUES ('5', '2', '10');
INSERT INTO `eppsdf` VALUES ('1', '3', '11');
INSERT INTO `eppsdf` VALUES ('2', '3', '12');
INSERT INTO `eppsdf` VALUES ('3', '3', '13');
INSERT INTO `eppsdf` VALUES ('4', '3', '14');
INSERT INTO `eppsdf` VALUES ('5', '3', '15');
INSERT INTO `eppsdf` VALUES ('1', '4', '16');
INSERT INTO `eppsdf` VALUES ('2', '4', '17');
INSERT INTO `eppsdf` VALUES ('3', '4', '18');
INSERT INTO `eppsdf` VALUES ('4', '4', '19');
INSERT INTO `eppsdf` VALUES ('5', '4', '20');
INSERT INTO `eppsdf` VALUES ('1', '5', '21');
INSERT INTO `eppsdf` VALUES ('2', '5', '22');
INSERT INTO `eppsdf` VALUES ('3', '5', '23');
INSERT INTO `eppsdf` VALUES ('4', '5', '24');
INSERT INTO `eppsdf` VALUES ('5', '5', '25');
INSERT INTO `eppsdf` VALUES ('1', '6', '26');
INSERT INTO `eppsdf` VALUES ('2', '6', '27');
INSERT INTO `eppsdf` VALUES ('3', '6', '28');
INSERT INTO `eppsdf` VALUES ('4', '6', '29');
INSERT INTO `eppsdf` VALUES ('5', '6', '30');
INSERT INTO `eppsdf` VALUES ('1', '7', '31');
INSERT INTO `eppsdf` VALUES ('2', '7', '32');
INSERT INTO `eppsdf` VALUES ('3', '7', '33');
INSERT INTO `eppsdf` VALUES ('4', '7', '34');
INSERT INTO `eppsdf` VALUES ('5', '7', '35');
INSERT INTO `eppsdf` VALUES ('1', '8', '36');
INSERT INTO `eppsdf` VALUES ('2', '8', '37');
INSERT INTO `eppsdf` VALUES ('3', '8', '38');
INSERT INTO `eppsdf` VALUES ('4', '8', '39');
INSERT INTO `eppsdf` VALUES ('5', '8', '40');
INSERT INTO `eppsdf` VALUES ('1', '9', '41');
INSERT INTO `eppsdf` VALUES ('2', '9', '42');
INSERT INTO `eppsdf` VALUES ('3', '9', '43');
INSERT INTO `eppsdf` VALUES ('4', '9', '44');
INSERT INTO `eppsdf` VALUES ('5', '9', '45');
INSERT INTO `eppsdf` VALUES ('1', '10', '46');
INSERT INTO `eppsdf` VALUES ('2', '10', '47');
INSERT INTO `eppsdf` VALUES ('3', '10', '48');
INSERT INTO `eppsdf` VALUES ('4', '10', '49');
INSERT INTO `eppsdf` VALUES ('5', '10', '50');
INSERT INTO `eppsdf` VALUES ('1', '11', '51');
INSERT INTO `eppsdf` VALUES ('2', '11', '52');
INSERT INTO `eppsdf` VALUES ('3', '11', '53');
INSERT INTO `eppsdf` VALUES ('4', '11', '54');
INSERT INTO `eppsdf` VALUES ('5', '11', '55');
INSERT INTO `eppsdf` VALUES ('1', '12', '56');
INSERT INTO `eppsdf` VALUES ('2', '12', '57');
INSERT INTO `eppsdf` VALUES ('3', '12', '58');
INSERT INTO `eppsdf` VALUES ('4', '12', '59');
INSERT INTO `eppsdf` VALUES ('5', '12', '60');
INSERT INTO `eppsdf` VALUES ('1', '13', '61');
INSERT INTO `eppsdf` VALUES ('2', '13', '62');
INSERT INTO `eppsdf` VALUES ('3', '13', '63');
INSERT INTO `eppsdf` VALUES ('4', '13', '64');
INSERT INTO `eppsdf` VALUES ('5', '13', '65');
INSERT INTO `eppsdf` VALUES ('1', '14', '66');
INSERT INTO `eppsdf` VALUES ('2', '14', '67');
INSERT INTO `eppsdf` VALUES ('3', '14', '68');
INSERT INTO `eppsdf` VALUES ('4', '14', '69');
INSERT INTO `eppsdf` VALUES ('5', '14', '70');
INSERT INTO `eppsdf` VALUES ('1', '15', '71');
INSERT INTO `eppsdf` VALUES ('2', '15', '72');
INSERT INTO `eppsdf` VALUES ('3', '15', '73');
INSERT INTO `eppsdf` VALUES ('4', '15', '74');
INSERT INTO `eppsdf` VALUES ('5', '15', '75');
INSERT INTO `eppsdf` VALUES ('6', '1', '76');
INSERT INTO `eppsdf` VALUES ('7', '1', '77');
INSERT INTO `eppsdf` VALUES ('8', '1', '78');
INSERT INTO `eppsdf` VALUES ('9', '1', '79');
INSERT INTO `eppsdf` VALUES ('10', '1', '80');
INSERT INTO `eppsdf` VALUES ('6', '2', '81');
INSERT INTO `eppsdf` VALUES ('7', '2', '82');
INSERT INTO `eppsdf` VALUES ('8', '2', '83');
INSERT INTO `eppsdf` VALUES ('9', '2', '84');
INSERT INTO `eppsdf` VALUES ('10', '2', '85');
INSERT INTO `eppsdf` VALUES ('6', '3', '86');
INSERT INTO `eppsdf` VALUES ('7', '3', '87');
INSERT INTO `eppsdf` VALUES ('8', '3', '88');
INSERT INTO `eppsdf` VALUES ('9', '3', '89');
INSERT INTO `eppsdf` VALUES ('10', '3', '90');
INSERT INTO `eppsdf` VALUES ('6', '4', '91');
INSERT INTO `eppsdf` VALUES ('7', '4', '92');
INSERT INTO `eppsdf` VALUES ('8', '4', '93');
INSERT INTO `eppsdf` VALUES ('9', '4', '94');
INSERT INTO `eppsdf` VALUES ('10', '4', '95');
INSERT INTO `eppsdf` VALUES ('6', '5', '96');
INSERT INTO `eppsdf` VALUES ('7', '5', '97');
INSERT INTO `eppsdf` VALUES ('8', '5', '98');
INSERT INTO `eppsdf` VALUES ('9', '5', '99');
INSERT INTO `eppsdf` VALUES ('10', '5', '100');
INSERT INTO `eppsdf` VALUES ('6', '6', '101');
INSERT INTO `eppsdf` VALUES ('7', '6', '102');
INSERT INTO `eppsdf` VALUES ('8', '6', '103');
INSERT INTO `eppsdf` VALUES ('9', '6', '104');
INSERT INTO `eppsdf` VALUES ('10', '6', '105');
INSERT INTO `eppsdf` VALUES ('6', '7', '106');
INSERT INTO `eppsdf` VALUES ('7', '7', '107');
INSERT INTO `eppsdf` VALUES ('8', '7', '108');
INSERT INTO `eppsdf` VALUES ('9', '7', '109');
INSERT INTO `eppsdf` VALUES ('10', '7', '110');
INSERT INTO `eppsdf` VALUES ('6', '8', '111');
INSERT INTO `eppsdf` VALUES ('7', '8', '112');
INSERT INTO `eppsdf` VALUES ('8', '8', '113');
INSERT INTO `eppsdf` VALUES ('9', '8', '114');
INSERT INTO `eppsdf` VALUES ('10', '8', '115');
INSERT INTO `eppsdf` VALUES ('6', '9', '116');
INSERT INTO `eppsdf` VALUES ('7', '9', '117');
INSERT INTO `eppsdf` VALUES ('8', '9', '118');
INSERT INTO `eppsdf` VALUES ('9', '9', '119');
INSERT INTO `eppsdf` VALUES ('10', '9', '120');
INSERT INTO `eppsdf` VALUES ('6', '10', '121');
INSERT INTO `eppsdf` VALUES ('7', '10', '122');
INSERT INTO `eppsdf` VALUES ('8', '10', '123');
INSERT INTO `eppsdf` VALUES ('9', '10', '124');
INSERT INTO `eppsdf` VALUES ('10', '10', '125');
INSERT INTO `eppsdf` VALUES ('6', '11', '126');
INSERT INTO `eppsdf` VALUES ('7', '11', '127');
INSERT INTO `eppsdf` VALUES ('8', '11', '128');
INSERT INTO `eppsdf` VALUES ('9', '11', '129');
INSERT INTO `eppsdf` VALUES ('10', '11', '130');
INSERT INTO `eppsdf` VALUES ('6', '12', '131');
INSERT INTO `eppsdf` VALUES ('7', '12', '132');
INSERT INTO `eppsdf` VALUES ('8', '12', '133');
INSERT INTO `eppsdf` VALUES ('9', '12', '134');
INSERT INTO `eppsdf` VALUES ('10', '12', '135');
INSERT INTO `eppsdf` VALUES ('6', '13', '136');
INSERT INTO `eppsdf` VALUES ('7', '13', '137');
INSERT INTO `eppsdf` VALUES ('8', '13', '138');
INSERT INTO `eppsdf` VALUES ('9', '13', '139');
INSERT INTO `eppsdf` VALUES ('10', '13', '140');
INSERT INTO `eppsdf` VALUES ('6', '14', '141');
INSERT INTO `eppsdf` VALUES ('7', '14', '142');
INSERT INTO `eppsdf` VALUES ('8', '14', '143');
INSERT INTO `eppsdf` VALUES ('9', '14', '144');
INSERT INTO `eppsdf` VALUES ('10', '14', '145');
INSERT INTO `eppsdf` VALUES ('6', '15', '146');
INSERT INTO `eppsdf` VALUES ('7', '15', '147');
INSERT INTO `eppsdf` VALUES ('8', '15', '148');
INSERT INTO `eppsdf` VALUES ('9', '15', '149');
INSERT INTO `eppsdf` VALUES ('10', '15', '150');
INSERT INTO `eppsdf` VALUES ('11', '1', '151');
INSERT INTO `eppsdf` VALUES ('12', '1', '152');
INSERT INTO `eppsdf` VALUES ('13', '1', '153');
INSERT INTO `eppsdf` VALUES ('14', '1', '154');
INSERT INTO `eppsdf` VALUES ('15', '1', '155');
INSERT INTO `eppsdf` VALUES ('11', '2', '156');
INSERT INTO `eppsdf` VALUES ('12', '2', '157');
INSERT INTO `eppsdf` VALUES ('13', '2', '158');
INSERT INTO `eppsdf` VALUES ('14', '2', '159');
INSERT INTO `eppsdf` VALUES ('15', '2', '160');
INSERT INTO `eppsdf` VALUES ('11', '3', '161');
INSERT INTO `eppsdf` VALUES ('12', '3', '162');
INSERT INTO `eppsdf` VALUES ('13', '3', '163');
INSERT INTO `eppsdf` VALUES ('14', '3', '164');
INSERT INTO `eppsdf` VALUES ('15', '3', '165');
INSERT INTO `eppsdf` VALUES ('11', '4', '166');
INSERT INTO `eppsdf` VALUES ('12', '4', '167');
INSERT INTO `eppsdf` VALUES ('13', '4', '168');
INSERT INTO `eppsdf` VALUES ('14', '4', '169');
INSERT INTO `eppsdf` VALUES ('15', '4', '170');
INSERT INTO `eppsdf` VALUES ('11', '5', '171');
INSERT INTO `eppsdf` VALUES ('12', '5', '172');
INSERT INTO `eppsdf` VALUES ('13', '5', '173');
INSERT INTO `eppsdf` VALUES ('14', '5', '174');
INSERT INTO `eppsdf` VALUES ('15', '5', '175');
INSERT INTO `eppsdf` VALUES ('11', '6', '176');
INSERT INTO `eppsdf` VALUES ('12', '6', '177');
INSERT INTO `eppsdf` VALUES ('13', '6', '178');
INSERT INTO `eppsdf` VALUES ('14', '6', '179');
INSERT INTO `eppsdf` VALUES ('15', '6', '180');
INSERT INTO `eppsdf` VALUES ('11', '7', '181');
INSERT INTO `eppsdf` VALUES ('12', '7', '182');
INSERT INTO `eppsdf` VALUES ('13', '7', '183');
INSERT INTO `eppsdf` VALUES ('14', '7', '184');
INSERT INTO `eppsdf` VALUES ('15', '7', '185');
INSERT INTO `eppsdf` VALUES ('11', '8', '186');
INSERT INTO `eppsdf` VALUES ('12', '8', '187');
INSERT INTO `eppsdf` VALUES ('13', '8', '188');
INSERT INTO `eppsdf` VALUES ('14', '8', '189');
INSERT INTO `eppsdf` VALUES ('15', '8', '190');
INSERT INTO `eppsdf` VALUES ('11', '9', '191');
INSERT INTO `eppsdf` VALUES ('12', '9', '192');
INSERT INTO `eppsdf` VALUES ('13', '9', '193');
INSERT INTO `eppsdf` VALUES ('14', '9', '194');
INSERT INTO `eppsdf` VALUES ('15', '9', '195');
INSERT INTO `eppsdf` VALUES ('11', '10', '196');
INSERT INTO `eppsdf` VALUES ('12', '10', '197');
INSERT INTO `eppsdf` VALUES ('13', '10', '198');
INSERT INTO `eppsdf` VALUES ('14', '10', '199');
INSERT INTO `eppsdf` VALUES ('15', '10', '200');
INSERT INTO `eppsdf` VALUES ('11', '11', '201');
INSERT INTO `eppsdf` VALUES ('12', '11', '202');
INSERT INTO `eppsdf` VALUES ('13', '11', '203');
INSERT INTO `eppsdf` VALUES ('14', '11', '204');
INSERT INTO `eppsdf` VALUES ('15', '11', '205');
INSERT INTO `eppsdf` VALUES ('11', '12', '206');
INSERT INTO `eppsdf` VALUES ('12', '12', '207');
INSERT INTO `eppsdf` VALUES ('13', '12', '208');
INSERT INTO `eppsdf` VALUES ('14', '12', '209');
INSERT INTO `eppsdf` VALUES ('15', '12', '210');
INSERT INTO `eppsdf` VALUES ('11', '13', '211');
INSERT INTO `eppsdf` VALUES ('12', '13', '212');
INSERT INTO `eppsdf` VALUES ('13', '13', '213');
INSERT INTO `eppsdf` VALUES ('14', '13', '214');
INSERT INTO `eppsdf` VALUES ('15', '13', '215');
INSERT INTO `eppsdf` VALUES ('11', '14', '216');
INSERT INTO `eppsdf` VALUES ('12', '14', '217');
INSERT INTO `eppsdf` VALUES ('13', '14', '218');
INSERT INTO `eppsdf` VALUES ('14', '14', '219');
INSERT INTO `eppsdf` VALUES ('15', '14', '220');
INSERT INTO `eppsdf` VALUES ('11', '15', '221');
INSERT INTO `eppsdf` VALUES ('12', '15', '222');
INSERT INTO `eppsdf` VALUES ('13', '15', '223');
INSERT INTO `eppsdf` VALUES ('14', '15', '224');
INSERT INTO `eppsdf` VALUES ('15', '15', '225');

-- ----------------------------
-- Table structure for `eppsdf_memory`
-- ----------------------------
DROP TABLE IF EXISTS `eppsdf_memory`;
CREATE TABLE `eppsdf_memory` (
  `A` tinyint(4) NOT NULL,
  `B` tinyint(4) NOT NULL,
  `TH` int(11) NOT NULL,
  PRIMARY KEY (`TH`)
) ENGINE=MEMORY DEFAULT CHARSET=utf8;

-- ----------------------------
-- Records of eppsdf_memory
-- ----------------------------

-- ----------------------------
-- Table structure for `epqadf`
-- ----------------------------
DROP TABLE IF EXISTS `epqadf`;
CREATE TABLE `epqadf` (
  `TH` int(11) NOT NULL,
  `XZ` tinyint(4) NOT NULL,
  `E` tinyint(4) DEFAULT NULL,
  `N` tinyint(4) DEFAULT NULL,
  `P` tinyint(4) DEFAULT NULL,
  `L` tinyint(4) DEFAULT NULL,
  PRIMARY KEY (`TH`,`XZ`)
) ENGINE=InnoDB DEFAULT CHARSET=utf8;

-- ----------------------------
-- Records of epqadf
-- ----------------------------
INSERT INTO `epqadf` VALUES ('1', '1', '1', '0', '0', '0');
INSERT INTO `epqadf` VALUES ('1', '2', '0', '0', '0', '0');
INSERT INTO `epqadf` VALUES ('2', '1', '0', '0', '0', '0');
INSERT INTO `epqadf` VALUES ('2', '2', '0', '0', '1', '0');
INSERT INTO `epqadf` VALUES ('3', '1', '0', '1', '0', '0');
INSERT INTO `epqadf` VALUES ('3', '2', '0', '0', '0', '0');
INSERT INTO `epqadf` VALUES ('4', '1', '0', '0', '0', '0');
INSERT INTO `epqadf` VALUES ('4', '2', '0', '0', '0', '1');
INSERT INTO `epqadf` VALUES ('5', '1', '1', null, null, null);
INSERT INTO `epqadf` VALUES ('5', '2', null, null, null, null);
INSERT INTO `epqadf` VALUES ('6', '1', null, '0', null, null);
INSERT INTO `epqadf` VALUES ('6', '2', null, null, '1', null);
INSERT INTO `epqadf` VALUES ('7', '1', null, '1', '0', null);
INSERT INTO `epqadf` VALUES ('7', '2', null, null, null, '0');
INSERT INTO `epqadf` VALUES ('8', '1', null, null, null, '0');
INSERT INTO `epqadf` VALUES ('8', '2', null, null, '0', '1');
INSERT INTO `epqadf` VALUES ('9', '1', '0', null, null, null);
INSERT INTO `epqadf` VALUES ('9', '2', '0', null, '1', null);
INSERT INTO `epqadf` VALUES ('10', '1', '1', '0', null, null);
INSERT INTO `epqadf` VALUES ('10', '2', null, null, '0', null);
INSERT INTO `epqadf` VALUES ('11', '1', null, '0', null, null);
INSERT INTO `epqadf` VALUES ('11', '2', null, null, '1', '0');
INSERT INTO `epqadf` VALUES ('12', '1', null, '1', '0', '0');
INSERT INTO `epqadf` VALUES ('12', '2', null, null, null, null);
INSERT INTO `epqadf` VALUES ('13', '1', '1', null, null, null);
INSERT INTO `epqadf` VALUES ('13', '2', null, null, null, null);
INSERT INTO `epqadf` VALUES ('14', '1', '1', '0', null, null);
INSERT INTO `epqadf` VALUES ('14', '2', null, null, null, null);
INSERT INTO `epqadf` VALUES ('15', '1', null, '1', '0', null);
INSERT INTO `epqadf` VALUES ('15', '2', null, null, null, '0');
INSERT INTO `epqadf` VALUES ('16', '1', '0', null, null, null);
INSERT INTO `epqadf` VALUES ('16', '2', null, null, null, '1');
INSERT INTO `epqadf` VALUES ('17', '1', '1', null, null, null);
INSERT INTO `epqadf` VALUES ('17', '2', null, null, '0', null);
INSERT INTO `epqadf` VALUES ('18', '1', null, '0', null, null);
INSERT INTO `epqadf` VALUES ('18', '2', null, null, '1', null);
INSERT INTO `epqadf` VALUES ('19', '1', '0', '1', '0', null);
INSERT INTO `epqadf` VALUES ('19', '2', null, null, null, null);
INSERT INTO `epqadf` VALUES ('20', '1', null, '0', null, '1');
INSERT INTO `epqadf` VALUES ('20', '2', null, null, null, '0');
INSERT INTO `epqadf` VALUES ('21', '1', '0', null, null, null);
INSERT INTO `epqadf` VALUES ('21', '2', '1', null, null, '0');
INSERT INTO `epqadf` VALUES ('22', '1', '0', '0', '1', null);
INSERT INTO `epqadf` VALUES ('22', '2', null, null, null, null);
INSERT INTO `epqadf` VALUES ('23', '1', null, '1', '0', null);
INSERT INTO `epqadf` VALUES ('23', '2', null, null, null, null);
INSERT INTO `epqadf` VALUES ('24', '1', null, '0', null, '0');
INSERT INTO `epqadf` VALUES ('24', '2', null, null, null, '1');
INSERT INTO `epqadf` VALUES ('25', '1', '1', null, null, null);
INSERT INTO `epqadf` VALUES ('25', '2', null, null, null, '0');
INSERT INTO `epqadf` VALUES ('26', '1', null, '0', '1', null);
INSERT INTO `epqadf` VALUES ('26', '2', '0', null, null, null);
INSERT INTO `epqadf` VALUES ('27', '1', null, '1', '0', '0');
INSERT INTO `epqadf` VALUES ('27', '2', null, null, null, null);
INSERT INTO `epqadf` VALUES ('28', '1', '0', '0', null, null);
INSERT INTO `epqadf` VALUES ('28', '2', null, null, null, '1');
INSERT INTO `epqadf` VALUES ('29', '1', '0', '0', null, null);
INSERT INTO `epqadf` VALUES ('29', '2', '1', null, null, null);
INSERT INTO `epqadf` VALUES ('30', '1', null, '0', '1', null);
INSERT INTO `epqadf` VALUES ('30', '2', null, null, '0', null);
INSERT INTO `epqadf` VALUES ('31', '1', null, '1', null, '0');
INSERT INTO `epqadf` VALUES ('31', '2', null, null, null, null);
INSERT INTO `epqadf` VALUES ('32', '1', '0', null, '0', '1');
INSERT INTO `epqadf` VALUES ('32', '2', null, null, null, null);
INSERT INTO `epqadf` VALUES ('33', '1', '1', null, null, null);
INSERT INTO `epqadf` VALUES ('33', '2', null, null, '0', null);
INSERT INTO `epqadf` VALUES ('34', '1', null, '0', '1', null);
INSERT INTO `epqadf` VALUES ('34', '2', null, null, null, null);
INSERT INTO `epqadf` VALUES ('35', '1', '0', '1', '0', null);
INSERT INTO `epqadf` VALUES ('35', '2', null, null, null, null);
INSERT INTO `epqadf` VALUES ('36', '1', null, '0', null, '1');
INSERT INTO `epqadf` VALUES ('36', '2', null, null, null, null);
INSERT INTO `epqadf` VALUES ('37', '1', '1', null, null, null);
INSERT INTO `epqadf` VALUES ('37', '2', '0', null, null, null);
INSERT INTO `epqadf` VALUES ('38', '1', null, '0', '0', null);
INSERT INTO `epqadf` VALUES ('38', '2', null, null, '1', null);
INSERT INTO `epqadf` VALUES ('39', '1', null, '1', '0', null);
INSERT INTO `epqadf` VALUES ('39', '2', null, null, null, '0');
INSERT INTO `epqadf` VALUES ('40', '1', '0', null, null, null);
INSERT INTO `epqadf` VALUES ('40', '2', null, null, null, '1');
INSERT INTO `epqadf` VALUES ('41', '1', '1', null, '0', null);
INSERT INTO `epqadf` VALUES ('41', '2', null, null, null, null);
INSERT INTO `epqadf` VALUES ('42', '1', null, '0', null, null);
INSERT INTO `epqadf` VALUES ('42', '2', null, null, '1', null);
INSERT INTO `epqadf` VALUES ('43', '1', '0', '1', '0', null);
INSERT INTO `epqadf` VALUES ('43', '2', null, null, null, null);
INSERT INTO `epqadf` VALUES ('44', '1', null, null, '0', '0');
INSERT INTO `epqadf` VALUES ('44', '2', null, null, null, '1');
INSERT INTO `epqadf` VALUES ('45', '1', '0', null, null, null);
INSERT INTO `epqadf` VALUES ('45', '2', '1', null, null, '0');
INSERT INTO `epqadf` VALUES ('46', '1', '0', '0', '1', null);
INSERT INTO `epqadf` VALUES ('46', '2', null, null, null, null);
INSERT INTO `epqadf` VALUES ('47', '1', null, '1', '0', null);
INSERT INTO `epqadf` VALUES ('47', '2', null, null, null, null);
INSERT INTO `epqadf` VALUES ('48', '1', null, null, null, '0');
INSERT INTO `epqadf` VALUES ('48', '2', null, null, null, '1');
INSERT INTO `epqadf` VALUES ('49', '1', '1', null, null, null);
INSERT INTO `epqadf` VALUES ('49', '2', '0', null, null, null);
INSERT INTO `epqadf` VALUES ('50', '1', null, '0', '1', null);
INSERT INTO `epqadf` VALUES ('50', '2', null, null, '0', null);
INSERT INTO `epqadf` VALUES ('51', '1', null, '1', '0', null);
INSERT INTO `epqadf` VALUES ('51', '2', null, null, null, null);
INSERT INTO `epqadf` VALUES ('52', '1', null, null, null, '0');
INSERT INTO `epqadf` VALUES ('52', '2', null, null, null, '1');
INSERT INTO `epqadf` VALUES ('53', '1', '1', null, '0', null);
INSERT INTO `epqadf` VALUES ('53', '2', null, null, null, null);
INSERT INTO `epqadf` VALUES ('54', '1', null, '0', null, null);
INSERT INTO `epqadf` VALUES ('54', '2', null, null, null, '1');
INSERT INTO `epqadf` VALUES ('55', '1', '1', null, '0', null);
INSERT INTO `epqadf` VALUES ('55', '2', null, null, null, '0');
INSERT INTO `epqadf` VALUES ('56', '1', '0', null, null, '0');
INSERT INTO `epqadf` VALUES ('56', '2', null, null, '1', null);
INSERT INTO `epqadf` VALUES ('57', '1', '0', '1', '0', null);
INSERT INTO `epqadf` VALUES ('57', '2', null, null, null, null);
INSERT INTO `epqadf` VALUES ('58', '1', null, '0', '0', '1');
INSERT INTO `epqadf` VALUES ('58', '2', null, null, null, null);
INSERT INTO `epqadf` VALUES ('59', '1', null, '1', '0', null);
INSERT INTO `epqadf` VALUES ('59', '2', null, null, null, null);
INSERT INTO `epqadf` VALUES ('60', '1', '0', null, '0', null);
INSERT INTO `epqadf` VALUES ('60', '2', null, null, null, '1');
INSERT INTO `epqadf` VALUES ('61', '1', '1', null, null, null);
INSERT INTO `epqadf` VALUES ('61', '2', null, null, null, null);
INSERT INTO `epqadf` VALUES ('62', '1', null, '0', '0', null);
INSERT INTO `epqadf` VALUES ('62', '2', null, null, '1', null);
INSERT INTO `epqadf` VALUES ('63', '1', null, '1', null, '0');
INSERT INTO `epqadf` VALUES ('63', '2', null, null, null, null);
INSERT INTO `epqadf` VALUES ('64', '1', '0', null, null, null);
INSERT INTO `epqadf` VALUES ('64', '2', null, null, null, '1');
INSERT INTO `epqadf` VALUES ('65', '1', '1', '0', '0', null);
INSERT INTO `epqadf` VALUES ('65', '2', null, null, null, null);
INSERT INTO `epqadf` VALUES ('66', '1', null, '0', '1', null);
INSERT INTO `epqadf` VALUES ('66', '2', null, null, '0', null);
INSERT INTO `epqadf` VALUES ('67', '1', null, '1', null, null);
INSERT INTO `epqadf` VALUES ('67', '2', null, null, null, '0');
INSERT INTO `epqadf` VALUES ('68', '1', '0', null, '1', '0');
INSERT INTO `epqadf` VALUES ('68', '2', null, null, null, null);
INSERT INTO `epqadf` VALUES ('69', '1', null, '1', '0', null);
INSERT INTO `epqadf` VALUES ('69', '2', null, null, null, null);
INSERT INTO `epqadf` VALUES ('70', '1', null, '0', null, null);
INSERT INTO `epqadf` VALUES ('70', '2', null, null, null, '1');
INSERT INTO `epqadf` VALUES ('71', '1', '1', null, null, null);
INSERT INTO `epqadf` VALUES ('71', '2', null, null, null, '0');
INSERT INTO `epqadf` VALUES ('72', '1', '0', '0', null, null);
INSERT INTO `epqadf` VALUES ('72', '2', null, null, '1', null);
INSERT INTO `epqadf` VALUES ('73', '1', null, '1', '0', null);
INSERT INTO `epqadf` VALUES ('73', '2', null, null, null, '0');
INSERT INTO `epqadf` VALUES ('74', '1', null, '1', null, null);
INSERT INTO `epqadf` VALUES ('74', '2', null, null, null, null);
INSERT INTO `epqadf` VALUES ('75', '1', '0', null, '1', null);
INSERT INTO `epqadf` VALUES ('75', '2', null, null, null, '0');
INSERT INTO `epqadf` VALUES ('76', '1', '0', '0', '1', null);
INSERT INTO `epqadf` VALUES ('76', '2', null, null, null, null);
INSERT INTO `epqadf` VALUES ('77', '1', null, '1', '0', null);
INSERT INTO `epqadf` VALUES ('77', '2', null, null, '0', null);
INSERT INTO `epqadf` VALUES ('78', '1', null, '1', null, '0');
INSERT INTO `epqadf` VALUES ('78', '2', null, null, null, null);
INSERT INTO `epqadf` VALUES ('79', '1', '0', null, null, '0');
INSERT INTO `epqadf` VALUES ('79', '2', null, null, null, '1');
INSERT INTO `epqadf` VALUES ('80', '1', '1', null, null, null);
INSERT INTO `epqadf` VALUES ('80', '2', null, null, '0', '0');
INSERT INTO `epqadf` VALUES ('81', '1', null, '0', '1', '0');
INSERT INTO `epqadf` VALUES ('81', '2', null, null, null, null);
INSERT INTO `epqadf` VALUES ('82', '1', null, '1', null, null);
INSERT INTO `epqadf` VALUES ('82', '2', null, null, null, '0');
INSERT INTO `epqadf` VALUES ('83', '1', '0', null, null, null);
INSERT INTO `epqadf` VALUES ('83', '2', null, null, null, '1');
INSERT INTO `epqadf` VALUES ('84', '1', '1', '0', null, null);
INSERT INTO `epqadf` VALUES ('84', '2', null, null, null, '0');
INSERT INTO `epqadf` VALUES ('85', '1', '0', null, '1', null);
INSERT INTO `epqadf` VALUES ('85', '2', null, null, null, null);
INSERT INTO `epqadf` VALUES ('86', '1', '0', '1', null, null);
INSERT INTO `epqadf` VALUES ('86', '2', null, null, null, null);
INSERT INTO `epqadf` VALUES ('87', '1', null, null, null, '1');
INSERT INTO `epqadf` VALUES ('87', '2', null, null, null, '0');
INSERT INTO `epqadf` VALUES ('88', '1', '0', null, '0', null);
INSERT INTO `epqadf` VALUES ('88', '2', null, null, '1', null);

-- ----------------------------
-- Table structure for `epqadf_memory`
-- ----------------------------
DROP TABLE IF EXISTS `epqadf_memory`;
CREATE TABLE `epqadf_memory` (
  `TH` int(11) NOT NULL,
  `XZ` tinyint(4) NOT NULL,
  `E` tinyint(4) DEFAULT NULL,
  `N` tinyint(4) DEFAULT NULL,
  `P` tinyint(4) DEFAULT NULL,
  `L` tinyint(4) DEFAULT NULL,
  PRIMARY KEY (`TH`,`XZ`)
) ENGINE=MEMORY DEFAULT CHARSET=utf8;

-- ----------------------------
-- Records of epqadf_memory
-- ----------------------------

-- ----------------------------
-- Table structure for `epqamd`
-- ----------------------------
DROP TABLE IF EXISTS `epqamd`;
CREATE TABLE `epqamd` (
  `DSEX` tinyint(4) NOT NULL,
  `DAGEL` int(11) NOT NULL,
  `DAGEH` int(11) NOT NULL,
  `EM` float(11,2) NOT NULL,
  `ESD` float(11,2) NOT NULL,
  `NM` float(11,2) NOT NULL,
  `NSD` float(11,2) NOT NULL,
  `PM` float(11,2) NOT NULL,
  `PSD` float(11,2) NOT NULL,
  `LM` float(11,2) NOT NULL,
  `LSD` float(11,2) NOT NULL,
  PRIMARY KEY (`DSEX`,`DAGEL`,`DAGEH`)
) ENGINE=InnoDB DEFAULT CHARSET=utf8;

-- ----------------------------
-- Records of epqamd
-- ----------------------------
INSERT INTO `epqamd` VALUES ('1', '16', '20', '11.55', '3.99', '12.31', '4.00', '6.65', '4.36', '11.76', '4.18');
INSERT INTO `epqamd` VALUES ('1', '20', '30', '10.63', '4.44', '11.26', '4.26', '5.96', '2.84', '12.17', '3.57');
INSERT INTO `epqamd` VALUES ('1', '30', '40', '9.92', '3.90', '12.02', '4.56', '5.85', '3.32', '12.39', '3.93');
INSERT INTO `epqamd` VALUES ('1', '40', '50', '9.65', '4.77', '10.12', '5.04', '5.67', '2.54', '13.55', '3.56');
INSERT INTO `epqamd` VALUES ('1', '50', '60', '8.63', '3.69', '11.07', '6.31', '6.05', '3.31', '13.93', '3.80');
INSERT INTO `epqamd` VALUES ('1', '60', '150', '9.80', '4.64', '8.92', '4.59', '4.40', '2.33', '15.35', '2.73');
INSERT INTO `epqamd` VALUES ('2', '16', '20', '10.23', '4.09', '12.28', '4.92', '5.06', '2.69', '12.85', '4.08');
INSERT INTO `epqamd` VALUES ('2', '20', '30', '8.65', '4.49', '13.06', '4.42', '4.92', '2.95', '13.35', '3.63');
INSERT INTO `epqamd` VALUES ('2', '30', '40', '8.97', '4.45', '12.02', '5.05', '4.80', '3.33', '14.17', '3.65');
INSERT INTO `epqamd` VALUES ('2', '40', '50', '8.37', '4.35', '12.15', '5.73', '4.03', '2.40', '15.41', '3.22');
INSERT INTO `epqamd` VALUES ('2', '50', '60', '9.22', '4.21', '11.09', '5.21', '4.05', '2.90', '14.09', '4.03');
INSERT INTO `epqamd` VALUES ('2', '60', '150', '9.34', '4.31', '11.36', '5.08', '3.82', '2.41', '15.95', '3.65');

-- ----------------------------
-- Table structure for `epqamd_memory`
-- ----------------------------
DROP TABLE IF EXISTS `epqamd_memory`;
CREATE TABLE `epqamd_memory` (
  `DSEX` tinyint(4) NOT NULL,
  `DAGEL` int(11) NOT NULL,
  `DAGEH` int(11) NOT NULL,
  `EM` float(11,2) NOT NULL,
  `ESD` float(11,2) NOT NULL,
  `NM` float(11,2) NOT NULL,
  `NSD` float(11,2) NOT NULL,
  `PM` float(11,2) NOT NULL,
  `PSD` float(11,2) NOT NULL,
  `LM` float(11,2) NOT NULL,
  `LSD` float(11,2) NOT NULL,
  PRIMARY KEY (`DSEX`,`DAGEL`,`DAGEH`)
) ENGINE=MEMORY DEFAULT CHARSET=utf8;

-- ----------------------------
-- Records of epqamd_memory
-- ----------------------------

-- ----------------------------
-- Table structure for `examinee`
-- ----------------------------
DROP TABLE IF EXISTS `examinee`;
CREATE TABLE `examinee` (
  `id` int(11) NOT NULL AUTO_INCREMENT,
  `number` varchar(45) NOT NULL COMMENT 'username',
  `password` varchar(256) NOT NULL,
  `name` varchar(45) DEFAULT NULL,
  `other` text COMMENT 'json',
  `sex` tinyint(1) NOT NULL DEFAULT '0' COMMENT '0 \r\n0 \r\n1 ',
  `native` varchar(200) DEFAULT NULL COMMENT '',
  `education` varchar(200) DEFAULT NULL COMMENT '',
  `politics` varchar(200) DEFAULT NULL COMMENT '',
  `professional` varchar(200) DEFAULT NULL COMMENT '',
  `degree` varchar(200) DEFAULT NULL COMMENT '',
  `employer` varchar(200) DEFAULT NULL COMMENT '',
  `unit` varchar(200) DEFAULT NULL COMMENT '',
  `team` varchar(200) DEFAULT NULL COMMENT '/',
  `duty` varchar(200) DEFAULT NULL COMMENT '',
  `project_id` int(11) NOT NULL COMMENT 'id',
  `birthday` date DEFAULT NULL,
  `last_login` datetime DEFAULT NULL,
  `state` tinyint(4) DEFAULT '0' COMMENT '0123456',
  `exam_time` int(11) DEFAULT NULL COMMENT '',
  `init_data` text COMMENT '',
  PRIMARY KEY (`id`),
  UNIQUE KEY `username_UNIQUE` (`number`),
  KEY `index3` (`project_id`),
  CONSTRAINT `fk_examinee_1` FOREIGN KEY (`project_id`) REFERENCES `project` (`id`) ON DELETE CASCADE ON UPDATE CASCADE
) ENGINE=InnoDB AUTO_INCREMENT=4 DEFAULT CHARSET=utf8;

-- ----------------------------
-- Records of examinee
-- ----------------------------
INSERT INTO `examinee` VALUES ('1', '15020001', '639656', '', '{\"education\":[{\"school\":\"\",\"profession\":\"\",\"degree\":\"\",\"date\":\"2014.12-\"},{\"school\":\"\",\"profession\":\"\",\"degree\":\"\",\"date\":\"2011.01-2014.01\"}],\"work\":[{\"employer\":\"\",\"unit\":\"\",\"duty\":\"\",\"date\":\"2015.02-\"},{\"employer\":\"\",\"unit\":\"\",\"duty\":\"\",\"date\":\"2014.12-2015.01\"}]}', '0', '', '', '', '', '', '', '', '', '', '1502', '1967-11-15', '2015-09-19 18:41:30', '4', '42', null);
INSERT INTO `examinee` VALUES ('3', '15020003', '095152', '', '{\"education\":[],\"work\":[]}', '0', '', '', '', '', '', '', '', '', '', '1502', '1990-01-30', '2015-09-13 21:57:47', '4', '27', null);

-- ----------------------------
-- Table structure for `factor`
-- ----------------------------
DROP TABLE IF EXISTS `factor`;
CREATE TABLE `factor` (
  `id` int(11) NOT NULL AUTO_INCREMENT,
  `name` varchar(45) NOT NULL,
  `factor` double DEFAULT NULL COMMENT '',
  `father_factor` int(11) DEFAULT NULL COMMENT 'id',
  `paper_id` int(11) DEFAULT NULL COMMENT 'id',
  `children` varchar(2000) DEFAULT NULL COMMENT '\n',
  `children_type` varchar(1000) DEFAULT NULL COMMENT 'factorquestion',
  `action` varchar(1000) DEFAULT NULL COMMENT '',
  `ans_do` varchar(1000) DEFAULT NULL COMMENT '',
  `chabiao` varchar(1000) DEFAULT NULL COMMENT '',
  `chs_name` varchar(45) DEFAULT NULL COMMENT '',
  PRIMARY KEY (`id`),
  UNIQUE KEY `name_UNIQUE` (`name`),
  KEY `index2` (`father_factor`),
  KEY `index4` (`paper_id`),
  CONSTRAINT `fk_factor_1` FOREIGN KEY (`father_factor`) REFERENCES `factor` (`id`) ON DELETE SET NULL ON UPDATE SET NULL
) ENGINE=InnoDB AUTO_INCREMENT=221 DEFAULT CHARSET=utf8;

-- ----------------------------
-- Records of factor
-- ----------------------------
INSERT INTO `factor` VALUES ('142', 'A', null, null, '134', '3,26,27,51,52,76,101,126,151,176', '1,1,1,1,1,1,1,1,1,1', 'sum', '$ans=$ans', null, '');
INSERT INTO `factor` VALUES ('143', 'B', null, null, '134', '28,53,54,77,78,102,103,127,128,152,153,177,178', '1,1,1,1,1,1,1,1,1,1,1,1,1', 'sum', '$ans=$ans', null, '');
INSERT INTO `factor` VALUES ('144', 'C', null, null, '134', '4,5,29,30,55,79,80,104,105,129,130,154,179', '1,1,1,1,1,1,1,1,1,1,1,1,1', 'sum', '$ans=$ans', null, '');
INSERT INTO `factor` VALUES ('145', 'E', null, null, '134', '6,7,31,32,56,57,81,106,131,155,156,180,181', '1,1,1,1,1,1,1,1,1,1,1,1,1', 'sum', '$ans=$ans', null, '');
INSERT INTO `factor` VALUES ('146', 'F', null, null, '134', '8,33,58,82,83,107,108,132,133,157,158,182,183', '1,1,1,1,1,1,1,1,1,1,1,1,1', 'sum', '$ans=$ans', null, '');
INSERT INTO `factor` VALUES ('147', 'G', null, null, '134', '9,34,59,84,109,134,159,160,184,185', '1,1,1,1,1,1,1,1,1,1', 'sum', '$ans=$ans', null, '');
INSERT INTO `factor` VALUES ('148', 'H', null, null, '134', '10,35,36,60,61,85,86,110,111,135,136,161,186', '1,1,1,1,1,1,1,1,1,1,1,1,1', 'sum', '$ans=$ans', null, '');
INSERT INTO `factor` VALUES ('149', 'I', null, null, '134', '11,12,37,62,87,112,137,138,162,163', '1,1,1,1,1,1,1,1,1,1', 'sum', '$ans=$ans', null, '');
INSERT INTO `factor` VALUES ('150', 'L', null, null, '134', '13,38,63,64,88,89,113,114,139,164', '1,1,1,1,1,1,1,1,1,1', 'sum', '$ans=$ans', null, '');
INSERT INTO `factor` VALUES ('151', 'M', null, null, '134', '14,15,39,40,65,90,91,115,116,140,141,165,166', '1,1,1,1,1,1,1,1,1,1,1,1,1', 'sum', '$ans=$ans', null, '');
INSERT INTO `factor` VALUES ('152', 'N', null, null, '134', '16,17,41,42,66,67,92,117,142,167', '1,1,1,1,1,1,1,1,1,1', 'sum', '$ans=$ans', null, '');
INSERT INTO `factor` VALUES ('153', 'O', null, null, '134', '18,19,43,44,68,69,93,94,118,119,143,144,168', '1,1,1,1,1,1,1,1,1,1,1,1,1', 'sum', '$ans=$ans', null, '');
INSERT INTO `factor` VALUES ('154', 'Q1', null, null, '134', '20,21,45,46,70,95,120,145,169,170', '1,1,1,1,1,1,1,1,1,1', 'sum', '$ans=$ans', null, '');
INSERT INTO `factor` VALUES ('155', 'Q2', null, null, '134', '22,47,71,72,96,97,121,122,146,171', '1,1,1,1,1,1,1,1,1,1', 'sum', '$ans=$ans', null, '');
INSERT INTO `factor` VALUES ('156', 'Q3', null, null, '134', '23,24,48,73,98,123,147,148,172,173', '1,1,1,1,1,1,1,1,1,1', 'sum', '$ans=$ans', null, '');
INSERT INTO `factor` VALUES ('157', 'Q4', null, null, '134', '25,49,50,74,75,99,100,124,125,149,150,174,175', '1,1,1,1,1,1,1,1,1,1,1,1,1', 'sum', '$ans=10-$ans', null, '');
INSERT INTO `factor` VALUES ('158', 'X1', null, null, '134', 'L,O,Q4,C,H,Q3', '0,0,0,0,0,0', '(38+2*L+3*O+4*Q4-(2*C+2*H+2*Q3))/10', '$ans=10-$ans', null, '');
INSERT INTO `factor` VALUES ('159', 'X2', null, null, '134', 'A,E,F,H,Q2', '0,0,0,0,0', '(2*A+3*E+4*F+5*H-(2*Q2+11))/10', '$ans=$ans', null, '');
INSERT INTO `factor` VALUES ('160', 'X3', null, null, '134', 'C,E,F,N,A,I,M', '0,0,0,0,0,0,0', '(77+2*C+2*E+2*F+2*N-(4*A+6*I+2*M))/10', '$ans=$ans', null, '');
INSERT INTO `factor` VALUES ('161', 'X4', null, null, '134', 'E,M,Q1,Q2,A,G', '0,0,0,0,0,0', '(4*E+3*M+4*Q1+4*Q2-(3*A+2*G))/10', '$ans=$ans', null, '');
INSERT INTO `factor` VALUES ('162', 'Y1', null, null, '134', 'C,F,O,Q4', '0,0,0,0', 'C+F+(11-O)+(11-Q4)', '$ans=$ans/4', null, '');
INSERT INTO `factor` VALUES ('163', 'Y2', null, null, '134', 'Q3,G,C,E,N,Q1,Q2', '0,0,0,0,0,0,0', '2*Q3+2*G+2*C+E+N+Q1+Q2', '$ans=$ans/7.5', null, '');
INSERT INTO `factor` VALUES ('164', 'Y3', null, null, '134', 'A,B,E,F,H,I,M,N,Q1,Q2', '0,0,0,0,0,0,0,0,0,0', '2*(11-A)+2*B+E+2*(11-F)+H+2*I+M+(11-N)+Q1+2*Q2', '$ans=$ans', null, '');
INSERT INTO `factor` VALUES ('165', 'Y4', null, null, '134', 'B,G,Q3,F', '0,0,0,0', 'B+G+Q3+(11-F)', '$ans=$ans/4', null, '');
INSERT INTO `factor` VALUES ('166', 'end', null, null, '136', '153,158,163,168,173,178,182,188,193,198,203,208,213,218,223,61,62,63,64,65,136,137,138,139,140,211,212,213,214,215', '1,1,1,1,1,1,1,1,1,1,1,1,1,1,1,1,1,1,1,1,1,1,1,1,1,1,1,1,1,1', 'sum-1', '$ans=$ans/2.8', null, '');
INSERT INTO `factor` VALUES ('167', 'int', null, null, '136', '77,82,87,92,97,102,107,112,117,122,127,132,137,142,147,31,32,33,34,35,106,107,108,109,110,181,182,183,184,185', '1,1,1,1,1,1,1,1,1,1,1,1,1,1,1,1,1,1,1,1,1,1,1,1,1,1,1,1,1,1', 'sum-1', '$ans=$ans/2.8', null, '');
INSERT INTO `factor` VALUES ('168', 'ord', null, null, '136', '3,8,13,18,23,28,33,38,43,48,53,58,63,68,73,11,12,13,14,15,86,87,88,89,90,161,162,163,164,165', '1,1,1,1,1,1,1,1,1,1,1,1,1,1,1,1,1,1,1,1,1,1,1,1,1,1,1,1,1,1', 'sum-1', '$ans=$ans/2.8', null, '');
INSERT INTO `factor` VALUES ('169', 'ach', null, null, '136', '1,6,11,16,21,26,31,36,41,46,51,56,61,66,71,1,2,3,4,5,76,77,78,79,80,151,152,153,154,155', '1,1,1,1,1,1,1,1,1,1,1,1,1,1,1,1,1,1,1,1,1,1,1,1,1,1,1,1,1,1', 'sum-1', '$ans=$ans/2.8', null, '');
INSERT INTO `factor` VALUES ('170', 'chg', null, null, '136', '152,157,162,167,172,177,182,187,192,197,202,207,212,217,222,56,57,58,59,60,131,132,133,134,135,206,207,208,209,210', '1,1,1,1,1,1,1,1,1,1,1,1,1,1,1,1,1,1,1,1,1,1,1,1,1,1,1,1,1,1', 'sum-1', '$ans=$ans/2.8', null, '');
INSERT INTO `factor` VALUES ('171', 'aba', null, null, '136', '80,85,90,95,100,105,110,115,120,125,130,135,140,145,150,46,47,48,49,50,121,122,123,124,125,196,197,198,199,200', '1,1,1,1,1,1,1,1,1,1,1,1,1,1,1,1,1,1,1,1,1,1,1,1,1,1,1,1,1,1', 'sum-1', '$ans=$ans/2.8', null, '');
INSERT INTO `factor` VALUES ('172', 'dom', null, null, '136', '79,84,89,94,99,104,109,114,119,124,129,134,139,144,149,41,42,43,44,45,116,117,118,119,120,191,192,193,194,195', '1,1,1,1,1,1,1,1,1,1,1,1,1,1,1,1,1,1,1,1,1,1,1,1,1,1,1,1,1,1', 'sum-1', '$ans=$ans/2.8', null, '');
INSERT INTO `factor` VALUES ('173', 'aff', null, null, '136', '76,81,86,91,96,101,106,111,116,121,126,131,136,141,146,26,27,28,29,30,101,102,103,104,105,176,177,178,179,180', '1,1,1,1,1,1,1,1,1,1,1,1,1,1,1,1,1,1,1,1,1,1,1,1,1,1,1,1,1,1', 'sum-1', '$ans=$ans/2.8', null, '');
INSERT INTO `factor` VALUES ('174', 'def', null, null, '136', '2,7,12,17,22,27,32,37,42,47,52,57,62,67,72,6,7,8,9,10,81,82,83,84,85,156,157,158,159,160', '1,1,1,1,1,1,1,1,1,1,1,1,1,1,1,1,1,1,1,1,1,1,1,1,1,1,1,1,1,1', 'sum-1', '$ans=$ans/2.8', null, '');
INSERT INTO `factor` VALUES ('175', 'agg', null, null, '136', '155,160,165,170,175,180,185,190,195,200,205,210,215,220,225,71,72,73,74,75,146,147,148,149,150,221,222,223,224,225', '1,1,1,1,1,1,1,1,1,1,1,1,1,1,1,1,1,1,1,1,1,1,1,1,1,1,1,1,1,1', 'sum-1', '$ans=$ans/2.8', null, '');
INSERT INTO `factor` VALUES ('176', 'suc', null, null, '136', '78,83,88,93,98,103,108,113,118,123,128,133,138,143,148,36,37,38,39,40,111,112,113,114,115,186,187,188,189,190', '1,1,1,1,1,1,1,1,1,1,1,1,1,1,1,1,1,1,1,1,1,1,1,1,1,1,1,1,1,1', 'sum-1', '$ans=$ans/2.8', null, '');
INSERT INTO `factor` VALUES ('177', 'exh', null, null, '136', '4,9,14,19,24,29,34,39,44,49,54,59,64,69,74,16,17,18,19,20,91,92,93,94,95,166,167,168,169,170', '1,1,1,1,1,1,1,1,1,1,1,1,1,1,1,1,1,1,1,1,1,1,1,1,1,1,1,1,1,1', 'sum-1', '$ans=$ans/2.8', null, '');
INSERT INTO `factor` VALUES ('178', 'aut', null, null, '136', '5,10,15,20,25,30,35,40,45,50,55,60,65,70,75,21,22,23,24,25,96,97,98,99,100,171,172,173,174,175', '1,1,1,1,1,1,1,1,1,1,1,1,1,1,1,1,1,1,1,1,1,1,1,1,1,1,1,1,1,1', 'sum-1', '$ans=$ans/2.8', null, '');
INSERT INTO `factor` VALUES ('179', 'het', null, null, '136', '154,159,164,169,174,179,184,189,194,199,204,209,214,219,224,66,67,68,69,70,141,142,143,144,145,216,217,218,219,220', '1,1,1,1,1,1,1,1,1,1,1,1,1,1,1,1,1,1,1,1,1,1,1,1,1,1,1,1,1,1', 'sum-1', '$ans=$ans/2.8', null, '');
INSERT INTO `factor` VALUES ('180', 'nur', null, null, '136', '151,156,161,166,171,176,181,186,191,196,201,206,211,216,221,51,52,53,54,55,126,127,128,129,130,201,202,203,204,205', '1,1,1,1,1,1,1,1,1,1,1,1,1,1,1,1,1,1,1,1,1,1,1,1,1,1,1,1,1,1', 'sum-1', '$ans=$ans/2.8', null, '');
INSERT INTO `factor` VALUES ('181', 'con', null, null, '136', '1,7,13,19,25,26,32,38,44,50,51,57,63,69,75,101,107,113,119,125,151,157,163,169,175,201,207,213,219,225', '1,1,1,1,1,1,1,1,1,1,1,1,1,1,1,1,1,1,1,1,1,1,1,1,1,1,1,1,1,1', 'sum', 'if ($ans == 1) $ans = 9; else                    if ($ans == 2) $ans = 8; else                      if ($ans == 3) $ans = 7; else                    if ($ans == 4) $ans = 5; else                     if($ans ==6 ) $ans=2; else $ans = 1;', null, '');
INSERT INTO `factor` VALUES ('182', 'soma', null, null, '137', '1,4,12,27,40,42,48,49,52,53,56,58', '1,1,1,1,1,1,1,1,1,1,1,1', 'avg', 'if ($ans == 1) $ans = 9; else                    if ($ans < 1.1) $ans = 8; else                      if ($ans < 1.3) $ans = 7; else                    if ($ans < 1.4) $ans = 6; else                     if($ans <1.6 ) $ans=4;else                     if ($ans < 2) $ans = 3; else                      if ($ans < 4) $ans = 2; else $ans = 1;', null, '');
INSERT INTO `factor` VALUES ('183', 'obse', null, null, '137', '3,9,10,28,38,45,46,51,55,65', '1,1,1,1,1,1,1,1,1,1', 'avg', 'if ($ans == 1) $ans = 9; else                    if ($ans < 1.1) $ans = 8; else                      if ($ans < 1.3) $ans = 7; else                    if ($ans < 1.4) $ans = 6; else                     if($ans <1.6 ) $ans=4;else                     if ($ans < 2) $ans = 3; else                      if ($ans < 4) $ans = 2; else $ans = 1;', null, '');
INSERT INTO `factor` VALUES ('184', 'inte', null, null, '137', '6,21,34,36,37,41,61,69,73', '1,1,1,1,1,1,1,1,1', 'avg', 'if ($ans == 1) $ans = 9; else                    if ($ans < 1.1) $ans = 8; else                      if ($ans < 1.3) $ans = 7; else                    if ($ans < 1.4) $ans = 6; else                     if($ans <1.6 ) $ans=4;else                     if ($ans < 2) $ans = 3; else                      if ($ans < 4) $ans = 2; else $ans = 1;', null, '');
INSERT INTO `factor` VALUES ('185', 'depr', null, null, '137', '5,14,15,20,22,26,29,30,31,32,54,71,79', '1,1,1,1,1,1,1,1,1,1,1,1,1', 'avg', 'if ($ans == 1) $ans = 9; else                    if ($ans < 1.1) $ans = 8; else                      if ($ans < 1.3) $ans = 7; else                    if ($ans < 1.4) $ans = 6; else                     if($ans <1.6 ) $ans=4;else                     if ($ans < 2) $ans = 3; else                      if ($ans < 4) $ans = 2; else $ans = 1;', null, '');
INSERT INTO `factor` VALUES ('186', 'anxi', null, null, '137', '2,17,23,33,39,57,72,78,80,86', '1,1,1,1,1,1,1,1,1,1', 'avg', 'if ($ans == 1) $ans = 9; else                    if ($ans < 1.1) $ans = 8; else                      if ($ans < 1.3) $ans = 7; else                    if ($ans < 1.4) $ans = 6; else                     if($ans <1.6 ) $ans=4;else                     if ($ans < 2) $ans = 3; else                      if ($ans < 4) $ans = 2; else $ans = 1;', null, '');
INSERT INTO `factor` VALUES ('187', 'host', null, null, '137', '11,24,63,67,74,81', '1,1,1,1,1,1', 'avg', 'if ($ans == 1) $ans = 9; else                    if ($ans < 1.1) $ans = 8; else                      if ($ans < 1.3) $ans = 7; else                    if ($ans < 1.4) $ans = 6; else                     if($ans <1.6 ) $ans=4;else                     if ($ans < 2) $ans = 3; else                      if ($ans < 4) $ans = 2; else $ans = 1;', null, '');
INSERT INTO `factor` VALUES ('188', 'phob', null, null, '137', '13,25,47,50,70,75,82', '1,1,1,1,1,1,1', 'avg', 'if ($ans == 1) $ans = 9; else                    if ($ans < 1.1) $ans = 8; else                      if ($ans < 1.3) $ans = 7; else                    if ($ans < 1.4) $ans = 6; else                     if($ans <1.6 ) $ans=4;else                     if ($ans < 2) $ans = 3; else                      if ($ans < 4) $ans = 2; else $ans = 1;', null, '');
INSERT INTO `factor` VALUES ('189', 'parn', null, null, '137', '8,18,43,68,76,83', '1,1,1,1,1,1', 'avg', 'if ($ans == 1) $ans = 9; else                    if ($ans < 1.1) $ans = 8; else                      if ($ans < 1.3) $ans = 7; else                    if ($ans < 1.4) $ans = 6; else                     if($ans <1.6 ) $ans=4;else                     if ($ans < 2) $ans = 3; else                      if ($ans < 4) $ans = 2; else $ans = 1;', null, '');
INSERT INTO `factor` VALUES ('190', 'psyc', null, null, '137', '7,16,35,62,77,84,85,87,88,90', '1,1,1,1,1,1,1,1,1,1', 'avg', 'if ($ans == 1) $ans = 9; else                    if ($ans < 1.1) $ans = 8; else                      if ($ans < 1.3) $ans = 7; else                    if ($ans < 1.4) $ans = 6; else                     if($ans <1.6 ) $ans=4;else                     if ($ans < 2) $ans = 3; else                      if ($ans < 4) $ans = 2; else $ans = 1;', null, '');
INSERT INTO `factor` VALUES ('191', 'qtfm', null, null, '137', '19,44,59,60,64,66,89', '1,1,1,1,1,1,1', 'avg', 'if ($ans == 1) $ans = 9; else                    if ($ans < 1.1) $ans = 8; else                      if ($ans < 1.3) $ans = 7; else                    if ($ans < 1.4) $ans = 6; else                     if($ans <1.6 ) $ans=4;else                     if ($ans < 2) $ans = 3; else                      if ($ans < 4) $ans = 2; else $ans = 1;', null, '');
INSERT INTO `factor` VALUES ('192', 'epqae', null, null, '133', '1,5,10,13,14,17,21,25,29,33,37,41,45,49,53,55,61,65,71,80,84', '1,1,1,1,1,1,1,1,1,1,1,1,1,1,1,1,1,1,1,1,1', 'sum', '$ans=$ans/10', null, '');
INSERT INTO `factor` VALUES ('193', 'epqan', null, null, '133', '3,7,12,15,19,23,27,31,35,39,43,47,51,57,59,63,67,69,73,74,77,78,82,86', '1,1,1,1,1,1,1,1,1,1,1,1,1,1,1,1,1,1,1,1,1,1,1,1', 'sum', '$ans=10-$ans/10', null, '');
INSERT INTO `factor` VALUES ('194', 'epqap', null, null, '133', '2,6,9,11,18,22,26,30,34,38,42,46,50,56,62,66,68,72,75,76,81,85,88', '1,1,1,1,1,1,1,1,1,1,1,1,1,1,1,1,1,1,1,1,1,1,1', 'sum', '$ans=10-$ans/10', null, '');
INSERT INTO `factor` VALUES ('195', 'epqal', null, null, '133', '4,8,16,20,24,28,32,36,40,44,48,52,54,58,60,64,70,79,83,87', '1,1,1,1,1,1,1,1,1,1,1,1,1,1,1,1,1,1,1,1', 'sum', '$ans=10-$ans/10', null, '');
INSERT INTO `factor` VALUES ('196', 'do', null, null, '135', '26,27,57,83,89,91,130,153,161,170,174,181,193,199,205,109,213,224,227', '1,1,1,1,1,1,1,1,1,1,1,1,1,1,1,1,1,1,1', 'sum', '$ans=$ans/10', null, '');
INSERT INTO `factor` VALUES ('197', 'cs', null, null, '135', '8,18,23,36,43,50,79,83,95,99,113,115,139,149', '1,1,1,1,1,1,1,1,1,1,1,1,1,1', 'sum', '$ans=$ans/10', null, '');
INSERT INTO `factor` VALUES ('198', 'sy', null, null, '135', '1,25,38,46,53,54,57,64,72,81,83,120,130,136,146,147', '1,1,1,1,1,1,1,1,1,1,1,1,1,1,1,1', 'sum', '$ans=$ans/10', null, '');
INSERT INTO `factor` VALUES ('199', 'sp', null, null, '135', '3,11,23,25,28,34,38,40,46,53,89,99,103,113,116,126,131', '1,1,1,1,1,1,1,1,1,1,1,1,1,1,1,1,1', 'sum', '$ans=$ans/10', null, '');
INSERT INTO `factor` VALUES ('200', 'sa', null, null, '135', '4,16,17,57,89,91,113,130,147,154', '1,1,1,1,1,1,1,1,1,1', 'sum', '$ans=$ans/10', null, '');
INSERT INTO `factor` VALUES ('201', 'wb', null, null, '135', '7,35,48,96,117,134,155,159,166,172,178,180,187,191,202,204,206,214,217,220', '1,1,1,1,1,1,1,1,1,1,1,1,1,1,1,1,1,1,1,1', 'sum', '$ans=$ans/10', null, '');
INSERT INTO `factor` VALUES ('202', 're', null, null, '135', '21,24,30,37,39,41,58,65,69,82,101,104,106,132,143,150', '1,1,1,1,1,1,1,1,1,1,1,1,1,1,1,1', 'sum', '$ans=$ans/10', null, '');
INSERT INTO `factor` VALUES ('203', 'so', null, null, '135', '71,82,84,107,157,169,171,186,195,196,197,201,207,211,216,218,219,221,225,229', '1,1,1,1,1,1,1,1,1,1,1,1,1,1,1,1,1,1,1,1', 'sum', '$ans=$ans/10', null, '');
INSERT INTO `factor` VALUES ('204', 'sc', null, null, '135', '3,14,20,22,26,42,53,59,68,74,85,86,90,92,94,96,116,121,129,135,141,142,152,154,155,156', '1,1,1,1,1,1,1,1,1,1,1,1,1,1,1,1,1,1,1,1,1,1,1,1,1,1', 'sum', '$ans=$ans/10', null, '');
INSERT INTO `factor` VALUES ('205', 'po', null, null, '135', '7,12,33,48,50,74,77,88,92,93,102,110,123,129,134,148,152', '1,1,1,1,1,1,1,1,1,1,1,1,1,1,1,1,1', 'sum', '$ans=$ans/10', null, '');
INSERT INTO `factor` VALUES ('206', 'gi', null, null, '135', '6,15,20,22,32,35,42,44,49,52,55,73,75,78,85,90,100,116,118,133,141,151', '1,1,1,1,1,1,1,1,1,1,1,1,1,1,1,1,1,1,1,1,1,1', 'sum', '$ans=$ans/10', null, '');
INSERT INTO `factor` VALUES ('207', 'cm', null, null, '135', '158,160,162,163,168,173,176,177,182,188,192,215,226', '1,1,1,1,1,1,1,1,1,1,1,1,1', 'sum', '$ans=$ans/10', null, '');
INSERT INTO `factor` VALUES ('208', 'ac', null, null, '135', '14,24,61,72,76,80,86,87,98,107,117,121,125,137,144', '1,1,1,1,1,1,1,1,1,1,1,1,1,1,1', 'sum', '$ans=$ans/10', null, '');
INSERT INTO `factor` VALUES ('209', 'ai', null, null, '135', '4,19,29,60,62,66,70,102,111,119,127,128,139,152', '1,1,1,1,1,1,1,1,1,1,1,1,1,1', 'sum', '$ans=$ans/10', null, '');
INSERT INTO `factor` VALUES ('210', 'ie', null, null, '135', '25,40,57,83,99,130,136,146,179,185,208,210,212,222', '1,1,1,1,1,1,1,1,1,1,1,1,1,1', 'sum', '$ans=$ans/10', null, '');
INSERT INTO `factor` VALUES ('211', 'py', null, null, '135', '5,27,47,51,67,72,94,105,112,114,145', '1,1,1,1,1,1,1,1,1,1,1', 'sum', '$ans=$ans/10', null, '');
INSERT INTO `factor` VALUES ('212', 'fx', null, null, '135', '164,165,167,175,183,184,189,190,194,198,203,223,228,230', '1,1,1,1,1,1,1,1,1,1,1,1,1,1', 'sum', 'if ($ans == 100) $ans = 10; else                    if ($ans > 80) $ans = 9; else                      if ($ans > 65) $ans = 8; else                    if ($ans > 30) $ans = 5; else                     if ($ans > 10) $ans = 2;else $ans = 1;', null, '');
INSERT INTO `factor` VALUES ('213', 'fe', null, null, '135', '9,13,28,31,42,45,56,65,71,104,107,108,122,124,138,140', '1,1,1,1,1,1,1,1,1,1,1,1,1,1,1,1', 'sum', '$ans=$ans/10', null, '');
INSERT INTO `factor` VALUES ('214', 'spma', null, null, '138', '1,2,3,4,5,6,7,8,9,10,11,12', '1,1,1,1,1,1,1,1,1,1,1,1', 'sum', 'if ($ans == 1) $ans = 9; else                    if ($ans == 2) $ans = 7.5; else                      if ($ans == 3) $ans = 6; else                    if ($ans == 4) $ans = 5; else                      if ($ans == 5) $ans = 4; else $ans = 1;', null, 'SPM(A)');
INSERT INTO `factor` VALUES ('215', 'spmb', null, null, '138', '13,14,15,16,17,18,19,20,21,22,23,24', '1,1,1,1,1,1,1,1,1,1,1,1', 'sum', 'if ($ans == 1) $ans = 9; else                    if ($ans == 2) $ans = 7.5; else                      if ($ans == 3) $ans = 6; else                    if ($ans == 4) $ans = 5; else                      if ($ans == 5) $ans = 4; else $ans = 1;', null, 'SPM(B)');
INSERT INTO `factor` VALUES ('216', 'spmc', null, null, '138', '25,26,27,28,29,30,31,32,33,34,35,36', '1,1,1,1,1,1,1,1,1,1,1,1', 'sum', 'if ($ans == 1) $ans = 9; else                    if ($ans == 2) $ans = 7.5; else                      if ($ans == 3) $ans = 6; else                    if ($ans == 4) $ans = 5; else                      if ($ans == 5) $ans = 4; else $ans = 1;', null, 'SPM(C)');
INSERT INTO `factor` VALUES ('217', 'spmd', null, null, '138', '37,38,39,40,41,42,43,44,45,46,47,48', '1,1,1,1,1,1,1,1,1,1,1,1', 'sum', 'if ($ans == 1) $ans = 9; else                    if ($ans == 2) $ans = 7.5; else                      if ($ans == 3) $ans = 6; else                    if ($ans == 4) $ans = 5; else                      if ($ans == 5) $ans = 4; else $ans = 1;', null, 'SPM(D)');
INSERT INTO `factor` VALUES ('218', 'spme', null, null, '138', '49,50,51,52,53,54,55,56,57,58,59,60', '1,1,1,1,1,1,1,1,1,1,1,1', 'sum', 'if ($ans == 1) $ans = 9; else                    if ($ans == 2) $ans = 7.5; else                      if ($ans == 3) $ans = 6; else                    if ($ans == 4) $ans = 5; else                      if ($ans == 5) $ans = 4; else $ans = 1;', null, 'SPM(E)');
INSERT INTO `factor` VALUES ('219', 'spm', null, null, '138', 'spma,spmb,spmc,spmd,spme', '0,0,0,0,0', 'spma+spmb+spmc+spmd+spme', null, null, 'SPM');
INSERT INTO `factor` VALUES ('220', 'spmabc', null, null, '138', 'spma,spmb,spmc', '0,0,0', 'spma+spmb+spmc', null, null, 'SPM(ABC)');

-- ----------------------------
-- Table structure for `factor_ans`
-- ----------------------------
DROP TABLE IF EXISTS `factor_ans`;
CREATE TABLE `factor_ans` (
  `score` float(11,2) DEFAULT NULL COMMENT '',
  `std_score` float(11,2) DEFAULT NULL COMMENT '',
  `examinee_id` int(11) NOT NULL COMMENT 'id',
  `factor_id` int(11) NOT NULL COMMENT 'id',
  `ans_score` float(11,2) DEFAULT NULL,
  PRIMARY KEY (`examinee_id`,`factor_id`),
  KEY `fk_factor_ans_2_idx` (`factor_id`),
  CONSTRAINT `fk_factor_ans_1` FOREIGN KEY (`examinee_id`) REFERENCES `examinee` (`id`) ON DELETE CASCADE ON UPDATE CASCADE,
  CONSTRAINT `fk_factor_ans_2` FOREIGN KEY (`factor_id`) REFERENCES `factor` (`id`) ON DELETE CASCADE ON UPDATE CASCADE
) ENGINE=InnoDB DEFAULT CHARSET=utf8;

-- ----------------------------
-- Records of factor_ans
-- ----------------------------
INSERT INTO `factor_ans` VALUES ('10.00', '5.00', '1', '142', '5.00');
INSERT INTO `factor_ans` VALUES ('2.00', '1.00', '1', '143', '1.00');
INSERT INTO `factor_ans` VALUES ('16.00', '6.00', '1', '144', '6.00');
INSERT INTO `factor_ans` VALUES ('14.00', '7.00', '1', '145', '7.00');
INSERT INTO `factor_ans` VALUES ('12.00', '5.00', '1', '146', '5.00');
INSERT INTO `factor_ans` VALUES ('12.00', '5.00', '1', '147', '5.00');
INSERT INTO `factor_ans` VALUES ('12.00', '6.00', '1', '148', '6.00');
INSERT INTO `factor_ans` VALUES ('8.00', '4.00', '1', '149', '4.00');
INSERT INTO `factor_ans` VALUES ('12.00', '6.00', '1', '150', '6.00');
INSERT INTO `factor_ans` VALUES ('12.00', '5.00', '1', '151', '5.00');
INSERT INTO `factor_ans` VALUES ('10.00', '6.00', '1', '152', '6.00');
INSERT INTO `factor_ans` VALUES ('14.00', '7.00', '1', '153', '7.00');
INSERT INTO `factor_ans` VALUES ('12.00', '6.00', '1', '154', '6.00');
INSERT INTO `factor_ans` VALUES ('10.00', '5.00', '1', '155', '5.00');
INSERT INTO `factor_ans` VALUES ('12.00', '5.00', '1', '156', '5.00');
INSERT INTO `factor_ans` VALUES ('18.00', '8.00', '1', '157', '2.00');
INSERT INTO `factor_ans` VALUES ('6.90', '6.90', '1', '158', '3.10');
INSERT INTO `factor_ans` VALUES ('6.00', '6.00', '1', '159', '6.00');
INSERT INTO `factor_ans` VALUES ('7.10', '7.10', '1', '160', '7.10');
INSERT INTO `factor_ans` VALUES ('6.20', '6.20', '1', '161', '6.20');
INSERT INTO `factor_ans` VALUES ('18.00', '18.00', '1', '162', '4.50');
INSERT INTO `factor_ans` VALUES ('56.00', '56.00', '1', '163', '7.47');
INSERT INTO `factor_ans` VALUES ('73.00', '4.00', '1', '164', '4.00');
INSERT INTO `factor_ans` VALUES ('17.00', '17.00', '1', '165', '4.25');
INSERT INTO `factor_ans` VALUES ('14.00', '14.00', '1', '166', '5.00');
INSERT INTO `factor_ans` VALUES ('14.00', '14.00', '1', '167', '5.00');
INSERT INTO `factor_ans` VALUES ('14.00', '14.00', '1', '168', '5.00');
INSERT INTO `factor_ans` VALUES ('14.00', '14.00', '1', '169', '5.00');
INSERT INTO `factor_ans` VALUES ('14.00', '14.00', '1', '170', '5.00');
INSERT INTO `factor_ans` VALUES ('14.00', '14.00', '1', '171', '5.00');
INSERT INTO `factor_ans` VALUES ('14.00', '14.00', '1', '172', '5.00');
INSERT INTO `factor_ans` VALUES ('14.00', '14.00', '1', '173', '5.00');
INSERT INTO `factor_ans` VALUES ('14.00', '14.00', '1', '174', '5.00');
INSERT INTO `factor_ans` VALUES ('14.00', '14.00', '1', '175', '5.00');
INSERT INTO `factor_ans` VALUES ('14.00', '14.00', '1', '176', '5.00');
INSERT INTO `factor_ans` VALUES ('14.00', '14.00', '1', '177', '5.00');
INSERT INTO `factor_ans` VALUES ('14.00', '14.00', '1', '178', '5.00');
INSERT INTO `factor_ans` VALUES ('14.00', '14.00', '1', '179', '5.00');
INSERT INTO `factor_ans` VALUES ('14.00', '14.00', '1', '180', '5.00');
INSERT INTO `factor_ans` VALUES ('0.00', '0.00', '1', '181', '1.00');
INSERT INTO `factor_ans` VALUES ('1.00', '1.00', '1', '182', '9.00');
INSERT INTO `factor_ans` VALUES ('1.00', '1.00', '1', '183', '9.00');
INSERT INTO `factor_ans` VALUES ('1.00', '1.00', '1', '184', '9.00');
INSERT INTO `factor_ans` VALUES ('1.00', '1.00', '1', '185', '9.00');
INSERT INTO `factor_ans` VALUES ('1.00', '1.00', '1', '186', '9.00');
INSERT INTO `factor_ans` VALUES ('1.00', '1.00', '1', '187', '9.00');
INSERT INTO `factor_ans` VALUES ('1.00', '1.00', '1', '188', '9.00');
INSERT INTO `factor_ans` VALUES ('1.00', '1.00', '1', '189', '9.00');
INSERT INTO `factor_ans` VALUES ('1.00', '1.00', '1', '190', '9.00');
INSERT INTO `factor_ans` VALUES ('1.00', '1.00', '1', '191', '9.00');
INSERT INTO `factor_ans` VALUES ('18.00', '72.14', '1', '192', '7.21');
INSERT INTO `factor_ans` VALUES ('24.00', '70.68', '1', '193', '2.93');
INSERT INTO `factor_ans` VALUES ('12.00', '83.21', '1', '194', '1.68');
INSERT INTO `factor_ans` VALUES ('5.00', '17.67', '1', '195', '8.23');
INSERT INTO `factor_ans` VALUES ('10.00', '54.78', '1', '196', '5.48');
INSERT INTO `factor_ans` VALUES ('6.00', '51.43', '1', '197', '5.14');
INSERT INTO `factor_ans` VALUES ('9.00', '49.56', '1', '198', '4.96');
INSERT INTO `factor_ans` VALUES ('8.00', '48.84', '1', '199', '4.88');
INSERT INTO `factor_ans` VALUES ('2.00', '39.23', '1', '200', '3.92');
INSERT INTO `factor_ans` VALUES ('0.00', '6.41', '1', '201', '0.64');
INSERT INTO `factor_ans` VALUES ('3.00', '17.23', '1', '202', '1.72');
INSERT INTO `factor_ans` VALUES ('5.00', '21.14', '1', '203', '2.11');
INSERT INTO `factor_ans` VALUES ('1.00', '19.54', '1', '204', '1.95');
INSERT INTO `factor_ans` VALUES ('0.00', '18.45', '1', '205', '1.84');
INSERT INTO `factor_ans` VALUES ('1.00', '27.12', '1', '206', '2.71');
INSERT INTO `factor_ans` VALUES ('4.00', '17.38', '1', '207', '1.74');
INSERT INTO `factor_ans` VALUES ('0.00', '13.79', '1', '208', '1.38');
INSERT INTO `factor_ans` VALUES ('0.00', '21.55', '1', '209', '2.16');
INSERT INTO `factor_ans` VALUES ('5.00', '31.14', '1', '210', '3.11');
INSERT INTO `factor_ans` VALUES ('0.00', '20.55', '1', '211', '2.06');
INSERT INTO `factor_ans` VALUES ('1.00', '35.86', '1', '212', '5.00');
INSERT INTO `factor_ans` VALUES ('8.00', '45.36', '1', '213', '4.54');
INSERT INTO `factor_ans` VALUES ('2.00', '2.00', '1', '214', '1.67');
INSERT INTO `factor_ans` VALUES ('2.00', '2.00', '1', '215', '1.67');
INSERT INTO `factor_ans` VALUES ('2.00', '2.00', '1', '216', '1.67');
INSERT INTO `factor_ans` VALUES ('1.00', '1.00', '1', '217', '0.83');
INSERT INTO `factor_ans` VALUES ('2.00', '2.00', '1', '218', '1.67');
INSERT INTO `factor_ans` VALUES ('9.00', '50.00', '1', '219', '4.00');
INSERT INTO `factor_ans` VALUES ('6.00', '6.00', '1', '220', '1.67');
INSERT INTO `factor_ans` VALUES ('10.00', '5.00', '3', '142', '5.00');
INSERT INTO `factor_ans` VALUES ('2.00', '1.00', '3', '143', '1.00');
INSERT INTO `factor_ans` VALUES ('16.00', '6.00', '3', '144', '6.00');
INSERT INTO `factor_ans` VALUES ('14.00', '7.00', '3', '145', '7.00');
INSERT INTO `factor_ans` VALUES ('12.00', '5.00', '3', '146', '5.00');
INSERT INTO `factor_ans` VALUES ('12.00', '5.00', '3', '147', '5.00');
INSERT INTO `factor_ans` VALUES ('12.00', '6.00', '3', '148', '6.00');
INSERT INTO `factor_ans` VALUES ('8.00', '4.00', '3', '149', '4.00');
INSERT INTO `factor_ans` VALUES ('12.00', '6.00', '3', '150', '6.00');
INSERT INTO `factor_ans` VALUES ('12.00', '5.00', '3', '151', '5.00');
INSERT INTO `factor_ans` VALUES ('10.00', '6.00', '3', '152', '6.00');
INSERT INTO `factor_ans` VALUES ('14.00', '7.00', '3', '153', '7.00');
INSERT INTO `factor_ans` VALUES ('12.00', '6.00', '3', '154', '6.00');
INSERT INTO `factor_ans` VALUES ('10.00', '5.00', '3', '155', '5.00');
INSERT INTO `factor_ans` VALUES ('12.00', '5.00', '3', '156', '5.00');
INSERT INTO `factor_ans` VALUES ('18.00', '8.00', '3', '157', '2.00');
INSERT INTO `factor_ans` VALUES ('6.90', '6.90', '3', '158', '3.10');
INSERT INTO `factor_ans` VALUES ('6.00', '6.00', '3', '159', '6.00');
INSERT INTO `factor_ans` VALUES ('7.10', '7.10', '3', '160', '7.10');
INSERT INTO `factor_ans` VALUES ('6.20', '6.20', '3', '161', '6.20');
INSERT INTO `factor_ans` VALUES ('18.00', '18.00', '3', '162', '4.50');
INSERT INTO `factor_ans` VALUES ('56.00', '56.00', '3', '163', '7.47');
INSERT INTO `factor_ans` VALUES ('73.00', '4.00', '3', '164', '4.00');
INSERT INTO `factor_ans` VALUES ('17.00', '17.00', '3', '165', '4.25');
INSERT INTO `factor_ans` VALUES ('14.00', '14.00', '3', '166', '5.00');
INSERT INTO `factor_ans` VALUES ('14.00', '14.00', '3', '167', '5.00');
INSERT INTO `factor_ans` VALUES ('14.00', '14.00', '3', '168', '5.00');
INSERT INTO `factor_ans` VALUES ('14.00', '14.00', '3', '169', '5.00');
INSERT INTO `factor_ans` VALUES ('14.00', '14.00', '3', '170', '5.00');
INSERT INTO `factor_ans` VALUES ('14.00', '14.00', '3', '171', '5.00');
INSERT INTO `factor_ans` VALUES ('14.00', '14.00', '3', '172', '5.00');
INSERT INTO `factor_ans` VALUES ('14.00', '14.00', '3', '173', '5.00');
INSERT INTO `factor_ans` VALUES ('14.00', '14.00', '3', '174', '5.00');
INSERT INTO `factor_ans` VALUES ('14.00', '14.00', '3', '175', '5.00');
INSERT INTO `factor_ans` VALUES ('14.00', '14.00', '3', '176', '5.00');
INSERT INTO `factor_ans` VALUES ('14.00', '14.00', '3', '177', '5.00');
INSERT INTO `factor_ans` VALUES ('14.00', '14.00', '3', '178', '5.00');
INSERT INTO `factor_ans` VALUES ('14.00', '14.00', '3', '179', '5.00');
INSERT INTO `factor_ans` VALUES ('14.00', '14.00', '3', '180', '5.00');
INSERT INTO `factor_ans` VALUES ('0.00', '0.00', '3', '181', '1.00');
INSERT INTO `factor_ans` VALUES ('1.00', '1.00', '3', '182', '9.00');
INSERT INTO `factor_ans` VALUES ('1.00', '1.00', '3', '183', '9.00');
INSERT INTO `factor_ans` VALUES ('1.00', '1.00', '3', '184', '9.00');
INSERT INTO `factor_ans` VALUES ('1.00', '1.00', '3', '185', '9.00');
INSERT INTO `factor_ans` VALUES ('1.00', '1.00', '3', '186', '9.00');
INSERT INTO `factor_ans` VALUES ('1.00', '1.00', '3', '187', '9.00');
INSERT INTO `factor_ans` VALUES ('1.00', '1.00', '3', '188', '9.00');
INSERT INTO `factor_ans` VALUES ('1.00', '1.00', '3', '189', '9.00');
INSERT INTO `factor_ans` VALUES ('1.00', '1.00', '3', '190', '9.00');
INSERT INTO `factor_ans` VALUES ('1.00', '1.00', '3', '191', '9.00');
INSERT INTO `factor_ans` VALUES ('18.00', '70.82', '3', '192', '7.08');
INSERT INTO `factor_ans` VALUES ('24.00', '74.75', '3', '193', '2.53');
INSERT INTO `factor_ans` VALUES ('12.00', '74.00', '3', '194', '2.60');
INSERT INTO `factor_ans` VALUES ('5.00', '27.00', '3', '195', '7.30');
INSERT INTO `factor_ans` VALUES ('10.00', '54.78', '3', '196', '5.48');
INSERT INTO `factor_ans` VALUES ('6.00', '51.43', '3', '197', '5.14');
INSERT INTO `factor_ans` VALUES ('9.00', '49.56', '3', '198', '4.96');
INSERT INTO `factor_ans` VALUES ('8.00', '48.84', '3', '199', '4.88');
INSERT INTO `factor_ans` VALUES ('2.00', '39.23', '3', '200', '3.92');
INSERT INTO `factor_ans` VALUES ('0.00', '6.41', '3', '201', '0.64');
INSERT INTO `factor_ans` VALUES ('3.00', '17.23', '3', '202', '1.72');
INSERT INTO `factor_ans` VALUES ('5.00', '21.14', '3', '203', '2.11');
INSERT INTO `factor_ans` VALUES ('1.00', '19.54', '3', '204', '1.95');
INSERT INTO `factor_ans` VALUES ('0.00', '18.45', '3', '205', '1.84');
INSERT INTO `factor_ans` VALUES ('1.00', '27.12', '3', '206', '2.71');
INSERT INTO `factor_ans` VALUES ('4.00', '17.38', '3', '207', '1.74');
INSERT INTO `factor_ans` VALUES ('0.00', '13.79', '3', '208', '1.38');
INSERT INTO `factor_ans` VALUES ('0.00', '21.55', '3', '209', '2.16');
INSERT INTO `factor_ans` VALUES ('5.00', '31.14', '3', '210', '3.11');
INSERT INTO `factor_ans` VALUES ('0.00', '20.55', '3', '211', '2.06');
INSERT INTO `factor_ans` VALUES ('1.00', '35.86', '3', '212', '5.00');
INSERT INTO `factor_ans` VALUES ('8.00', '45.36', '3', '213', '4.54');
INSERT INTO `factor_ans` VALUES ('2.00', '2.00', '3', '214', '1.67');
INSERT INTO `factor_ans` VALUES ('2.00', '2.00', '3', '215', '1.67');
INSERT INTO `factor_ans` VALUES ('2.00', '2.00', '3', '216', '1.67');
INSERT INTO `factor_ans` VALUES ('1.00', '1.00', '3', '217', '0.83');
INSERT INTO `factor_ans` VALUES ('2.00', '2.00', '3', '218', '1.67');
INSERT INTO `factor_ans` VALUES ('9.00', '50.00', '3', '219', '4.00');
INSERT INTO `factor_ans` VALUES ('6.00', '6.00', '3', '220', '1.67');

-- ----------------------------
-- Table structure for `index`
-- ----------------------------
DROP TABLE IF EXISTS `index`;
CREATE TABLE `index` (
  `id` int(11) NOT NULL AUTO_INCREMENT,
  `name` varchar(45) NOT NULL COMMENT '',
  `father_index` int(11) DEFAULT NULL COMMENT 'id',
  `module_id` int(11) DEFAULT NULL COMMENT 'id',
  `children` varchar(2000) DEFAULT NULL COMMENT '',
  `children_type` varchar(1000) DEFAULT NULL COMMENT 'indexfactor',
  `chs_name` varchar(45) DEFAULT NULL COMMENT '',
  `ans_do` varchar(1000) DEFAULT NULL COMMENT '',
  `action` varchar(1000) DEFAULT NULL COMMENT '',
  PRIMARY KEY (`id`),
  UNIQUE KEY `name_UNIQUE` (`name`),
  KEY `index2` (`father_index`),
  KEY `index3` (`module_id`),
  CONSTRAINT `fk_index_1` FOREIGN KEY (`father_index`) REFERENCES `index` (`id`) ON DELETE SET NULL ON UPDATE SET NULL,
  CONSTRAINT `fk_index_2` FOREIGN KEY (`module_id`) REFERENCES `module` (`id`) ON DELETE CASCADE ON UPDATE CASCADE
) ENGINE=InnoDB AUTO_INCREMENT=30 DEFAULT CHARSET=utf8;

-- ----------------------------
-- Records of index
-- ----------------------------
INSERT INTO `index` VALUES ('2', 'zb_ldnl', null, null, 'zb_pdyjcnl,zb_zzglnl,zb_cxnl,zb_ybnl,zb_dlgznl', '0,0,0,0,0', '', null, '(2*(zb_pdyjcnl + zb_zzglnl)+ zb_cxnl + zb_ybnl+ zb_dlgznl)/7');
INSERT INTO `index` VALUES ('3', 'zb_pdyjcnl', null, null, 'X4,H,chg,Y3,ord,end,aut,X3', '1,1,1,1,1,1,1,1', '', null, '(1.5*(X4 + H)+chg +Y3 + ord+end +aut +X3)/8');
INSERT INTO `index` VALUES ('4', 'zb_zzglnl', null, null, 'dom,ord,H,X4,Y2,ach,end,aut,re,do', '1,1,1,1,1,1,1,1,1,1', '', null, '(1.5*(dom + ord) + H + X4 + Y2 + ach + end + aut + re + do)/11');
INSERT INTO `index` VALUES ('5', 'zb_fxx', null, null, 'H,chg,M,Q2,I,sp,sa,A', '1,1,1,1,1,1,1,1', '', null, '(1.5*(H + chg) + M + Q2 + I + sp + sa + A)/9');
INSERT INTO `index` VALUES ('6', 'zb_dlgznl', null, null, 'aut,Q2,dom,ai,ach,exh,def,Q1,H,E,ie', '1,1,1,1,1,1,1,1,1,1,1', '', null, '(1.5*(aut + Q2) + dom + ai + ach + exh + def + Q1 + H + E + ie)/12');
INSERT INTO `index` VALUES ('7', 'zb_cxnl', null, null, 'Y3,H,chg,M,I,F,Q1,L,A,fx,py,end,Y4', '1,1,1,1,1,1,1,1,1,1,1,1,1', '', null, '(1.5*(Y3 + H + chg) + M + I + F + Q1 + L + A + fx + py + end + Y4)/14.5');
INSERT INTO `index` VALUES ('8', 'zb_ybnl', null, null, 'X1,Y4,Y3,chg,ach,Q1,I,B,Q3', '1,1,1,1,1,1,1,1,1', '', null, '(1.5*(X1 + Y4) + Y3 + chg + ach + Q1 + I + B + Q3)/10');
INSERT INTO `index` VALUES ('9', 'zb_jlx', null, null, 'Q3,sc,sa,po,G,fx,so,int', '1,1,1,1,1,1,1,1', '', null, '(1.5*(Q3 + sc) + sa + po + G + fx + so + int)/9');
INSERT INTO `index` VALUES ('10', 'zb_fxnl', null, null, 'spmd,Y3,int,B,Y4,Y2,end,Q2,ord,E,L', '1,1,1,1,1,1,1,1,1,1,1', '', null, '(1.5*(spmd + Y3 + int) + B + Y4 + Y2 + end + Q2 + ord + E + L)/12.5');
INSERT INTO `index` VALUES ('11', 'zb_gnnl', null, null, 'spme,spmd,Y2,ai,ac,chg,aut,dom,Q2,N,fx,ie', '1,1,1,1,1,1,1,1,1,1,1,1', '', null, '(1.5*(spme + spmd + Y2) + ai + ac + chg + aut + dom + Q2 + N + fx + ie)/13.5');
INSERT INTO `index` VALUES ('12', 'zb_zrx', null, null, 're,G,C,Q2,ach,end,ac,ai,def,aut,ord,dom', '1,1,1,1,1,1,1,1,1,1,1,1', '', null, '(2*(re + G + C + Q2) + ach + end + ac + ai + def + aut + ord + dom)/16');
INSERT INTO `index` VALUES ('13', 'zb_cxd', null, null, 'con,epqal,gi,wb,Q3,re,cm', '1,1,1,1,1,1,1', '', null, '(1.5*(con + epqal) + gi + wb + Q3 + re + cm)/8');
INSERT INTO `index` VALUES ('14', 'zb_grjzqx', null, null, 'ach,Y2,cs,exh,dom,nur,aff,aba,def,gi,wb,Q3,sc,po', '1,1,1,1,1,1,1,1,1,1,1,1,1,1', '', null, '(2*(ach + Y2 + cs) + exh + dom + nur + aff + aba + def + gi + wb + Q3 + sc +po)/17');
INSERT INTO `index` VALUES ('15', 'zb_tdjs', null, null, 'ac,A,Y2,aff,def,ach,ord,end,aut,cs,ai', '1,1,1,1,1,1,1,1,1,1,1', '', null, '(1.5*(ac + A + Y2) + aff + def + ach + ord + end + aut + cs +ai)/12.5');
INSERT INTO `index` VALUES ('16', 'zb_gztd', null, null, 're,Q2,G,ord,end,sc,Y4', '1,1,1,1,1,1,1', '', null, '(1.5*(re + Q2) + G + ord + end + sc + Y4)/8');
INSERT INTO `index` VALUES ('17', 'zb_gzzf', null, null, 'X4,zb_rjgxtjsp,chg,Y3,Q3,spmabc,aff', '1,0,1,1,1,1,1', '', null, '(1.5*(X4 + zb_rjgxtjsp) + chg + Y3 + Q3 + spmabc + aff)/8');
INSERT INTO `index` VALUES ('18', 'zb_rnx', null, null, 'po,nur,aff,ac,aba,def,X1,A,L,E', '1,1,1,1,1,1,1,1,1,1', '', null, '(1.5*(po + nur + aff) + ac + aba + def + X1 + A + L + E)/11.5');
INSERT INTO `index` VALUES ('19', 'zb_bxx', null, null, 'exh,gi,cm,wb,sy,aut,dom,agg,Q2', '1,1,1,1,1,1,1,1,1', '', null, '(1.5*(exh + gi + cm) + wb + sy + aut + dom + agg + Q2)/10.5');
INSERT INTO `index` VALUES ('20', 'zb_rjgxtjsp', null, null, 'po,aff,nur,def,E,X3,N,inte,I,aba,suc,fx', '1,1,1,1,1,1,1,1,1,1,1,1', '', null, '(1.5*(po + aff + nur) + def + E + X3 + N + inte + I + aba + suc +fx)/13.5');
INSERT INTO `index` VALUES ('21', 'zb_tzjl', null, null, 'soma,obse,epqap,epqan,F,M,G,I', '1,1,1,1,1,1,1,1', '', null, '(1.5*(soma + obse) + epqap + epqan + F + M + G + I)/9');
INSERT INTO `index` VALUES ('22', 'zb_xg', null, null, 'X2,epqae,A,sy,sa,sp,F,exh,spmabc,I', '1,1,1,1,1,1,1,1,1,1', '', null, '(1.5*(X2 + epqae + A) + sy + sa + sp + F + exh + spmabc + I)/11.5');
INSERT INTO `index` VALUES ('23', 'zb_qxkzsp', null, null, 'Y1,sc,C,G,Q3,F,I,po,N,epqan', '1,1,1,1,1,1,1,1,1,1', '', null, '(1.5*(Y1 + sc + C) + G + Q3 + F + I + po + N + epqan)/11.5');
INSERT INTO `index` VALUES ('24', 'zb_syhjsp', null, null, 'Y4,fx,sp,O,sc,po,Q4,X1', '1,1,1,1,1,1,1,1', '', null, '(1.5*(Y4 + fx) + sp + O + sc + po + Q4 + X1)/9');
INSERT INTO `index` VALUES ('25', 'zb_zz', null, null, 'ai,end,E,G,aut,def,agg,Q2,H,L,parn', '1,1,1,1,1,1,1,1,1,1,1', '', null, '(1.5*(ai + end + E) + G + aut + def + agg + Q2 + H + L + parn)/12.5');
INSERT INTO `index` VALUES ('26', 'zb_xljksp', null, null, 'Y1,C,sc,X1,sa,Q3,py,O,Q4,A', '1,1,1,1,1,1,1,1,1,1', '', null, '(1.5*(Y1 + C + sc + X1) + sa + Q3 + py + O + Q4+ A)/12');
INSERT INTO `index` VALUES ('27', 'zb_sjnl', null, null, 'sy,aff,def,end,agg,I,F,epqae,A,L,E,sp', '1,1,1,1,1,1,1,1,1,1,1,1', '', null, '(1.5*(sy + aff + def + end) + agg + I + F + epqae + A + L + E +sp)/14');
INSERT INTO `index` VALUES ('28', 'zb_chd', null, null, 'B,spm,Y4,Y2,Y3,chg,ai,ac,ie,N', '1,1,1,1,1,1,1,1,1,1', '', null, '(1.5*(B + spm + Y4) + Y2 + Y3 + chg + ai + ac + ie + N)/11.5');
INSERT INTO `index` VALUES ('29', 'zb_jmng', null, null, 'ie,N,fx,sc,po,sa,Y4', '1,1,1,1,1,1,1', '', null, '(1.5*(ie + N) + fx + sc + po + sa + Y4)/8');

-- ----------------------------
-- Table structure for `index_ans`
-- ----------------------------
DROP TABLE IF EXISTS `index_ans`;
CREATE TABLE `index_ans` (
  `score` float(11,2) NOT NULL COMMENT '\n',
  `index_id` int(11) NOT NULL COMMENT 'id',
  `examinee_id` int(11) NOT NULL COMMENT 'id',
  PRIMARY KEY (`index_id`,`examinee_id`),
  KEY `fk_index_ans_1_idx` (`examinee_id`),
  KEY `fk_index_ans_2_idx` (`index_id`),
  CONSTRAINT `fk_index_ans_1` FOREIGN KEY (`examinee_id`) REFERENCES `examinee` (`id`) ON DELETE CASCADE ON UPDATE CASCADE,
  CONSTRAINT `fk_index_ans_2` FOREIGN KEY (`index_id`) REFERENCES `index` (`id`) ON DELETE CASCADE ON UPDATE CASCADE
) ENGINE=InnoDB DEFAULT CHARSET=utf8;

-- ----------------------------
-- Records of index_ans
-- ----------------------------
INSERT INTO `index_ans` VALUES ('5.22', '2', '1');
INSERT INTO `index_ans` VALUES ('5.22', '2', '3');
INSERT INTO `index_ans` VALUES ('6.17', '3', '1');
INSERT INTO `index_ans` VALUES ('6.17', '3', '3');
INSERT INTO `index_ans` VALUES ('5.17', '4', '1');
INSERT INTO `index_ans` VALUES ('5.17', '4', '3');
INSERT INTO `index_ans` VALUES ('4.92', '5', '1');
INSERT INTO `index_ans` VALUES ('4.92', '5', '3');
INSERT INTO `index_ans` VALUES ('4.94', '6', '1');
INSERT INTO `index_ans` VALUES ('4.94', '6', '3');
INSERT INTO `index_ans` VALUES ('4.81', '7', '1');
INSERT INTO `index_ans` VALUES ('4.81', '7', '3');
INSERT INTO `index_ans` VALUES ('4.10', '8', '1');
INSERT INTO `index_ans` VALUES ('4.10', '8', '3');
INSERT INTO `index_ans` VALUES ('3.70', '9', '1');
INSERT INTO `index_ans` VALUES ('3.70', '9', '3');
INSERT INTO `index_ans` VALUES ('4.44', '10', '1');
INSERT INTO `index_ans` VALUES ('4.44', '10', '3');
INSERT INTO `index_ans` VALUES ('3.90', '11', '1');
INSERT INTO `index_ans` VALUES ('3.90', '11', '3');
INSERT INTO `index_ans` VALUES ('4.31', '12', '1');
INSERT INTO `index_ans` VALUES ('4.31', '12', '3');
INSERT INTO `index_ans` VALUES ('3.21', '13', '1');
INSERT INTO `index_ans` VALUES ('3.03', '13', '3');
INSERT INTO `index_ans` VALUES ('4.55', '14', '1');
INSERT INTO `index_ans` VALUES ('4.55', '14', '3');
INSERT INTO `index_ans` VALUES ('4.65', '15', '1');
INSERT INTO `index_ans` VALUES ('4.65', '15', '3');
INSERT INTO `index_ans` VALUES ('3.91', '16', '1');
INSERT INTO `index_ans` VALUES ('3.91', '16', '3');
INSERT INTO `index_ans` VALUES ('4.73', '17', '1');
INSERT INTO `index_ans` VALUES ('4.73', '17', '3');
INSERT INTO `index_ans` VALUES ('4.37', '18', '1');
INSERT INTO `index_ans` VALUES ('4.37', '18', '3');
INSERT INTO `index_ans` VALUES ('3.79', '19', '1');
INSERT INTO `index_ans` VALUES ('3.79', '19', '3');
INSERT INTO `index_ans` VALUES ('5.25', '20', '1');
INSERT INTO `index_ans` VALUES ('5.25', '20', '3');
INSERT INTO `index_ans` VALUES ('5.62', '21', '1');
INSERT INTO `index_ans` VALUES ('5.68', '21', '3');
INSERT INTO `index_ans` VALUES ('4.93', '22', '1');
INSERT INTO `index_ans` VALUES ('4.92', '22', '3');
INSERT INTO `index_ans` VALUES ('4.21', '23', '1');
INSERT INTO `index_ans` VALUES ('4.18', '23', '3');
INSERT INTO `index_ans` VALUES ('3.85', '24', '1');
INSERT INTO `index_ans` VALUES ('3.85', '24', '3');
INSERT INTO `index_ans` VALUES ('5.38', '25', '1');
INSERT INTO `index_ans` VALUES ('5.38', '25', '3');
INSERT INTO `index_ans` VALUES ('4.03', '26', '1');
INSERT INTO `index_ans` VALUES ('4.03', '26', '3');
INSERT INTO `index_ans` VALUES ('5.29', '27', '1');
INSERT INTO `index_ans` VALUES ('5.28', '27', '3');
INSERT INTO `index_ans` VALUES ('3.74', '28', '1');
INSERT INTO `index_ans` VALUES ('3.74', '28', '3');
INSERT INTO `index_ans` VALUES ('3.83', '29', '1');
INSERT INTO `index_ans` VALUES ('3.83', '29', '3');

-- ----------------------------
-- Table structure for `inquery_ans`
-- ----------------------------
DROP TABLE IF EXISTS `inquery_ans`;
CREATE TABLE `inquery_ans` (
  `project_id` int(11) NOT NULL,
  `examinee_id` int(11) NOT NULL,
  `option` text,
  PRIMARY KEY (`project_id`,`examinee_id`),
  KEY `fk_inquery_ans_2_idx` (`examinee_id`),
  KEY `fk_inquery_ans_1_idx` (`project_id`) USING BTREE,
  CONSTRAINT `fk_inquery_ans_1` FOREIGN KEY (`project_id`) REFERENCES `project` (`id`) ON DELETE CASCADE ON UPDATE CASCADE,
  CONSTRAINT `fk_inquery_ans_2` FOREIGN KEY (`examinee_id`) REFERENCES `examinee` (`id`) ON DELETE CASCADE ON UPDATE CASCADE
) ENGINE=InnoDB DEFAULT CHARSET=utf8;

-- ----------------------------
-- Records of inquery_ans
-- ----------------------------
INSERT INTO `inquery_ans` VALUES ('1502', '1', 'a|a|a|a|a|a|a|a|a|a|a|a|a|a|a|a|a|a|a|a|a|a|a|a|a');
INSERT INTO `inquery_ans` VALUES ('1502', '3', 'a|a|a|a|a|a|a|a|a|a|a|a|a|a|a|a|a|a|a|a|a|a|a|a|a');

-- ----------------------------
-- Table structure for `inquery_question`
-- ----------------------------
DROP TABLE IF EXISTS `inquery_question`;
CREATE TABLE `inquery_question` (
  `id` int(11) NOT NULL AUTO_INCREMENT,
  `topic` text COMMENT '',
  `options` text,
  `is_radio` tinyint(1) DEFAULT NULL,
  `project_id` int(11) NOT NULL,
  PRIMARY KEY (`id`,`project_id`),
  KEY `fk_project_id` (`project_id`),
  CONSTRAINT `fk_project_id` FOREIGN KEY (`project_id`) REFERENCES `project` (`id`) ON DELETE CASCADE ON UPDATE CASCADE
) ENGINE=InnoDB AUTO_INCREMENT=26 DEFAULT CHARSET=utf8;

-- ----------------------------
-- Records of inquery_question
-- ----------------------------
INSERT INTO `inquery_question` VALUES ('1', '', '||||', '1', '1502');
INSERT INTO `inquery_question` VALUES ('2', '', '|', '1', '1502');
INSERT INTO `inquery_question` VALUES ('3', '', '30|31-35|36-40|41-45|46-50|50-55|56', '1', '1502');
INSERT INTO `inquery_question` VALUES ('4', '', '||||||', '1', '1502');
INSERT INTO `inquery_question` VALUES ('5', '', '|||||||||', '1', '1502');
INSERT INTO `inquery_question` VALUES ('6', '', '|||||', '1', '1502');
INSERT INTO `inquery_question` VALUES ('7', '', '||||', '1', '1502');
INSERT INTO `inquery_question` VALUES ('8', '', '5|5-10|11-15|16-20|21-25|26', '1', '1502');
INSERT INTO `inquery_question` VALUES ('9', '', '1|1-3|3-5|5-10|10', '1', '1502');
INSERT INTO `inquery_question` VALUES ('10', '', '|||', '1', '1502');
INSERT INTO `inquery_question` VALUES ('11', '', '||||', '1', '1502');
INSERT INTO `inquery_question` VALUES ('12', '', '|||', '1', '1502');
INSERT INTO `inquery_question` VALUES ('13', '', '|||||||||||', '0', '1502');
INSERT INTO `inquery_question` VALUES ('14', '', '100|80|50|30|20', '1', '1502');
INSERT INTO `inquery_question` VALUES ('15', '', '|||||||||||', '0', '1502');
INSERT INTO `inquery_question` VALUES ('16', '', '||||||||', '0', '1502');
INSERT INTO `inquery_question` VALUES ('17', '', '|||||||||', '0', '1502');
INSERT INTO `inquery_question` VALUES ('18', '', '|||||||', '0', '1502');
INSERT INTO `inquery_question` VALUES ('19', '', '||||||||', '0', '1502');
INSERT INTO `inquery_question` VALUES ('20', '', '|||||||||||', '0', '1502');
INSERT INTO `inquery_question` VALUES ('21', '', '|||||', '1', '1502');
INSERT INTO `inquery_question` VALUES ('22', '', '|||||', '0', '1502');
INSERT INTO `inquery_question` VALUES ('23', '', '|||||||||||', '1', '1502');
INSERT INTO `inquery_question` VALUES ('24', ':', '||||||||', '1', '1502');
INSERT INTO `inquery_question` VALUES ('25', ' ', '|||||', '0', '1502');

-- ----------------------------
-- Table structure for `interview`
-- ----------------------------
DROP TABLE IF EXISTS `interview`;
CREATE TABLE `interview` (
  `advantage` text COMMENT '5',
  `disadvantage` text COMMENT '3',
  `remark` text COMMENT '',
  `manager_id` int(11) NOT NULL,
  `examinee_id` int(11) NOT NULL,
  PRIMARY KEY (`manager_id`,`examinee_id`),
  KEY `fk_interview_2_idx` (`examinee_id`),
  CONSTRAINT `fk_interview_1` FOREIGN KEY (`manager_id`) REFERENCES `manager` (`id`) ON DELETE CASCADE ON UPDATE CASCADE,
  CONSTRAINT `fk_interview_2` FOREIGN KEY (`examinee_id`) REFERENCES `examinee` (`id`) ON DELETE CASCADE ON UPDATE CASCADE
) ENGINE=InnoDB DEFAULT CHARSET=utf8;

-- ----------------------------
-- Records of interview
-- ----------------------------

-- ----------------------------
-- Table structure for `ksdf`
-- ----------------------------
DROP TABLE IF EXISTS `ksdf`;
CREATE TABLE `ksdf` (
  `TH` int(11) NOT NULL,
  `A` tinyint(4) NOT NULL,
  `B` tinyint(4) NOT NULL,
  `C` tinyint(4) NOT NULL,
  PRIMARY KEY (`TH`)
) ENGINE=InnoDB DEFAULT CHARSET=utf8;

-- ----------------------------
-- Records of ksdf
-- ----------------------------
INSERT INTO `ksdf` VALUES ('1', '0', '0', '0');
INSERT INTO `ksdf` VALUES ('2', '0', '0', '0');
INSERT INTO `ksdf` VALUES ('3', '2', '1', '0');
INSERT INTO `ksdf` VALUES ('4', '2', '1', '0');
INSERT INTO `ksdf` VALUES ('5', '0', '1', '2');
INSERT INTO `ksdf` VALUES ('6', '0', '1', '2');
INSERT INTO `ksdf` VALUES ('7', '2', '1', '0');
INSERT INTO `ksdf` VALUES ('8', '0', '1', '2');
INSERT INTO `ksdf` VALUES ('9', '0', '1', '2');
INSERT INTO `ksdf` VALUES ('10', '2', '1', '0');
INSERT INTO `ksdf` VALUES ('11', '0', '1', '2');
INSERT INTO `ksdf` VALUES ('12', '0', '1', '2');
INSERT INTO `ksdf` VALUES ('13', '2', '1', '0');
INSERT INTO `ksdf` VALUES ('14', '0', '1', '2');
INSERT INTO `ksdf` VALUES ('15', '0', '1', '2');
INSERT INTO `ksdf` VALUES ('16', '0', '1', '2');
INSERT INTO `ksdf` VALUES ('17', '2', '1', '0');
INSERT INTO `ksdf` VALUES ('18', '2', '1', '0');
INSERT INTO `ksdf` VALUES ('19', '0', '1', '2');
INSERT INTO `ksdf` VALUES ('20', '2', '1', '0');
INSERT INTO `ksdf` VALUES ('21', '2', '1', '0');
INSERT INTO `ksdf` VALUES ('22', '0', '1', '2');
INSERT INTO `ksdf` VALUES ('23', '0', '1', '2');
INSERT INTO `ksdf` VALUES ('24', '0', '1', '2');
INSERT INTO `ksdf` VALUES ('25', '2', '1', '0');
INSERT INTO `ksdf` VALUES ('26', '0', '1', '2');
INSERT INTO `ksdf` VALUES ('27', '0', '1', '2');
INSERT INTO `ksdf` VALUES ('28', '0', '1', '0');
INSERT INTO `ksdf` VALUES ('29', '0', '1', '2');
INSERT INTO `ksdf` VALUES ('30', '2', '1', '0');
INSERT INTO `ksdf` VALUES ('31', '0', '1', '2');
INSERT INTO `ksdf` VALUES ('32', '0', '1', '2');
INSERT INTO `ksdf` VALUES ('33', '2', '1', '0');
INSERT INTO `ksdf` VALUES ('34', '0', '1', '2');
INSERT INTO `ksdf` VALUES ('35', '0', '1', '2');
INSERT INTO `ksdf` VALUES ('36', '2', '1', '0');
INSERT INTO `ksdf` VALUES ('37', '2', '1', '0');
INSERT INTO `ksdf` VALUES ('38', '2', '1', '0');
INSERT INTO `ksdf` VALUES ('39', '2', '1', '0');
INSERT INTO `ksdf` VALUES ('40', '2', '1', '0');
INSERT INTO `ksdf` VALUES ('41', '0', '1', '2');
INSERT INTO `ksdf` VALUES ('42', '2', '1', '0');
INSERT INTO `ksdf` VALUES ('43', '2', '1', '0');
INSERT INTO `ksdf` VALUES ('44', '0', '1', '2');
INSERT INTO `ksdf` VALUES ('45', '0', '1', '2');
INSERT INTO `ksdf` VALUES ('46', '2', '1', '0');
INSERT INTO `ksdf` VALUES ('47', '2', '1', '0');
INSERT INTO `ksdf` VALUES ('48', '2', '1', '0');
INSERT INTO `ksdf` VALUES ('49', '2', '1', '0');
INSERT INTO `ksdf` VALUES ('50', '2', '1', '0');
INSERT INTO `ksdf` VALUES ('51', '0', '1', '2');
INSERT INTO `ksdf` VALUES ('52', '2', '1', '0');
INSERT INTO `ksdf` VALUES ('53', '0', '1', '0');
INSERT INTO `ksdf` VALUES ('54', '0', '1', '0');
INSERT INTO `ksdf` VALUES ('55', '2', '1', '0');
INSERT INTO `ksdf` VALUES ('56', '2', '1', '0');
INSERT INTO `ksdf` VALUES ('57', '0', '1', '2');
INSERT INTO `ksdf` VALUES ('58', '2', '1', '0');
INSERT INTO `ksdf` VALUES ('59', '2', '1', '0');
INSERT INTO `ksdf` VALUES ('60', '0', '1', '2');
INSERT INTO `ksdf` VALUES ('61', '0', '1', '2');
INSERT INTO `ksdf` VALUES ('62', '0', '1', '2');
INSERT INTO `ksdf` VALUES ('63', '0', '1', '2');
INSERT INTO `ksdf` VALUES ('64', '0', '1', '2');
INSERT INTO `ksdf` VALUES ('65', '2', '1', '0');
INSERT INTO `ksdf` VALUES ('66', '0', '1', '2');
INSERT INTO `ksdf` VALUES ('67', '0', '1', '2');
INSERT INTO `ksdf` VALUES ('68', '0', '1', '2');
INSERT INTO `ksdf` VALUES ('69', '2', '1', '0');
INSERT INTO `ksdf` VALUES ('70', '2', '1', '0');
INSERT INTO `ksdf` VALUES ('71', '2', '1', '0');
INSERT INTO `ksdf` VALUES ('72', '2', '1', '0');
INSERT INTO `ksdf` VALUES ('73', '2', '1', '0');
INSERT INTO `ksdf` VALUES ('74', '2', '1', '0');
INSERT INTO `ksdf` VALUES ('75', '0', '1', '2');
INSERT INTO `ksdf` VALUES ('76', '0', '1', '2');
INSERT INTO `ksdf` VALUES ('77', '0', '0', '1');
INSERT INTO `ksdf` VALUES ('78', '0', '1', '0');
INSERT INTO `ksdf` VALUES ('79', '0', '1', '2');
INSERT INTO `ksdf` VALUES ('80', '0', '1', '2');
INSERT INTO `ksdf` VALUES ('81', '0', '1', '2');
INSERT INTO `ksdf` VALUES ('82', '0', '1', '2');
INSERT INTO `ksdf` VALUES ('83', '0', '1', '2');
INSERT INTO `ksdf` VALUES ('84', '0', '1', '2');
INSERT INTO `ksdf` VALUES ('85', '0', '1', '2');
INSERT INTO `ksdf` VALUES ('86', '0', '1', '2');
INSERT INTO `ksdf` VALUES ('87', '0', '1', '2');
INSERT INTO `ksdf` VALUES ('88', '2', '1', '0');
INSERT INTO `ksdf` VALUES ('89', '0', '1', '2');
INSERT INTO `ksdf` VALUES ('90', '0', '1', '2');
INSERT INTO `ksdf` VALUES ('91', '2', '1', '0');
INSERT INTO `ksdf` VALUES ('92', '0', '1', '2');
INSERT INTO `ksdf` VALUES ('93', '0', '1', '2');
INSERT INTO `ksdf` VALUES ('94', '0', '1', '2');
INSERT INTO `ksdf` VALUES ('95', '0', '1', '2');
INSERT INTO `ksdf` VALUES ('96', '0', '1', '2');
INSERT INTO `ksdf` VALUES ('97', '0', '1', '2');
INSERT INTO `ksdf` VALUES ('98', '2', '1', '0');
INSERT INTO `ksdf` VALUES ('99', '2', '1', '0');
INSERT INTO `ksdf` VALUES ('100', '0', '1', '2');
INSERT INTO `ksdf` VALUES ('101', '2', '1', '0');
INSERT INTO `ksdf` VALUES ('102', '0', '0', '1');
INSERT INTO `ksdf` VALUES ('103', '0', '1', '0');
INSERT INTO `ksdf` VALUES ('104', '2', '1', '0');
INSERT INTO `ksdf` VALUES ('105', '2', '1', '0');
INSERT INTO `ksdf` VALUES ('106', '0', '1', '2');
INSERT INTO `ksdf` VALUES ('107', '0', '1', '2');
INSERT INTO `ksdf` VALUES ('108', '0', '1', '2');
INSERT INTO `ksdf` VALUES ('109', '2', '1', '0');
INSERT INTO `ksdf` VALUES ('110', '2', '1', '0');
INSERT INTO `ksdf` VALUES ('111', '2', '1', '0');
INSERT INTO `ksdf` VALUES ('112', '2', '1', '0');
INSERT INTO `ksdf` VALUES ('113', '2', '1', '0');
INSERT INTO `ksdf` VALUES ('114', '2', '1', '0');
INSERT INTO `ksdf` VALUES ('115', '2', '1', '0');
INSERT INTO `ksdf` VALUES ('116', '0', '1', '2');
INSERT INTO `ksdf` VALUES ('117', '2', '1', '0');
INSERT INTO `ksdf` VALUES ('118', '2', '1', '0');
INSERT INTO `ksdf` VALUES ('119', '2', '1', '0');
INSERT INTO `ksdf` VALUES ('120', '0', '1', '2');
INSERT INTO `ksdf` VALUES ('121', '0', '1', '2');
INSERT INTO `ksdf` VALUES ('122', '0', '1', '2');
INSERT INTO `ksdf` VALUES ('123', '0', '1', '2');
INSERT INTO `ksdf` VALUES ('124', '2', '1', '0');
INSERT INTO `ksdf` VALUES ('125', '0', '1', '2');
INSERT INTO `ksdf` VALUES ('126', '2', '1', '0');
INSERT INTO `ksdf` VALUES ('127', '0', '0', '1');
INSERT INTO `ksdf` VALUES ('128', '0', '1', '0');
INSERT INTO `ksdf` VALUES ('129', '2', '1', '0');
INSERT INTO `ksdf` VALUES ('130', '2', '1', '0');
INSERT INTO `ksdf` VALUES ('131', '2', '1', '0');
INSERT INTO `ksdf` VALUES ('132', '2', '1', '0');
INSERT INTO `ksdf` VALUES ('133', '2', '1', '0');
INSERT INTO `ksdf` VALUES ('134', '2', '1', '0');
INSERT INTO `ksdf` VALUES ('135', '0', '1', '2');
INSERT INTO `ksdf` VALUES ('136', '2', '1', '0');
INSERT INTO `ksdf` VALUES ('137', '0', '1', '2');
INSERT INTO `ksdf` VALUES ('138', '2', '1', '0');
INSERT INTO `ksdf` VALUES ('139', '0', '1', '2');
INSERT INTO `ksdf` VALUES ('140', '2', '1', '0');
INSERT INTO `ksdf` VALUES ('141', '0', '1', '2');
INSERT INTO `ksdf` VALUES ('142', '2', '1', '0');
INSERT INTO `ksdf` VALUES ('143', '2', '1', '0');
INSERT INTO `ksdf` VALUES ('144', '0', '1', '2');
INSERT INTO `ksdf` VALUES ('145', '2', '1', '0');
INSERT INTO `ksdf` VALUES ('146', '2', '1', '0');
INSERT INTO `ksdf` VALUES ('147', '2', '1', '0');
INSERT INTO `ksdf` VALUES ('148', '2', '1', '0');
INSERT INTO `ksdf` VALUES ('149', '2', '1', '0');
INSERT INTO `ksdf` VALUES ('150', '2', '1', '0');
INSERT INTO `ksdf` VALUES ('151', '0', '1', '2');
INSERT INTO `ksdf` VALUES ('152', '0', '1', '0');
INSERT INTO `ksdf` VALUES ('153', '0', '0', '1');
INSERT INTO `ksdf` VALUES ('154', '0', '1', '2');
INSERT INTO `ksdf` VALUES ('155', '2', '1', '0');
INSERT INTO `ksdf` VALUES ('156', '2', '1', '0');
INSERT INTO `ksdf` VALUES ('157', '0', '1', '2');
INSERT INTO `ksdf` VALUES ('158', '0', '1', '2');
INSERT INTO `ksdf` VALUES ('159', '0', '1', '2');
INSERT INTO `ksdf` VALUES ('160', '2', '1', '0');
INSERT INTO `ksdf` VALUES ('161', '0', '1', '2');
INSERT INTO `ksdf` VALUES ('162', '0', '1', '2');
INSERT INTO `ksdf` VALUES ('163', '2', '1', '0');
INSERT INTO `ksdf` VALUES ('164', '2', '1', '0');
INSERT INTO `ksdf` VALUES ('165', '0', '1', '2');
INSERT INTO `ksdf` VALUES ('166', '0', '1', '2');
INSERT INTO `ksdf` VALUES ('167', '2', '1', '0');
INSERT INTO `ksdf` VALUES ('168', '2', '1', '0');
INSERT INTO `ksdf` VALUES ('169', '2', '1', '0');
INSERT INTO `ksdf` VALUES ('170', '0', '1', '2');
INSERT INTO `ksdf` VALUES ('171', '2', '1', '0');
INSERT INTO `ksdf` VALUES ('172', '0', '1', '2');
INSERT INTO `ksdf` VALUES ('173', '2', '1', '0');
INSERT INTO `ksdf` VALUES ('174', '2', '1', '0');
INSERT INTO `ksdf` VALUES ('175', '0', '1', '2');
INSERT INTO `ksdf` VALUES ('176', '2', '1', '0');
INSERT INTO `ksdf` VALUES ('177', '1', '0', '0');
INSERT INTO `ksdf` VALUES ('178', '1', '0', '0');
INSERT INTO `ksdf` VALUES ('179', '2', '1', '0');
INSERT INTO `ksdf` VALUES ('180', '2', '1', '0');
INSERT INTO `ksdf` VALUES ('181', '2', '1', '0');
INSERT INTO `ksdf` VALUES ('182', '2', '1', '0');
INSERT INTO `ksdf` VALUES ('183', '2', '1', '0');
INSERT INTO `ksdf` VALUES ('184', '2', '1', '0');
INSERT INTO `ksdf` VALUES ('185', '2', '1', '0');
INSERT INTO `ksdf` VALUES ('186', '2', '1', '0');
INSERT INTO `ksdf` VALUES ('187', '0', '0', '0');

-- ----------------------------
-- Table structure for `ksdf_memory`
-- ----------------------------
DROP TABLE IF EXISTS `ksdf_memory`;
CREATE TABLE `ksdf_memory` (
  `TH` int(11) NOT NULL,
  `A` tinyint(4) NOT NULL,
  `B` tinyint(4) NOT NULL,
  `C` tinyint(4) NOT NULL,
  PRIMARY KEY (`TH`)
) ENGINE=MEMORY DEFAULT CHARSET=utf8;

-- ----------------------------
-- Records of ksdf_memory
-- ----------------------------

-- ----------------------------
-- Table structure for `ksmd`
-- ----------------------------
DROP TABLE IF EXISTS `ksmd`;
CREATE TABLE `ksmd` (
  `DM` int(11) NOT NULL DEFAULT '0',
  `YZ` char(2) CHARACTER SET latin1 NOT NULL,
  `QSF` int(11) NOT NULL,
  `ZZF` int(11) NOT NULL,
  `BZF` int(11) NOT NULL,
  PRIMARY KEY (`YZ`,`DM`,`QSF`,`ZZF`)
) ENGINE=InnoDB DEFAULT CHARSET=utf8;

-- ----------------------------
-- Records of ksmd
-- ----------------------------
INSERT INTO `ksmd` VALUES ('8', 'A', '0', '2', '1');
INSERT INTO `ksmd` VALUES ('8', 'A', '3', '3', '2');
INSERT INTO `ksmd` VALUES ('8', 'A', '4', '5', '3');
INSERT INTO `ksmd` VALUES ('8', 'A', '6', '7', '4');
INSERT INTO `ksmd` VALUES ('8', 'A', '8', '10', '5');
INSERT INTO `ksmd` VALUES ('8', 'A', '11', '12', '6');
INSERT INTO `ksmd` VALUES ('8', 'A', '13', '13', '7');
INSERT INTO `ksmd` VALUES ('8', 'A', '14', '15', '8');
INSERT INTO `ksmd` VALUES ('8', 'A', '16', '17', '9');
INSERT INTO `ksmd` VALUES ('8', 'A', '18', '999', '10');
INSERT INTO `ksmd` VALUES ('9', 'A', '0', '3', '1');
INSERT INTO `ksmd` VALUES ('9', 'A', '4', '5', '2');
INSERT INTO `ksmd` VALUES ('9', 'A', '6', '7', '3');
INSERT INTO `ksmd` VALUES ('9', 'A', '8', '8', '4');
INSERT INTO `ksmd` VALUES ('9', 'A', '9', '10', '5');
INSERT INTO `ksmd` VALUES ('9', 'A', '11', '12', '6');
INSERT INTO `ksmd` VALUES ('9', 'A', '13', '14', '7');
INSERT INTO `ksmd` VALUES ('9', 'A', '15', '16', '8');
INSERT INTO `ksmd` VALUES ('9', 'A', '17', '17', '9');
INSERT INTO `ksmd` VALUES ('9', 'A', '18', '999', '10');
INSERT INTO `ksmd` VALUES ('8', 'B', '0', '3', '1');
INSERT INTO `ksmd` VALUES ('8', 'B', '4', '4', '2');
INSERT INTO `ksmd` VALUES ('8', 'B', '5', '6', '3');
INSERT INTO `ksmd` VALUES ('8', 'B', '7', '7', '4');
INSERT INTO `ksmd` VALUES ('8', 'B', '8', '8', '5');
INSERT INTO `ksmd` VALUES ('8', 'B', '9', '9', '6');
INSERT INTO `ksmd` VALUES ('8', 'B', '10', '10', '7');
INSERT INTO `ksmd` VALUES ('8', 'B', '11', '11', '8');
INSERT INTO `ksmd` VALUES ('8', 'B', '12', '12', '9');
INSERT INTO `ksmd` VALUES ('8', 'B', '13', '999', '10');
INSERT INTO `ksmd` VALUES ('9', 'B', '0', '3', '1');
INSERT INTO `ksmd` VALUES ('9', 'B', '4', '5', '2');
INSERT INTO `ksmd` VALUES ('9', 'B', '6', '6', '3');
INSERT INTO `ksmd` VALUES ('9', 'B', '7', '7', '4');
INSERT INTO `ksmd` VALUES ('9', 'B', '8', '8', '5');
INSERT INTO `ksmd` VALUES ('9', 'B', '9', '9', '6');
INSERT INTO `ksmd` VALUES ('9', 'B', '10', '10', '7');
INSERT INTO `ksmd` VALUES ('9', 'B', '11', '11', '8');
INSERT INTO `ksmd` VALUES ('9', 'B', '12', '12', '9');
INSERT INTO `ksmd` VALUES ('9', 'B', '13', '999', '10');
INSERT INTO `ksmd` VALUES ('8', 'C', '0', '6', '1');
INSERT INTO `ksmd` VALUES ('8', 'C', '7', '8', '2');
INSERT INTO `ksmd` VALUES ('8', 'C', '9', '10', '3');
INSERT INTO `ksmd` VALUES ('8', 'C', '11', '12', '4');
INSERT INTO `ksmd` VALUES ('8', 'C', '13', '15', '5');
INSERT INTO `ksmd` VALUES ('8', 'C', '16', '17', '6');
INSERT INTO `ksmd` VALUES ('8', 'C', '18', '19', '7');
INSERT INTO `ksmd` VALUES ('8', 'C', '20', '21', '8');
INSERT INTO `ksmd` VALUES ('8', 'C', '22', '23', '9');
INSERT INTO `ksmd` VALUES ('8', 'C', '24', '999', '10');
INSERT INTO `ksmd` VALUES ('9', 'C', '0', '5', '1');
INSERT INTO `ksmd` VALUES ('9', 'C', '6', '7', '2');
INSERT INTO `ksmd` VALUES ('9', 'C', '8', '9', '3');
INSERT INTO `ksmd` VALUES ('9', 'C', '10', '11', '4');
INSERT INTO `ksmd` VALUES ('9', 'C', '12', '13', '5');
INSERT INTO `ksmd` VALUES ('9', 'C', '14', '16', '6');
INSERT INTO `ksmd` VALUES ('9', 'C', '17', '18', '7');
INSERT INTO `ksmd` VALUES ('9', 'C', '19', '20', '8');
INSERT INTO `ksmd` VALUES ('9', 'C', '21', '22', '9');
INSERT INTO `ksmd` VALUES ('9', 'C', '23', '999', '10');
INSERT INTO `ksmd` VALUES ('8', 'E', '0', '5', '1');
INSERT INTO `ksmd` VALUES ('8', 'E', '6', '6', '2');
INSERT INTO `ksmd` VALUES ('8', 'E', '7', '8', '3');
INSERT INTO `ksmd` VALUES ('8', 'E', '9', '10', '4');
INSERT INTO `ksmd` VALUES ('8', 'E', '11', '12', '5');
INSERT INTO `ksmd` VALUES ('8', 'E', '13', '14', '6');
INSERT INTO `ksmd` VALUES ('8', 'E', '15', '16', '7');
INSERT INTO `ksmd` VALUES ('8', 'E', '17', '18', '8');
INSERT INTO `ksmd` VALUES ('8', 'E', '19', '20', '9');
INSERT INTO `ksmd` VALUES ('8', 'E', '21', '999', '10');
INSERT INTO `ksmd` VALUES ('9', 'E', '0', '3', '1');
INSERT INTO `ksmd` VALUES ('9', 'E', '4', '5', '2');
INSERT INTO `ksmd` VALUES ('9', 'E', '6', '7', '3');
INSERT INTO `ksmd` VALUES ('9', 'E', '8', '9', '4');
INSERT INTO `ksmd` VALUES ('9', 'E', '10', '11', '5');
INSERT INTO `ksmd` VALUES ('9', 'E', '12', '13', '6');
INSERT INTO `ksmd` VALUES ('9', 'E', '14', '15', '7');
INSERT INTO `ksmd` VALUES ('9', 'E', '16', '17', '8');
INSERT INTO `ksmd` VALUES ('9', 'E', '18', '19', '9');
INSERT INTO `ksmd` VALUES ('9', 'E', '20', '999', '10');
INSERT INTO `ksmd` VALUES ('8', 'F', '0', '3', '1');
INSERT INTO `ksmd` VALUES ('8', 'F', '4', '5', '2');
INSERT INTO `ksmd` VALUES ('8', 'F', '6', '7', '3');
INSERT INTO `ksmd` VALUES ('8', 'F', '8', '9', '4');
INSERT INTO `ksmd` VALUES ('8', 'F', '10', '12', '5');
INSERT INTO `ksmd` VALUES ('8', 'F', '13', '14', '6');
INSERT INTO `ksmd` VALUES ('8', 'F', '15', '17', '7');
INSERT INTO `ksmd` VALUES ('8', 'F', '18', '19', '8');
INSERT INTO `ksmd` VALUES ('8', 'F', '20', '21', '9');
INSERT INTO `ksmd` VALUES ('8', 'F', '22', '999', '10');
INSERT INTO `ksmd` VALUES ('9', 'F', '0', '2', '1');
INSERT INTO `ksmd` VALUES ('9', 'F', '3', '5', '2');
INSERT INTO `ksmd` VALUES ('9', 'F', '6', '7', '3');
INSERT INTO `ksmd` VALUES ('9', 'F', '8', '9', '4');
INSERT INTO `ksmd` VALUES ('9', 'F', '10', '12', '5');
INSERT INTO `ksmd` VALUES ('9', 'F', '13', '15', '6');
INSERT INTO `ksmd` VALUES ('9', 'F', '16', '17', '7');
INSERT INTO `ksmd` VALUES ('9', 'F', '18', '19', '8');
INSERT INTO `ksmd` VALUES ('9', 'F', '20', '22', '9');
INSERT INTO `ksmd` VALUES ('9', 'F', '23', '999', '10');
INSERT INTO `ksmd` VALUES ('8', 'G', '0', '5', '1');
INSERT INTO `ksmd` VALUES ('8', 'G', '6', '6', '2');
INSERT INTO `ksmd` VALUES ('8', 'G', '7', '8', '3');
INSERT INTO `ksmd` VALUES ('8', 'G', '9', '10', '4');
INSERT INTO `ksmd` VALUES ('8', 'G', '11', '12', '5');
INSERT INTO `ksmd` VALUES ('8', 'G', '13', '14', '6');
INSERT INTO `ksmd` VALUES ('8', 'G', '15', '16', '7');
INSERT INTO `ksmd` VALUES ('8', 'G', '17', '17', '8');
INSERT INTO `ksmd` VALUES ('8', 'G', '18', '19', '9');
INSERT INTO `ksmd` VALUES ('8', 'G', '20', '999', '10');
INSERT INTO `ksmd` VALUES ('9', 'G', '0', '5', '1');
INSERT INTO `ksmd` VALUES ('9', 'G', '6', '7', '2');
INSERT INTO `ksmd` VALUES ('9', 'G', '8', '8', '3');
INSERT INTO `ksmd` VALUES ('9', 'G', '9', '10', '4');
INSERT INTO `ksmd` VALUES ('9', 'G', '11', '12', '5');
INSERT INTO `ksmd` VALUES ('9', 'G', '13', '14', '6');
INSERT INTO `ksmd` VALUES ('9', 'G', '15', '16', '7');
INSERT INTO `ksmd` VALUES ('9', 'G', '17', '17', '8');
INSERT INTO `ksmd` VALUES ('9', 'G', '18', '19', '9');
INSERT INTO `ksmd` VALUES ('9', 'G', '20', '999', '10');
INSERT INTO `ksmd` VALUES ('8', 'H', '0', '1', '1');
INSERT INTO `ksmd` VALUES ('8', 'H', '2', '3', '2');
INSERT INTO `ksmd` VALUES ('8', 'H', '4', '6', '3');
INSERT INTO `ksmd` VALUES ('8', 'H', '7', '8', '4');
INSERT INTO `ksmd` VALUES ('8', 'H', '9', '10', '5');
INSERT INTO `ksmd` VALUES ('8', 'H', '11', '13', '6');
INSERT INTO `ksmd` VALUES ('8', 'H', '14', '15', '7');
INSERT INTO `ksmd` VALUES ('8', 'H', '16', '18', '8');
INSERT INTO `ksmd` VALUES ('8', 'H', '19', '20', '9');
INSERT INTO `ksmd` VALUES ('8', 'H', '21', '999', '10');
INSERT INTO `ksmd` VALUES ('9', 'H', '0', '1', '1');
INSERT INTO `ksmd` VALUES ('9', 'H', '2', '3', '2');
INSERT INTO `ksmd` VALUES ('9', 'H', '4', '5', '3');
INSERT INTO `ksmd` VALUES ('9', 'H', '6', '7', '4');
INSERT INTO `ksmd` VALUES ('9', 'H', '8', '10', '5');
INSERT INTO `ksmd` VALUES ('9', 'H', '11', '13', '6');
INSERT INTO `ksmd` VALUES ('9', 'H', '14', '15', '7');
INSERT INTO `ksmd` VALUES ('9', 'H', '16', '17', '8');
INSERT INTO `ksmd` VALUES ('9', 'H', '18', '20', '9');
INSERT INTO `ksmd` VALUES ('9', 'H', '21', '999', '10');
INSERT INTO `ksmd` VALUES ('8', 'I', '0', '3', '1');
INSERT INTO `ksmd` VALUES ('8', 'I', '4', '5', '2');
INSERT INTO `ksmd` VALUES ('8', 'I', '6', '6', '3');
INSERT INTO `ksmd` VALUES ('8', 'I', '7', '7', '4');
INSERT INTO `ksmd` VALUES ('8', 'I', '8', '9', '5');
INSERT INTO `ksmd` VALUES ('8', 'I', '10', '11', '6');
INSERT INTO `ksmd` VALUES ('8', 'I', '12', '12', '7');
INSERT INTO `ksmd` VALUES ('8', 'I', '13', '14', '8');
INSERT INTO `ksmd` VALUES ('8', 'I', '15', '15', '9');
INSERT INTO `ksmd` VALUES ('8', 'I', '16', '999', '10');
INSERT INTO `ksmd` VALUES ('9', 'I', '0', '4', '1');
INSERT INTO `ksmd` VALUES ('9', 'I', '5', '5', '2');
INSERT INTO `ksmd` VALUES ('9', 'I', '6', '7', '3');
INSERT INTO `ksmd` VALUES ('9', 'I', '8', '8', '4');
INSERT INTO `ksmd` VALUES ('9', 'I', '9', '10', '5');
INSERT INTO `ksmd` VALUES ('9', 'I', '11', '12', '6');
INSERT INTO `ksmd` VALUES ('9', 'I', '13', '13', '7');
INSERT INTO `ksmd` VALUES ('9', 'I', '14', '15', '8');
INSERT INTO `ksmd` VALUES ('9', 'I', '16', '17', '9');
INSERT INTO `ksmd` VALUES ('9', 'I', '18', '999', '10');
INSERT INTO `ksmd` VALUES ('8', 'L', '0', '4', '1');
INSERT INTO `ksmd` VALUES ('8', 'L', '5', '5', '2');
INSERT INTO `ksmd` VALUES ('8', 'L', '6', '7', '3');
INSERT INTO `ksmd` VALUES ('8', 'L', '8', '9', '4');
INSERT INTO `ksmd` VALUES ('8', 'L', '10', '11', '5');
INSERT INTO `ksmd` VALUES ('8', 'L', '12', '12', '6');
INSERT INTO `ksmd` VALUES ('8', 'L', '13', '14', '7');
INSERT INTO `ksmd` VALUES ('8', 'L', '15', '15', '8');
INSERT INTO `ksmd` VALUES ('8', 'L', '16', '17', '9');
INSERT INTO `ksmd` VALUES ('8', 'L', '18', '999', '10');
INSERT INTO `ksmd` VALUES ('9', 'L', '0', '3', '1');
INSERT INTO `ksmd` VALUES ('9', 'L', '4', '4', '2');
INSERT INTO `ksmd` VALUES ('9', 'L', '5', '6', '3');
INSERT INTO `ksmd` VALUES ('9', 'L', '7', '8', '4');
INSERT INTO `ksmd` VALUES ('9', 'L', '9', '10', '5');
INSERT INTO `ksmd` VALUES ('9', 'L', '11', '12', '6');
INSERT INTO `ksmd` VALUES ('9', 'L', '13', '13', '7');
INSERT INTO `ksmd` VALUES ('9', 'L', '14', '15', '8');
INSERT INTO `ksmd` VALUES ('9', 'L', '16', '17', '9');
INSERT INTO `ksmd` VALUES ('9', 'L', '18', '999', '10');
INSERT INTO `ksmd` VALUES ('8', 'M', '0', '3', '1');
INSERT INTO `ksmd` VALUES ('8', 'M', '4', '4', '2');
INSERT INTO `ksmd` VALUES ('8', 'M', '5', '6', '3');
INSERT INTO `ksmd` VALUES ('8', 'M', '7', '8', '4');
INSERT INTO `ksmd` VALUES ('8', 'M', '9', '10', '5');
INSERT INTO `ksmd` VALUES ('8', 'M', '11', '13', '6');
INSERT INTO `ksmd` VALUES ('8', 'M', '14', '14', '7');
INSERT INTO `ksmd` VALUES ('8', 'M', '15', '16', '8');
INSERT INTO `ksmd` VALUES ('8', 'M', '17', '18', '9');
INSERT INTO `ksmd` VALUES ('8', 'M', '19', '999', '10');
INSERT INTO `ksmd` VALUES ('9', 'M', '0', '5', '1');
INSERT INTO `ksmd` VALUES ('9', 'M', '6', '6', '2');
INSERT INTO `ksmd` VALUES ('9', 'M', '7', '8', '3');
INSERT INTO `ksmd` VALUES ('9', 'M', '9', '10', '4');
INSERT INTO `ksmd` VALUES ('9', 'M', '11', '12', '5');
INSERT INTO `ksmd` VALUES ('9', 'M', '13', '14', '6');
INSERT INTO `ksmd` VALUES ('9', 'M', '15', '16', '7');
INSERT INTO `ksmd` VALUES ('9', 'M', '17', '17', '8');
INSERT INTO `ksmd` VALUES ('9', 'M', '18', '19', '9');
INSERT INTO `ksmd` VALUES ('9', 'M', '20', '999', '10');
INSERT INTO `ksmd` VALUES ('8', 'N', '0', '3', '1');
INSERT INTO `ksmd` VALUES ('8', 'N', '4', '4', '2');
INSERT INTO `ksmd` VALUES ('8', 'N', '5', '6', '3');
INSERT INTO `ksmd` VALUES ('8', 'N', '7', '7', '4');
INSERT INTO `ksmd` VALUES ('8', 'N', '8', '9', '5');
INSERT INTO `ksmd` VALUES ('8', 'N', '10', '11', '6');
INSERT INTO `ksmd` VALUES ('8', 'N', '12', '12', '7');
INSERT INTO `ksmd` VALUES ('8', 'N', '13', '14', '8');
INSERT INTO `ksmd` VALUES ('8', 'N', '15', '15', '9');
INSERT INTO `ksmd` VALUES ('8', 'N', '16', '999', '10');
INSERT INTO `ksmd` VALUES ('9', 'N', '0', '3', '1');
INSERT INTO `ksmd` VALUES ('9', 'N', '4', '5', '2');
INSERT INTO `ksmd` VALUES ('9', 'N', '6', '6', '3');
INSERT INTO `ksmd` VALUES ('9', 'N', '7', '7', '4');
INSERT INTO `ksmd` VALUES ('9', 'N', '8', '9', '5');
INSERT INTO `ksmd` VALUES ('9', 'N', '10', '11', '6');
INSERT INTO `ksmd` VALUES ('9', 'N', '12', '13', '7');
INSERT INTO `ksmd` VALUES ('9', 'N', '14', '14', '8');
INSERT INTO `ksmd` VALUES ('9', 'N', '15', '16', '9');
INSERT INTO `ksmd` VALUES ('9', 'N', '17', '999', '10');
INSERT INTO `ksmd` VALUES ('8', 'O', '0', '1', '1');
INSERT INTO `ksmd` VALUES ('8', 'O', '2', '2', '2');
INSERT INTO `ksmd` VALUES ('8', 'O', '3', '4', '3');
INSERT INTO `ksmd` VALUES ('8', 'O', '5', '6', '4');
INSERT INTO `ksmd` VALUES ('8', 'O', '7', '8', '5');
INSERT INTO `ksmd` VALUES ('8', 'O', '9', '10', '6');
INSERT INTO `ksmd` VALUES ('8', 'O', '11', '12', '7');
INSERT INTO `ksmd` VALUES ('8', 'O', '13', '14', '8');
INSERT INTO `ksmd` VALUES ('8', 'O', '15', '16', '9');
INSERT INTO `ksmd` VALUES ('8', 'O', '17', '999', '10');
INSERT INTO `ksmd` VALUES ('9', 'O', '0', '1', '1');
INSERT INTO `ksmd` VALUES ('9', 'O', '2', '3', '2');
INSERT INTO `ksmd` VALUES ('9', 'O', '4', '5', '3');
INSERT INTO `ksmd` VALUES ('9', 'O', '6', '8', '4');
INSERT INTO `ksmd` VALUES ('9', 'O', '9', '9', '5');
INSERT INTO `ksmd` VALUES ('9', 'O', '10', '12', '6');
INSERT INTO `ksmd` VALUES ('9', 'O', '13', '14', '7');
INSERT INTO `ksmd` VALUES ('9', 'O', '15', '16', '8');
INSERT INTO `ksmd` VALUES ('9', 'O', '17', '18', '9');
INSERT INTO `ksmd` VALUES ('9', 'O', '19', '999', '10');
INSERT INTO `ksmd` VALUES ('8', 'Q1', '0', '4', '1');
INSERT INTO `ksmd` VALUES ('8', 'Q1', '5', '6', '2');
INSERT INTO `ksmd` VALUES ('8', 'Q1', '7', '7', '3');
INSERT INTO `ksmd` VALUES ('8', 'Q1', '8', '9', '4');
INSERT INTO `ksmd` VALUES ('8', 'Q1', '10', '11', '5');
INSERT INTO `ksmd` VALUES ('8', 'Q1', '12', '13', '6');
INSERT INTO `ksmd` VALUES ('8', 'Q1', '14', '14', '7');
INSERT INTO `ksmd` VALUES ('8', 'Q1', '15', '16', '8');
INSERT INTO `ksmd` VALUES ('8', 'Q1', '17', '17', '9');
INSERT INTO `ksmd` VALUES ('8', 'Q1', '18', '999', '10');
INSERT INTO `ksmd` VALUES ('9', 'Q1', '0', '4', '1');
INSERT INTO `ksmd` VALUES ('9', 'Q1', '5', '5', '2');
INSERT INTO `ksmd` VALUES ('9', 'Q1', '6', '7', '3');
INSERT INTO `ksmd` VALUES ('9', 'Q1', '8', '9', '4');
INSERT INTO `ksmd` VALUES ('9', 'Q1', '10', '11', '5');
INSERT INTO `ksmd` VALUES ('9', 'Q1', '12', '13', '6');
INSERT INTO `ksmd` VALUES ('9', 'Q1', '14', '14', '7');
INSERT INTO `ksmd` VALUES ('9', 'Q1', '15', '15', '8');
INSERT INTO `ksmd` VALUES ('9', 'Q1', '16', '17', '9');
INSERT INTO `ksmd` VALUES ('9', 'Q1', '18', '999', '10');
INSERT INTO `ksmd` VALUES ('8', 'Q2', '0', '5', '1');
INSERT INTO `ksmd` VALUES ('8', 'Q2', '6', '7', '2');
INSERT INTO `ksmd` VALUES ('8', 'Q2', '8', '9', '3');
INSERT INTO `ksmd` VALUES ('8', 'Q2', '10', '10', '4');
INSERT INTO `ksmd` VALUES ('8', 'Q2', '11', '12', '5');
INSERT INTO `ksmd` VALUES ('8', 'Q2', '13', '15', '6');
INSERT INTO `ksmd` VALUES ('8', 'Q2', '16', '16', '7');
INSERT INTO `ksmd` VALUES ('8', 'Q2', '17', '18', '8');
INSERT INTO `ksmd` VALUES ('8', 'Q2', '19', '19', '9');
INSERT INTO `ksmd` VALUES ('8', 'Q2', '20', '999', '10');
INSERT INTO `ksmd` VALUES ('9', 'Q2', '0', '3', '1');
INSERT INTO `ksmd` VALUES ('9', 'Q2', '4', '5', '2');
INSERT INTO `ksmd` VALUES ('9', 'Q2', '6', '7', '3');
INSERT INTO `ksmd` VALUES ('9', 'Q2', '8', '9', '4');
INSERT INTO `ksmd` VALUES ('9', 'Q2', '10', '11', '5');
INSERT INTO `ksmd` VALUES ('9', 'Q2', '12', '13', '6');
INSERT INTO `ksmd` VALUES ('9', 'Q2', '14', '15', '7');
INSERT INTO `ksmd` VALUES ('9', 'Q2', '16', '17', '8');
INSERT INTO `ksmd` VALUES ('9', 'Q2', '18', '18', '9');
INSERT INTO `ksmd` VALUES ('9', 'Q2', '19', '999', '10');
INSERT INTO `ksmd` VALUES ('8', 'Q3', '0', '4', '1');
INSERT INTO `ksmd` VALUES ('8', 'Q3', '5', '6', '2');
INSERT INTO `ksmd` VALUES ('8', 'Q3', '7', '8', '3');
INSERT INTO `ksmd` VALUES ('8', 'Q3', '9', '10', '4');
INSERT INTO `ksmd` VALUES ('8', 'Q3', '11', '12', '5');
INSERT INTO `ksmd` VALUES ('8', 'Q3', '13', '14', '6');
INSERT INTO `ksmd` VALUES ('8', 'Q3', '15', '16', '7');
INSERT INTO `ksmd` VALUES ('8', 'Q3', '17', '17', '8');
INSERT INTO `ksmd` VALUES ('8', 'Q3', '18', '19', '9');
INSERT INTO `ksmd` VALUES ('8', 'Q3', '20', '999', '10');
INSERT INTO `ksmd` VALUES ('9', 'Q3', '0', '3', '1');
INSERT INTO `ksmd` VALUES ('9', 'Q3', '4', '5', '2');
INSERT INTO `ksmd` VALUES ('9', 'Q3', '6', '7', '3');
INSERT INTO `ksmd` VALUES ('9', 'Q3', '8', '9', '4');
INSERT INTO `ksmd` VALUES ('9', 'Q3', '10', '12', '5');
INSERT INTO `ksmd` VALUES ('9', 'Q3', '13', '14', '6');
INSERT INTO `ksmd` VALUES ('9', 'Q3', '15', '16', '7');
INSERT INTO `ksmd` VALUES ('9', 'Q3', '17', '18', '8');
INSERT INTO `ksmd` VALUES ('9', 'Q3', '19', '19', '9');
INSERT INTO `ksmd` VALUES ('9', 'Q3', '20', '999', '10');
INSERT INTO `ksmd` VALUES ('8', 'Q4', '0', '2', '1');
INSERT INTO `ksmd` VALUES ('8', 'Q4', '3', '4', '2');
INSERT INTO `ksmd` VALUES ('8', 'Q4', '5', '6', '3');
INSERT INTO `ksmd` VALUES ('8', 'Q4', '7', '8', '4');
INSERT INTO `ksmd` VALUES ('8', 'Q4', '9', '10', '5');
INSERT INTO `ksmd` VALUES ('8', 'Q4', '11', '13', '6');
INSERT INTO `ksmd` VALUES ('8', 'Q4', '14', '15', '7');
INSERT INTO `ksmd` VALUES ('8', 'Q4', '16', '17', '8');
INSERT INTO `ksmd` VALUES ('8', 'Q4', '18', '19', '9');
INSERT INTO `ksmd` VALUES ('8', 'Q4', '20', '999', '10');
INSERT INTO `ksmd` VALUES ('9', 'Q4', '0', '2', '1');
INSERT INTO `ksmd` VALUES ('9', 'Q4', '3', '4', '2');
INSERT INTO `ksmd` VALUES ('9', 'Q4', '5', '6', '3');
INSERT INTO `ksmd` VALUES ('9', 'Q4', '7', '8', '4');
INSERT INTO `ksmd` VALUES ('9', 'Q4', '9', '11', '5');
INSERT INTO `ksmd` VALUES ('9', 'Q4', '12', '14', '6');
INSERT INTO `ksmd` VALUES ('9', 'Q4', '15', '16', '7');
INSERT INTO `ksmd` VALUES ('9', 'Q4', '17', '18', '8');
INSERT INTO `ksmd` VALUES ('9', 'Q4', '19', '20', '9');
INSERT INTO `ksmd` VALUES ('9', 'Q4', '21', '999', '10');
INSERT INTO `ksmd` VALUES ('0', 'Y3', '0', '62', '1');
INSERT INTO `ksmd` VALUES ('0', 'Y3', '63', '67', '2');
INSERT INTO `ksmd` VALUES ('0', 'Y3', '68', '72', '3');
INSERT INTO `ksmd` VALUES ('0', 'Y3', '73', '77', '4');
INSERT INTO `ksmd` VALUES ('0', 'Y3', '78', '82', '5');
INSERT INTO `ksmd` VALUES ('0', 'Y3', '83', '87', '6');
INSERT INTO `ksmd` VALUES ('0', 'Y3', '88', '92', '7');
INSERT INTO `ksmd` VALUES ('0', 'Y3', '93', '97', '8');
INSERT INTO `ksmd` VALUES ('0', 'Y3', '98', '102', '9');
INSERT INTO `ksmd` VALUES ('0', 'Y3', '103', '999', '10');

-- ----------------------------
-- Table structure for `ksmd_memory`
-- ----------------------------
DROP TABLE IF EXISTS `ksmd_memory`;
CREATE TABLE `ksmd_memory` (
  `DM` int(11) NOT NULL DEFAULT '0',
  `YZ` char(2) CHARACTER SET latin1 NOT NULL,
  `QSF` int(11) NOT NULL,
  `ZZF` int(11) NOT NULL,
  `BZF` int(11) NOT NULL,
  PRIMARY KEY (`YZ`,`DM`,`QSF`,`ZZF`)
) ENGINE=MEMORY DEFAULT CHARSET=utf8;

-- ----------------------------
-- Records of ksmd_memory
-- ----------------------------

-- ----------------------------
-- Table structure for `manager`
-- ----------------------------
DROP TABLE IF EXISTS `manager`;
CREATE TABLE `manager` (
  `id` int(11) NOT NULL AUTO_INCREMENT,
  `username` varchar(45) NOT NULL,
  `password` varchar(256) NOT NULL,
  `role` varchar(45) DEFAULT NULL COMMENT 'M-ManagerP-PME-ExamineeG-GuestL-LeaderI-Interviewer',
  `project_id` int(11) DEFAULT NULL COMMENT '',
  `name` varchar(45) DEFAULT NULL,
  `last_login` datetime DEFAULT NULL,
  PRIMARY KEY (`id`),
  UNIQUE KEY `index3` (`username`),
  KEY `index2` (`project_id`),
  CONSTRAINT `fk_manager_project` FOREIGN KEY (`project_id`) REFERENCES `project` (`id`) ON DELETE CASCADE ON UPDATE CASCADE
) ENGINE=InnoDB AUTO_INCREMENT=76 DEFAULT CHARSET=utf8;

-- ----------------------------
-- Records of manager
-- ----------------------------
INSERT INTO `manager` VALUES ('1', 'sa', '123456', 'M', null, 'gly', '2015-09-19 18:35:38');
INSERT INTO `manager` VALUES ('74', '13211105', 'wangyaohui', 'P', '1502', '', '2015-09-19 19:53:09');
INSERT INTO `manager` VALUES ('75', 'haha', 'haha', 'P', '1503', '', null);

-- ----------------------------
-- Table structure for `module`
-- ----------------------------
DROP TABLE IF EXISTS `module`;
CREATE TABLE `module` (
  `id` int(11) NOT NULL AUTO_INCREMENT,
  `name` varchar(45) NOT NULL COMMENT '',
  `belong_module` varchar(45) DEFAULT NULL,
  `chs_name` varchar(45) DEFAULT NULL,
  `children` varchar(1000) DEFAULT NULL,
  PRIMARY KEY (`id`),
  UNIQUE KEY `name_UNIQUE` (`name`)
) ENGINE=InnoDB AUTO_INCREMENT=26 DEFAULT CHARSET=utf8;

-- ----------------------------
-- Records of module
-- ----------------------------
INSERT INTO `module` VALUES ('9', 'ldl', '', null, 'ldnl,pdyjcnl,zzglnl');
INSERT INTO `module` VALUES ('14', '', '', null, null);
INSERT INTO `module` VALUES ('15', '', '', null, null);
INSERT INTO `module` VALUES ('16', 'mk_ldl', '', '', 'zb_ldnl,zb_pdyjcnl,zb_zzglnl,zb_fxx');
INSERT INTO `module` VALUES ('17', 'mk_zysz', '', '', 'zb_dlgznl,zb_cxnl,zb_tdjs,zb_gztd,zb_gzzf');
INSERT INTO `module` VALUES ('18', 'mk_swnl', '', '', 'zb_jlx,zb_fxnl,zb_gnnl');
INSERT INTO `module` VALUES ('19', 'mk_tdpz', '', '', 'zb_zrx,zb_cxd,zb_grjzqx,zb_rnx');
INSERT INTO `module` VALUES ('20', 'mk_zynl', '', '', 'zb_bxx,zb_ybnl,zb_jmng,zb_rjgxtjsp,zb_chd');
INSERT INTO `module` VALUES ('21', 'mk_grtz', '', '', 'zb_tzjl,zb_xg,zb_qxkzsp,zb_syhjsp,zb_sjnl,zb_zz,zb_xljksp');
INSERT INTO `module` VALUES ('22', 'mk_xljk', '', '', 'zb_xljksp,zb_qxkzsp,zb_syhjsp,zb_rjgxtjsp,zb_xg,zb_zz,zb_fxx');
INSERT INTO `module` VALUES ('23', 'mk_szjg', '', '', 'zb_zrx,zb_cxd,zb_grjzqx,zb_tdjs,zb_gztd,zb_gzzf,zb_bxx,zb_rnx');
INSERT INTO `module` VALUES ('24', 'mk_ztjg', '', '', 'zb_chd,zb_jmng,zb_jlx,zb_tzjl,zb_fxnl,zb_gnnl');
INSERT INTO `module` VALUES ('25', 'mk_nljg', '', '', 'zb_dlgznl,zb_cxnl,zb_ybnl,zb_pdyjcnl,zb_zzglnl,zb_sjnl,zb_ldnl');

-- ----------------------------
-- Table structure for `paper`
-- ----------------------------
DROP TABLE IF EXISTS `paper`;
CREATE TABLE `paper` (
  `id` int(11) NOT NULL AUTO_INCREMENT,
  `description` varchar(2000) DEFAULT NULL COMMENT '',
  `name` varchar(200) DEFAULT NULL COMMENT '',
  PRIMARY KEY (`id`),
  UNIQUE KEY `name_UNIQUE` (`name`)
) ENGINE=InnoDB AUTO_INCREMENT=139 DEFAULT CHARSET=utf8;

-- ----------------------------
-- Records of paper
-- ----------------------------
INSERT INTO `paper` VALUES ('133', '', 'EPQA');
INSERT INTO `paper` VALUES ('134', '', '16PF');
INSERT INTO `paper` VALUES ('135', '', 'CPI');
INSERT INTO `paper` VALUES ('136', 'AB', 'EPPS');
INSERT INTO `paper` VALUES ('137', '', 'SCL');
INSERT INTO `paper` VALUES ('138', '68', 'SPM');

-- ----------------------------
-- Table structure for `project`
-- ----------------------------
DROP TABLE IF EXISTS `project`;
CREATE TABLE `project` (
  `id` int(11) NOT NULL AUTO_INCREMENT,
  `begintime` datetime DEFAULT NULL COMMENT '',
  `endtime` datetime DEFAULT NULL COMMENT '',
  `name` varchar(200) NOT NULL COMMENT '',
  `description` text COMMENT '',
  `manager_id` int(11) DEFAULT NULL COMMENT 'idmanager_id,',
  `last_examinee_id` int(11) DEFAULT '1',
  `state` tinyint(4) NOT NULL DEFAULT '0' COMMENT '0:1:2:',
  PRIMARY KEY (`id`),
  KEY `fk_project_1_idx` (`manager_id`),
  CONSTRAINT `fk_project_1` FOREIGN KEY (`manager_id`) REFERENCES `manager` (`id`) ON DELETE CASCADE ON UPDATE CASCADE
) ENGINE=InnoDB AUTO_INCREMENT=1504 DEFAULT CHARSET=utf8;

-- ----------------------------
-- Records of project
-- ----------------------------
INSERT INTO `project` VALUES ('1502', '2015-09-01 00:00:00', '2015-09-30 00:00:00', '2', '', '74', null, '0');
INSERT INTO `project` VALUES ('1503', '2015-09-01 00:00:00', '2015-09-01 00:10:00', '3', '', '75', null, '0');

-- ----------------------------
-- Table structure for `project_detail`
-- ----------------------------
DROP TABLE IF EXISTS `project_detail`;
CREATE TABLE `project_detail` (
  `project_id` int(11) NOT NULL COMMENT '',
  `module_names` text COMMENT '',
  `index_names` text COMMENT '',
  `factor_names` text COMMENT '',
  `exam_json` text COMMENT 'json{:}',
  PRIMARY KEY (`project_id`),
  CONSTRAINT `fk_project_detail_1` FOREIGN KEY (`project_id`) REFERENCES `project` (`id`) ON DELETE CASCADE ON UPDATE CASCADE
) ENGINE=InnoDB DEFAULT CHARSET=utf8;

-- ----------------------------
-- Records of project_detail
-- ----------------------------
INSERT INTO `project_detail` VALUES ('1502', 'mk_ldl,mk_zysz,mk_swnl,mk_tdpz,mk_zynl,mk_grtz,mk_xljk,mk_szjg,mk_nljg,mk_ztjg', 'zb_ldnl,zb_pdyjcnl,zb_zzglnl,zb_fxx,zb_dlgznl,zb_cxnl,zb_ybnl,zb_jlx,zb_fxnl,zb_gnnl,zb_zrx,zb_cxd,zb_grjzqx,zb_tdjs,zb_gztd,zb_gzzf,zb_rnx,zb_bxx,zb_rjgxtjsp,zb_tzjl,zb_xg,zb_qxkzsp,zb_syhjsp,zb_zz,zb_xljksp,zb_sjnl,zb_chd,zb_jmng', '{\"16PF\":{\"142\":\"A\",\"143\":\"B\",\"144\":\"C\",\"145\":\"E\",\"146\":\"F\",\"147\":\"G\",\"148\":\"H\",\"149\":\"I\",\"150\":\"L\",\"151\":\"M\",\"152\":\"N\",\"153\":\"O\",\"154\":\"Q1\",\"155\":\"Q2\",\"156\":\"Q3\",\"157\":\"Q4\",\"158\":\"X1\",\"159\":\"X2\",\"160\":\"X3\",\"161\":\"X4\",\"162\":\"Y1\",\"163\":\"Y2\",\"164\":\"Y3\",\"165\":\"Y4\"},\"EPPS\":{\"166\":\"end\",\"167\":\"int\",\"168\":\"ord\",\"169\":\"ach\",\"170\":\"chg\",\"171\":\"aba\",\"172\":\"dom\",\"173\":\"aff\",\"174\":\"def\",\"175\":\"agg\",\"176\":\"suc\",\"177\":\"exh\",\"178\":\"aut\",\"179\":\"het\",\"180\":\"nur\",\"181\":\"con\"},\"SCL\":{\"182\":\"soma\",\"183\":\"obse\",\"184\":\"inte\",\"185\":\"depr\",\"186\":\"anxi\",\"187\":\"host\",\"188\":\"phob\",\"189\":\"parn\",\"190\":\"psyc\",\"191\":\"qtfm\"},\"EPQA\":{\"192\":\"epqae\",\"193\":\"epqan\",\"194\":\"epqap\",\"195\":\"epqal\"},\"CPI\":{\"196\":\"do\",\"197\":\"cs\",\"198\":\"sy\",\"199\":\"sp\",\"200\":\"sa\",\"201\":\"wb\",\"202\":\"re\",\"203\":\"so\",\"204\":\"sc\",\"205\":\"po\",\"206\":\"gi\",\"207\":\"cm\",\"208\":\"ac\",\"209\":\"ai\",\"210\":\"ie\",\"211\":\"py\",\"212\":\"fx\",\"213\":\"fe\"},\"SPM\":{\"214\":\"spma\",\"215\":\"spmb\",\"216\":\"spmc\",\"217\":\"spmd\",\"218\":\"spme\",\"219\":\"spm\",\"220\":\"spmabc\"}}', '{\"SPM\":[\"1\",\"2\",\"3\",\"4\",\"5\",\"6\",\"7\",\"8\",\"9\",\"10\",\"11\",\"12\",\"13\",\"14\",\"15\",\"16\",\"17\",\"18\",\"19\",\"20\",\"21\",\"22\",\"23\",\"24\",\"25\",\"26\",\"27\",\"28\",\"29\",\"30\",\"31\",\"32\",\"33\",\"34\",\"35\",\"36\",\"37\",\"38\",\"39\",\"40\",\"41\",\"42\",\"43\",\"44\",\"45\",\"46\",\"47\",\"48\",\"49\",\"50\",\"51\",\"52\",\"53\",\"54\",\"55\",\"56\",\"57\",\"58\",\"59\",\"60\"],\"SCL\":[\"1\",\"2\",\"3\",\"4\",\"5\",\"6\",\"7\",\"8\",\"9\",\"10\",\"11\",\"12\",\"13\",\"14\",\"15\",\"16\",\"17\",\"18\",\"19\",\"20\",\"21\",\"22\",\"23\",\"24\",\"25\",\"26\",\"27\",\"28\",\"29\",\"30\",\"31\",\"32\",\"33\",\"34\",\"35\",\"36\",\"37\",\"38\",\"39\",\"40\",\"41\",\"42\",\"43\",\"44\",\"45\",\"46\",\"47\",\"48\",\"49\",\"50\",\"51\",\"52\",\"53\",\"54\",\"55\",\"56\",\"57\",\"58\",\"59\",\"60\",\"61\",\"62\",\"63\",\"64\",\"65\",\"66\",\"67\",\"68\",\"69\",\"70\",\"71\",\"72\",\"73\",\"74\",\"75\",\"76\",\"77\",\"78\",\"79\",\"80\",\"81\",\"82\",\"83\",\"84\",\"85\",\"86\",\"87\",\"88\",\"89\",\"90\"],\"EPPS\":[\"1\",\"2\",\"3\",\"4\",\"5\",\"6\",\"7\",\"8\",\"9\",\"10\",\"11\",\"12\",\"13\",\"14\",\"15\",\"16\",\"17\",\"18\",\"19\",\"20\",\"21\",\"22\",\"23\",\"24\",\"25\",\"26\",\"27\",\"28\",\"29\",\"30\",\"31\",\"32\",\"33\",\"34\",\"35\",\"36\",\"37\",\"38\",\"39\",\"40\",\"41\",\"42\",\"43\",\"44\",\"45\",\"46\",\"47\",\"48\",\"49\",\"50\",\"51\",\"52\",\"53\",\"54\",\"55\",\"56\",\"57\",\"58\",\"59\",\"60\",\"61\",\"62\",\"63\",\"64\",\"65\",\"66\",\"67\",\"68\",\"69\",\"70\",\"71\",\"72\",\"73\",\"74\",\"75\",\"76\",\"77\",\"78\",\"79\",\"80\",\"81\",\"82\",\"83\",\"84\",\"85\",\"86\",\"87\",\"88\",\"89\",\"90\",\"91\",\"92\",\"93\",\"94\",\"95\",\"96\",\"97\",\"98\",\"99\",\"100\",\"101\",\"102\",\"103\",\"104\",\"105\",\"106\",\"107\",\"108\",\"109\",\"110\",\"111\",\"112\",\"113\",\"114\",\"115\",\"116\",\"117\",\"118\",\"119\",\"120\",\"121\",\"122\",\"123\",\"124\",\"125\",\"126\",\"127\",\"128\",\"129\",\"130\",\"131\",\"132\",\"133\",\"134\",\"135\",\"136\",\"137\",\"138\",\"139\",\"140\",\"141\",\"142\",\"143\",\"144\",\"145\",\"146\",\"147\",\"148\",\"149\",\"150\",\"151\",\"152\",\"153\",\"154\",\"155\",\"156\",\"157\",\"158\",\"159\",\"160\",\"161\",\"162\",\"163\",\"164\",\"165\",\"166\",\"167\",\"168\",\"169\",\"170\",\"171\",\"172\",\"173\",\"174\",\"175\",\"176\",\"177\",\"178\",\"179\",\"180\",\"181\",\"182\",\"183\",\"184\",\"185\",\"186\",\"187\",\"188\",\"189\",\"190\",\"191\",\"192\",\"193\",\"194\",\"195\",\"196\",\"197\",\"198\",\"199\",\"200\",\"201\",\"202\",\"203\",\"204\",\"205\",\"206\",\"207\",\"208\",\"209\",\"210\",\"211\",\"212\",\"213\",\"214\",\"215\",\"216\",\"217\",\"218\",\"219\",\"220\",\"221\",\"222\",\"223\",\"224\",\"225\"],\"CPI\":[\"1\",\"2\",\"3\",\"4\",\"5\",\"6\",\"7\",\"8\",\"9\",\"10\",\"11\",\"12\",\"13\",\"14\",\"15\",\"16\",\"17\",\"18\",\"19\",\"20\",\"21\",\"22\",\"23\",\"24\",\"25\",\"26\",\"27\",\"28\",\"29\",\"30\",\"31\",\"32\",\"33\",\"34\",\"35\",\"36\",\"37\",\"38\",\"39\",\"40\",\"41\",\"42\",\"43\",\"44\",\"45\",\"46\",\"47\",\"48\",\"49\",\"50\",\"51\",\"52\",\"53\",\"54\",\"55\",\"56\",\"57\",\"58\",\"59\",\"60\",\"61\",\"62\",\"63\",\"64\",\"65\",\"66\",\"67\",\"68\",\"69\",\"70\",\"71\",\"72\",\"73\",\"74\",\"75\",\"76\",\"77\",\"78\",\"79\",\"80\",\"81\",\"82\",\"83\",\"84\",\"85\",\"86\",\"87\",\"88\",\"89\",\"90\",\"91\",\"92\",\"93\",\"94\",\"95\",\"96\",\"97\",\"98\",\"99\",\"100\",\"101\",\"102\",\"103\",\"104\",\"105\",\"106\",\"107\",\"108\",\"109\",\"110\",\"111\",\"112\",\"113\",\"114\",\"115\",\"116\",\"117\",\"118\",\"119\",\"120\",\"121\",\"122\",\"123\",\"124\",\"125\",\"126\",\"127\",\"128\",\"129\",\"130\",\"131\",\"132\",\"133\",\"134\",\"135\",\"136\",\"137\",\"138\",\"139\",\"140\",\"141\",\"142\",\"143\",\"144\",\"145\",\"146\",\"147\",\"148\",\"149\",\"150\",\"151\",\"152\",\"153\",\"154\",\"155\",\"156\",\"157\",\"158\",\"159\",\"160\",\"161\",\"162\",\"163\",\"164\",\"165\",\"166\",\"167\",\"168\",\"169\",\"170\",\"171\",\"172\",\"173\",\"174\",\"175\",\"176\",\"177\",\"178\",\"179\",\"180\",\"181\",\"182\",\"183\",\"184\",\"185\",\"186\",\"187\",\"188\",\"189\",\"190\",\"191\",\"192\",\"193\",\"194\",\"195\",\"196\",\"197\",\"198\",\"199\",\"200\",\"201\",\"202\",\"203\",\"204\",\"205\",\"206\",\"207\",\"208\",\"209\",\"210\",\"211\",\"212\",\"213\",\"214\",\"215\",\"216\",\"217\",\"218\",\"219\",\"220\",\"221\",\"222\",\"223\",\"224\",\"225\",\"226\",\"227\",\"228\",\"229\",\"230\"],\"EPQA\":[\"1\",\"2\",\"3\",\"4\",\"5\",\"6\",\"7\",\"8\",\"9\",\"10\",\"11\",\"12\",\"13\",\"14\",\"15\",\"16\",\"17\",\"18\",\"19\",\"20\",\"21\",\"22\",\"23\",\"24\",\"25\",\"26\",\"27\",\"28\",\"29\",\"30\",\"31\",\"32\",\"33\",\"34\",\"35\",\"36\",\"37\",\"38\",\"39\",\"40\",\"41\",\"42\",\"43\",\"44\",\"45\",\"46\",\"47\",\"48\",\"49\",\"50\",\"51\",\"52\",\"53\",\"54\",\"55\",\"56\",\"57\",\"58\",\"59\",\"60\",\"61\",\"62\",\"63\",\"64\",\"65\",\"66\",\"67\",\"68\",\"69\",\"70\",\"71\",\"72\",\"73\",\"74\",\"75\",\"76\",\"77\",\"78\",\"79\",\"80\",\"81\",\"82\",\"83\",\"84\",\"85\",\"86\",\"87\",\"88\"],\"16PF\":[\"1\",\"2\",\"3\",\"4\",\"5\",\"6\",\"7\",\"8\",\"9\",\"10\",\"11\",\"12\",\"13\",\"14\",\"15\",\"16\",\"17\",\"18\",\"19\",\"20\",\"21\",\"22\",\"23\",\"24\",\"25\",\"26\",\"27\",\"28\",\"29\",\"30\",\"31\",\"32\",\"33\",\"34\",\"35\",\"36\",\"37\",\"38\",\"39\",\"40\",\"41\",\"42\",\"43\",\"44\",\"45\",\"46\",\"47\",\"48\",\"49\",\"50\",\"51\",\"52\",\"53\",\"54\",\"55\",\"56\",\"57\",\"58\",\"59\",\"60\",\"61\",\"62\",\"63\",\"64\",\"65\",\"66\",\"67\",\"68\",\"69\",\"70\",\"71\",\"72\",\"73\",\"74\",\"75\",\"76\",\"77\",\"78\",\"79\",\"80\",\"81\",\"82\",\"83\",\"84\",\"85\",\"86\",\"87\",\"88\",\"89\",\"90\",\"91\",\"92\",\"93\",\"94\",\"95\",\"96\",\"97\",\"98\",\"99\",\"100\",\"101\",\"102\",\"103\",\"104\",\"105\",\"106\",\"107\",\"108\",\"109\",\"110\",\"111\",\"112\",\"113\",\"114\",\"115\",\"116\",\"117\",\"118\",\"119\",\"120\",\"121\",\"122\",\"123\",\"124\",\"125\",\"126\",\"127\",\"128\",\"129\",\"130\",\"131\",\"132\",\"133\",\"134\",\"135\",\"136\",\"137\",\"138\",\"139\",\"140\",\"141\",\"142\",\"143\",\"144\",\"145\",\"146\",\"147\",\"148\",\"149\",\"150\",\"151\",\"152\",\"153\",\"154\",\"155\",\"156\",\"157\",\"158\",\"159\",\"160\",\"161\",\"162\",\"163\",\"164\",\"165\",\"166\",\"167\",\"168\",\"169\",\"170\",\"171\",\"172\",\"173\",\"174\",\"175\",\"176\",\"177\",\"178\",\"179\",\"180\",\"181\",\"182\",\"183\",\"184\",\"185\",\"186\",\"187\"]}');

-- ----------------------------
-- Table structure for `question`
-- ----------------------------
DROP TABLE IF EXISTS `question`;
CREATE TABLE `question` (
  `id` int(11) NOT NULL AUTO_INCREMENT,
  `topic` text COMMENT '',
  `options` text COMMENT '',
  `grade` text COMMENT 'options ',
  `number` int(11) NOT NULL COMMENT '',
  `paper_id` int(11) DEFAULT NULL COMMENT 'id',
  PRIMARY KEY (`id`),
  KEY `fk_question_1_idx` (`paper_id`),
  CONSTRAINT `fk_question_1` FOREIGN KEY (`paper_id`) REFERENCES `paper` (`id`) ON DELETE CASCADE ON UPDATE CASCADE
) ENGINE=InnoDB AUTO_INCREMENT=3726 DEFAULT CHARSET=utf8;

-- ----------------------------
-- Records of question
-- ----------------------------
INSERT INTO `question` VALUES ('821', 'A1M', 'A1A1|A1A2|A1A3|A1A4|A1A5|A1A6', null, '1', '138');
INSERT INTO `question` VALUES ('822', 'A2M', 'A2A1|A2A2|A2A3|A2A4|A2A5|A2A6', null, '2', '138');
INSERT INTO `question` VALUES ('823', 'A3M', 'A3A1|A3A2|A3A3|A3A4|A3A5|A3A6', null, '3', '138');
INSERT INTO `question` VALUES ('824', 'A4M', 'A4A1|A4A2|A4A3|A4A4|A4A5|A4A6', null, '4', '138');
INSERT INTO `question` VALUES ('825', 'A5M', 'A5A1|A5A2|A5A3|A5A4|A5A5|A5A6', null, '5', '138');
INSERT INTO `question` VALUES ('826', 'A6M', 'A6A1|A6A2|A6A3|A6A4|A6A5|A6A6', null, '6', '138');
INSERT INTO `question` VALUES ('827', 'A7M', 'A7A1|A7A2|A7A3|A7A4|A7A5|A7A6', null, '7', '138');
INSERT INTO `question` VALUES ('828', 'A8M', 'A8A1|A8A2|A8A3|A8A4|A8A5|A8A6', null, '8', '138');
INSERT INTO `question` VALUES ('829', 'A9M', 'A9A1|A9A2|A9A3|A9A4|A9A5|A9A6', null, '9', '138');
INSERT INTO `question` VALUES ('830', 'A10M', 'A10A1|A10A2|A10A3|A10A4|A10A5|A10A6', null, '10', '138');
INSERT INTO `question` VALUES ('831', 'A11M', 'A11A1|A11A2|A11A3|A11A4|A11A5|A11A6', null, '11', '138');
INSERT INTO `question` VALUES ('832', 'A12M', 'A12A1|A12A2|A12A3|A12A4|A12A5|A12A6', null, '12', '138');
INSERT INTO `question` VALUES ('833', 'B1M', 'B1A1|B1A2|B1A3|B1A4|B1A5|B1A6', null, '13', '138');
INSERT INTO `question` VALUES ('834', 'B2M', 'B2A1|B2A2|B2A3|B2A4|B2A5|B2A6', null, '14', '138');
INSERT INTO `question` VALUES ('835', 'B3M', 'B3A1|B3A2|B3A3|B3A4|B3A5|B3A6', null, '15', '138');
INSERT INTO `question` VALUES ('836', 'B4M', 'B4A1|B4A2|B4A3|B4A4|B4A5|B4A6', null, '16', '138');
INSERT INTO `question` VALUES ('837', 'B5M', 'B5A1|B5A2|B5A3|B5A4|B5A5|B5A6', null, '17', '138');
INSERT INTO `question` VALUES ('838', 'B6M', 'B6A1|B6A2|B6A3|B6A4|B6A5|B6A6', null, '18', '138');
INSERT INTO `question` VALUES ('839', 'B7M', 'B7A1|B7A2|B7A3|B7A4|B7A5|B7A6', null, '19', '138');
INSERT INTO `question` VALUES ('840', 'B8M', 'B8A1|B8A2|B8A3|B8A4|B8A5|B8A6', null, '20', '138');
INSERT INTO `question` VALUES ('841', 'B9M', 'B9A1|B9A2|B9A3|B9A4|B9A5|B9A6', null, '21', '138');
INSERT INTO `question` VALUES ('842', 'B10M', 'B10A1|B10A2|B10A3|B10A4|B10A5|B10A6', null, '22', '138');
INSERT INTO `question` VALUES ('843', 'B11M', 'B11A1|B11A2|B11A3|B11A4|B11A5|B11A6', null, '23', '138');
INSERT INTO `question` VALUES ('844', 'B12M', 'B12A1|B12A2|B12A3|B12A4|B12A5|B12A6', null, '24', '138');
INSERT INTO `question` VALUES ('845', 'C1M', 'C1A1|C1A2|C1A3|C1A4|C1A5|C1A6|C1A7|C1A8', null, '25', '138');
INSERT INTO `question` VALUES ('846', 'C2M', 'C2A1|C2A2|C2A3|C2A4|C2A5|C2A6|C2A7|C2A8', null, '26', '138');
INSERT INTO `question` VALUES ('847', 'C3M', 'C3A1|C3A2|C3A3|C3A4|C3A5|C3A6|C3A7|C3A8', null, '27', '138');
INSERT INTO `question` VALUES ('848', 'C4M', 'C4A1|C4A2|C4A3|C4A4|C4A5|C4A6|C4A7|C4A8', null, '28', '138');
INSERT INTO `question` VALUES ('849', 'C5M', 'C5A1|C5A2|C5A3|C5A4|C5A5|C5A6|C5A7|C5A8', null, '29', '138');
INSERT INTO `question` VALUES ('850', 'C6M', 'C6A1|C6A2|C6A3|C6A4|C6A5|C6A6|C6A7|C6A8', null, '30', '138');
INSERT INTO `question` VALUES ('851', 'C7M', 'C7A1|C7A2|C7A3|C7A4|C7A5|C7A6|C7A7|C7A8', null, '31', '138');
INSERT INTO `question` VALUES ('852', 'C8M', 'C8A1|C8A2|C8A3|C8A4|C8A5|C8A6|C8A7|C8A8', null, '32', '138');
INSERT INTO `question` VALUES ('853', 'C9M', 'C9A1|C9A2|C9A3|C9A4|C9A5|C9A6|C9A7|C9A8', null, '33', '138');
INSERT INTO `question` VALUES ('854', 'C10M', 'C10A1|C10A2|C10A3|C10A4|C10A5|C10A6|C10A7|C10A8', null, '34', '138');
INSERT INTO `question` VALUES ('855', 'C11M', 'C11A1|C11A2|C11A3|C11A4|C11A5|C11A6|C11A7|C11A8', null, '35', '138');
INSERT INTO `question` VALUES ('856', 'C12M', 'C12A1|C12A2|C12A3|C12A4|C12A5|C12A6|C12A7|C12A8', null, '36', '138');
INSERT INTO `question` VALUES ('857', 'D1M', 'D1A1|D1A2|D1A3|D1A4|D1A5|D1A6|D1A7|D1A8', null, '37', '138');
INSERT INTO `question` VALUES ('858', 'D2M', 'D2A1|D2A2|D2A3|D2A4|D2A5|D2A6|D2A7|D2A8', null, '38', '138');
INSERT INTO `question` VALUES ('859', 'D3M', 'D3A1|D3A2|D3A3|D3A4|D3A5|D3A6|D3A7|D3A8', null, '39', '138');
INSERT INTO `question` VALUES ('860', 'D4M', 'D4A1|D4A2|D4A3|D4A4|D4A5|D4A6|D4A7|D4A8', null, '40', '138');
INSERT INTO `question` VALUES ('861', 'D5M', 'D5A1|D5A2|D5A3|D5A4|D5A5|D5A6|D5A7|D5A8', null, '41', '138');
INSERT INTO `question` VALUES ('862', 'D6M', 'D6A1|D6A2|D6A3|D6A4|D6A5|D6A6|D6A7|D6A8', null, '42', '138');
INSERT INTO `question` VALUES ('863', 'D7M', 'D7A1|D7A2|D7A3|D7A4|D7A5|D7A6|D7A7|D7A8', null, '43', '138');
INSERT INTO `question` VALUES ('864', 'D8M', 'D8A1|D8A2|D8A3|D8A4|D8A5|D8A6|D8A7|D8A8', null, '44', '138');
INSERT INTO `question` VALUES ('865', 'D9M', 'D9A1|D9A2|D9A3|D9A4|D9A5|D9A6|D9A7|D9A8', null, '45', '138');
INSERT INTO `question` VALUES ('866', 'D10M', 'D10A1|D10A2|D10A3|D10A4|D10A5|D10A6|D10A7|D10A8', null, '46', '138');
INSERT INTO `question` VALUES ('867', 'D11M', 'D11A1|D11A2|D11A3|D11A4|D11A5|D11A6|D11A7|D11A8', null, '47', '138');
INSERT INTO `question` VALUES ('868', 'D12M', 'D12A1|D12A2|D12A3|D12A4|D12A5|D12A6|D12A7|D12A8', null, '48', '138');
INSERT INTO `question` VALUES ('869', 'E1M', 'E1A1|E1A2|E1A3|E1A4|E1A5|E1A6|E1A7|E1A8', null, '49', '138');
INSERT INTO `question` VALUES ('870', 'E2M', 'E2A1|E2A2|E2A3|E2A4|E2A5|E2A6|E2A7|E2A8', null, '50', '138');
INSERT INTO `question` VALUES ('871', 'E3M', 'E3A1|E3A2|E3A3|E3A4|E3A5|E3A6|E3A7|E3A8', null, '51', '138');
INSERT INTO `question` VALUES ('872', 'E4M', 'E4A1|E4A2|E4A3|E4A4|E4A5|E4A6|E4A7|E4A8', null, '52', '138');
INSERT INTO `question` VALUES ('873', 'E5M', 'E5A1|E5A2|E5A3|E5A4|E5A5|E5A6|E5A7|E5A8', null, '53', '138');
INSERT INTO `question` VALUES ('874', 'E6M', 'E6A1|E6A2|E6A3|E6A4|E6A5|E6A6|E6A7|E6A8', null, '54', '138');
INSERT INTO `question` VALUES ('875', 'E7M', 'E7A1|E7A2|E7A3|E7A4|E7A5|E7A6|E7A7|E7A8', null, '55', '138');
INSERT INTO `question` VALUES ('876', 'E8M', 'E8A1|E8A2|E8A3|E8A4|E8A5|E8A6|E8A7|E8A8', null, '56', '138');
INSERT INTO `question` VALUES ('877', 'E9M', 'E9A1|E9A2|E9A3|E9A4|E9A5|E9A6|E9A7|E9A8', null, '57', '138');
INSERT INTO `question` VALUES ('878', 'E10M', 'E10A1|E10A2|E10A3|E10A4|E10A5|E10A6|E10A7|E10A8', null, '58', '138');
INSERT INTO `question` VALUES ('879', 'E11M', 'E11A1|E11A2|E11A3|E11A4|E11A5|E11A6|E11A7|E11A8', null, '59', '138');
INSERT INTO `question` VALUES ('880', 'E12M', 'E12A1|E12A2|E12A3|E12A4|E12A5|E12A6|E12A7|E12A8', null, '60', '138');
INSERT INTO `question` VALUES ('1629', '', '||||', null, '1', '137');
INSERT INTO `question` VALUES ('1630', ',', '||||', null, '2', '137');
INSERT INTO `question` VALUES ('1631', '', '||||', null, '3', '137');
INSERT INTO `question` VALUES ('1632', '', '||||', null, '4', '137');
INSERT INTO `question` VALUES ('1633', '', '||||', null, '5', '137');
INSERT INTO `question` VALUES ('1634', '', '||||', null, '6', '137');
INSERT INTO `question` VALUES ('1635', '', '||||', null, '7', '137');
INSERT INTO `question` VALUES ('1636', '', '||||', null, '8', '137');
INSERT INTO `question` VALUES ('1637', '', '||||', null, '9', '137');
INSERT INTO `question` VALUES ('1638', '', '||||', null, '10', '137');
INSERT INTO `question` VALUES ('1639', '', '||||', null, '11', '137');
INSERT INTO `question` VALUES ('1640', '', '||||', null, '12', '137');
INSERT INTO `question` VALUES ('1641', '', '||||', null, '13', '137');
INSERT INTO `question` VALUES ('1642', ',', '||||', null, '14', '137');
INSERT INTO `question` VALUES ('1643', '', '||||', null, '15', '137');
INSERT INTO `question` VALUES ('1644', '', '||||', null, '16', '137');
INSERT INTO `question` VALUES ('1645', '', '||||', null, '17', '137');
INSERT INTO `question` VALUES ('1646', '', '||||', null, '18', '137');
INSERT INTO `question` VALUES ('1647', '', '||||', null, '19', '137');
INSERT INTO `question` VALUES ('1648', '', '||||', null, '20', '137');
INSERT INTO `question` VALUES ('1649', '', '||||', null, '21', '137');
INSERT INTO `question` VALUES ('1650', ',', '||||', null, '22', '137');
INSERT INTO `question` VALUES ('1651', '', '||||', null, '23', '137');
INSERT INTO `question` VALUES ('1652', '', '||||', null, '24', '137');
INSERT INTO `question` VALUES ('1653', '', '||||', null, '25', '137');
INSERT INTO `question` VALUES ('1654', '', '||||', null, '26', '137');
INSERT INTO `question` VALUES ('1655', '', '||||', null, '27', '137');
INSERT INTO `question` VALUES ('1656', '', '||||', null, '28', '137');
INSERT INTO `question` VALUES ('1657', '', '||||', null, '29', '137');
INSERT INTO `question` VALUES ('1658', '', '||||', null, '30', '137');
INSERT INTO `question` VALUES ('1659', '', '||||', null, '31', '137');
INSERT INTO `question` VALUES ('1660', '', '||||', null, '32', '137');
INSERT INTO `question` VALUES ('1661', '', '||||', null, '33', '137');
INSERT INTO `question` VALUES ('1662', '', '||||', null, '34', '137');
INSERT INTO `question` VALUES ('1663', '', '||||', null, '35', '137');
INSERT INTO `question` VALUES ('1664', '', '||||', null, '36', '137');
INSERT INTO `question` VALUES ('1665', ',', '||||', null, '37', '137');
INSERT INTO `question` VALUES ('1666', '', '||||', null, '38', '137');
INSERT INTO `question` VALUES ('1667', '', '||||', null, '39', '137');
INSERT INTO `question` VALUES ('1668', '', '||||', null, '40', '137');
INSERT INTO `question` VALUES ('1669', '', '||||', null, '41', '137');
INSERT INTO `question` VALUES ('1670', '', '||||', null, '42', '137');
INSERT INTO `question` VALUES ('1671', '', '||||', null, '43', '137');
INSERT INTO `question` VALUES ('1672', '', '||||', null, '44', '137');
INSERT INTO `question` VALUES ('1673', '', '||||', null, '45', '137');
INSERT INTO `question` VALUES ('1674', '', '||||', null, '46', '137');
INSERT INTO `question` VALUES ('1675', '', '||||', null, '47', '137');
INSERT INTO `question` VALUES ('1676', '', '||||', null, '48', '137');
INSERT INTO `question` VALUES ('1677', '', '||||', null, '49', '137');
INSERT INTO `question` VALUES ('1678', '', '||||', null, '50', '137');
INSERT INTO `question` VALUES ('1679', '', '||||', null, '51', '137');
INSERT INTO `question` VALUES ('1680', '', '||||', null, '52', '137');
INSERT INTO `question` VALUES ('1681', '', '||||', null, '53', '137');
INSERT INTO `question` VALUES ('1682', '', '||||', null, '54', '137');
INSERT INTO `question` VALUES ('1683', '', '||||', null, '55', '137');
INSERT INTO `question` VALUES ('1684', '', '||||', null, '56', '137');
INSERT INTO `question` VALUES ('1685', '', '||||', null, '57', '137');
INSERT INTO `question` VALUES ('1686', '', '||||', null, '58', '137');
INSERT INTO `question` VALUES ('1687', '', '||||', null, '59', '137');
INSERT INTO `question` VALUES ('1688', '', '||||', null, '60', '137');
INSERT INTO `question` VALUES ('1689', '', '||||', null, '61', '137');
INSERT INTO `question` VALUES ('1690', '', '||||', null, '62', '137');
INSERT INTO `question` VALUES ('1691', '', '||||', null, '63', '137');
INSERT INTO `question` VALUES ('1692', '', '||||', null, '64', '137');
INSERT INTO `question` VALUES ('1693', '', '||||', null, '65', '137');
INSERT INTO `question` VALUES ('1694', '', '||||', null, '66', '137');
INSERT INTO `question` VALUES ('1695', '', '||||', null, '67', '137');
INSERT INTO `question` VALUES ('1696', '', '||||', null, '68', '137');
INSERT INTO `question` VALUES ('1697', '', '||||', null, '69', '137');
INSERT INTO `question` VALUES ('1698', '', '||||', null, '70', '137');
INSERT INTO `question` VALUES ('1699', '', '||||', null, '71', '137');
INSERT INTO `question` VALUES ('1700', '', '||||', null, '72', '137');
INSERT INTO `question` VALUES ('1701', '', '||||', null, '73', '137');
INSERT INTO `question` VALUES ('1702', '', '||||', null, '74', '137');
INSERT INTO `question` VALUES ('1703', '', '||||', null, '75', '137');
INSERT INTO `question` VALUES ('1704', '', '||||', null, '76', '137');
INSERT INTO `question` VALUES ('1705', '', '||||', null, '77', '137');
INSERT INTO `question` VALUES ('1706', '', '||||', null, '78', '137');
INSERT INTO `question` VALUES ('1707', '', '||||', null, '79', '137');
INSERT INTO `question` VALUES ('1708', '', '||||', null, '80', '137');
INSERT INTO `question` VALUES ('1709', '', '||||', null, '81', '137');
INSERT INTO `question` VALUES ('1710', '', '||||', null, '82', '137');
INSERT INTO `question` VALUES ('1711', '', '||||', null, '83', '137');
INSERT INTO `question` VALUES ('1712', '', '||||', null, '84', '137');
INSERT INTO `question` VALUES ('1713', '', '||||', null, '85', '137');
INSERT INTO `question` VALUES ('1714', '', '||||', null, '86', '137');
INSERT INTO `question` VALUES ('1715', '', '||||', null, '87', '137');
INSERT INTO `question` VALUES ('1716', '', '||||', null, '88', '137');
INSERT INTO `question` VALUES ('1717', '', '||||', null, '89', '137');
INSERT INTO `question` VALUES ('1718', '', '||||', null, '90', '137');
INSERT INTO `question` VALUES ('1725', null, ',|,', null, '1', '136');
INSERT INTO `question` VALUES ('1726', null, '|', null, '2', '136');
INSERT INTO `question` VALUES ('1727', null, '|', null, '3', '136');
INSERT INTO `question` VALUES ('1728', null, '|', null, '4', '136');
INSERT INTO `question` VALUES ('1729', null, '|', null, '5', '136');
INSERT INTO `question` VALUES ('1730', null, '|', null, '6', '136');
INSERT INTO `question` VALUES ('1731', null, '|,', null, '7', '136');
INSERT INTO `question` VALUES ('1732', null, ',|', null, '8', '136');
INSERT INTO `question` VALUES ('1733', null, ',|', null, '9', '136');
INSERT INTO `question` VALUES ('1734', null, '|', null, '10', '136');
INSERT INTO `question` VALUES ('1735', null, '|', null, '11', '136');
INSERT INTO `question` VALUES ('1736', null, '|,', null, '12', '136');
INSERT INTO `question` VALUES ('1737', null, '|', null, '13', '136');
INSERT INTO `question` VALUES ('1738', null, '|,', null, '14', '136');
INSERT INTO `question` VALUES ('1739', null, '|', null, '15', '136');
INSERT INTO `question` VALUES ('1740', null, '|', null, '16', '136');
INSERT INTO `question` VALUES ('1741', null, ',|', null, '17', '136');
INSERT INTO `question` VALUES ('1742', null, ',,|', null, '18', '136');
INSERT INTO `question` VALUES ('1743', null, '|', null, '19', '136');
INSERT INTO `question` VALUES ('1744', null, '|', null, '20', '136');
INSERT INTO `question` VALUES ('1745', null, '|', null, '21', '136');
INSERT INTO `question` VALUES ('1746', null, '|', null, '22', '136');
INSERT INTO `question` VALUES ('1747', null, '|', null, '23', '136');
INSERT INTO `question` VALUES ('1748', null, '|', null, '24', '136');
INSERT INTO `question` VALUES ('1749', null, ',|', null, '25', '136');
INSERT INTO `question` VALUES ('1750', null, '|', null, '26', '136');
INSERT INTO `question` VALUES ('1751', null, '|', null, '27', '136');
INSERT INTO `question` VALUES ('1752', null, '|', null, '28', '136');
INSERT INTO `question` VALUES ('1753', null, '|', null, '29', '136');
INSERT INTO `question` VALUES ('1754', null, '|', null, '30', '136');
INSERT INTO `question` VALUES ('1755', null, '|,', null, '31', '136');
INSERT INTO `question` VALUES ('1756', null, '|', null, '32', '136');
INSERT INTO `question` VALUES ('1757', null, ',|', null, '33', '136');
INSERT INTO `question` VALUES ('1758', null, '|,', null, '34', '136');
INSERT INTO `question` VALUES ('1759', null, '|', null, '35', '136');
INSERT INTO `question` VALUES ('1760', null, '|', null, '36', '136');
INSERT INTO `question` VALUES ('1761', null, ',|', null, '37', '136');
INSERT INTO `question` VALUES ('1762', null, ',,|,', null, '38', '136');
INSERT INTO `question` VALUES ('1763', null, '|,', null, '39', '136');
INSERT INTO `question` VALUES ('1764', null, '|,', null, '40', '136');
INSERT INTO `question` VALUES ('1765', null, '|,', null, '41', '136');
INSERT INTO `question` VALUES ('1766', null, ',|,', null, '42', '136');
INSERT INTO `question` VALUES ('1767', null, ',|', null, '43', '136');
INSERT INTO `question` VALUES ('1768', null, '|', null, '44', '136');
INSERT INTO `question` VALUES ('1769', null, '|', null, '45', '136');
INSERT INTO `question` VALUES ('1770', null, '|,', null, '46', '136');
INSERT INTO `question` VALUES ('1771', null, '|', null, '47', '136');
INSERT INTO `question` VALUES ('1772', null, ',|,', null, '48', '136');
INSERT INTO `question` VALUES ('1773', null, '|', null, '49', '136');
INSERT INTO `question` VALUES ('1774', null, '|,', null, '50', '136');
INSERT INTO `question` VALUES ('1775', null, ',|', null, '51', '136');
INSERT INTO `question` VALUES ('1776', null, '|', null, '52', '136');
INSERT INTO `question` VALUES ('1777', null, ',|', null, '53', '136');
INSERT INTO `question` VALUES ('1778', null, '|,', null, '54', '136');
INSERT INTO `question` VALUES ('1779', null, '|', null, '55', '136');
INSERT INTO `question` VALUES ('1780', null, '|', null, '56', '136');
INSERT INTO `question` VALUES ('1781', null, '|', null, '57', '136');
INSERT INTO `question` VALUES ('1782', null, ',|', null, '58', '136');
INSERT INTO `question` VALUES ('1783', null, ',|,', null, '59', '136');
INSERT INTO `question` VALUES ('1784', null, '|', null, '60', '136');
INSERT INTO `question` VALUES ('1785', null, '|,', null, '61', '136');
INSERT INTO `question` VALUES ('1786', null, ',|', null, '62', '136');
INSERT INTO `question` VALUES ('1787', null, ',|,', null, '63', '136');
INSERT INTO `question` VALUES ('1788', null, ',|,', null, '64', '136');
INSERT INTO `question` VALUES ('1789', null, '|', null, '65', '136');
INSERT INTO `question` VALUES ('1790', null, '|', null, '66', '136');
INSERT INTO `question` VALUES ('1791', null, '|', null, '67', '136');
INSERT INTO `question` VALUES ('1792', null, '|', null, '68', '136');
INSERT INTO `question` VALUES ('1793', null, '|', null, '69', '136');
INSERT INTO `question` VALUES ('1794', null, '|', null, '70', '136');
INSERT INTO `question` VALUES ('1795', null, '|', null, '71', '136');
INSERT INTO `question` VALUES ('1796', null, '|', null, '72', '136');
INSERT INTO `question` VALUES ('1797', null, ',|,', null, '73', '136');
INSERT INTO `question` VALUES ('1798', null, '|', null, '74', '136');
INSERT INTO `question` VALUES ('1799', null, '|', null, '75', '136');
INSERT INTO `question` VALUES ('1800', null, '|,', null, '76', '136');
INSERT INTO `question` VALUES ('1801', null, '|', null, '77', '136');
INSERT INTO `question` VALUES ('1802', null, ',|', null, '78', '136');
INSERT INTO `question` VALUES ('1803', null, '|', null, '79', '136');
INSERT INTO `question` VALUES ('1804', null, ',|', null, '80', '136');
INSERT INTO `question` VALUES ('1805', null, '|,', null, '81', '136');
INSERT INTO `question` VALUES ('1806', null, ',|,', null, '82', '136');
INSERT INTO `question` VALUES ('1807', null, ',|', null, '83', '136');
INSERT INTO `question` VALUES ('1808', null, ',|,', null, '84', '136');
INSERT INTO `question` VALUES ('1809', null, ',|,', null, '85', '136');
INSERT INTO `question` VALUES ('1810', null, '|,', null, '86', '136');
INSERT INTO `question` VALUES ('1811', null, '|,', null, '87', '136');
INSERT INTO `question` VALUES ('1812', null, '|,', null, '88', '136');
INSERT INTO `question` VALUES ('1813', null, '|, ', null, '89', '136');
INSERT INTO `question` VALUES ('1814', null, '|,,', null, '90', '136');
INSERT INTO `question` VALUES ('1815', null, '|', null, '91', '136');
INSERT INTO `question` VALUES ('1816', null, '|,', null, '92', '136');
INSERT INTO `question` VALUES ('1817', null, ',|', null, '93', '136');
INSERT INTO `question` VALUES ('1818', null, '|', null, '94', '136');
INSERT INTO `question` VALUES ('1819', null, '|', null, '95', '136');
INSERT INTO `question` VALUES ('1820', null, '|', null, '96', '136');
INSERT INTO `question` VALUES ('1821', null, '|', null, '97', '136');
INSERT INTO `question` VALUES ('1822', null, ',|', null, '98', '136');
INSERT INTO `question` VALUES ('1823', null, ',|', null, '99', '136');
INSERT INTO `question` VALUES ('1824', null, '|', null, '100', '136');
INSERT INTO `question` VALUES ('1825', null, '|', null, '101', '136');
INSERT INTO `question` VALUES ('1826', null, '|', null, '102', '136');
INSERT INTO `question` VALUES ('1827', null, ',|', null, '103', '136');
INSERT INTO `question` VALUES ('1828', null, ',|', null, '104', '136');
INSERT INTO `question` VALUES ('1829', null, ',|', null, '105', '136');
INSERT INTO `question` VALUES ('1830', null, '|', null, '106', '136');
INSERT INTO `question` VALUES ('1831', null, '|', null, '107', '136');
INSERT INTO `question` VALUES ('1832', null, '|', null, '108', '136');
INSERT INTO `question` VALUES ('1833', null, ',|', null, '109', '136');
INSERT INTO `question` VALUES ('1834', null, ',|', null, '110', '136');
INSERT INTO `question` VALUES ('1835', null, '|,', null, '111', '136');
INSERT INTO `question` VALUES ('1836', null, '|', null, '112', '136');
INSERT INTO `question` VALUES ('1837', null, ',,|,', null, '113', '136');
INSERT INTO `question` VALUES ('1838', null, '|', null, '114', '136');
INSERT INTO `question` VALUES ('1839', null, '|,,', null, '115', '136');
INSERT INTO `question` VALUES ('1840', null, '|,', null, '116', '136');
INSERT INTO `question` VALUES ('1841', null, ',|', null, '117', '136');
INSERT INTO `question` VALUES ('1842', null, ',|,', null, '118', '136');
INSERT INTO `question` VALUES ('1843', null, '|', null, '119', '136');
INSERT INTO `question` VALUES ('1844', null, ',|,', null, '120', '136');
INSERT INTO `question` VALUES ('1845', null, '|', null, '121', '136');
INSERT INTO `question` VALUES ('1846', null, '|', null, '122', '136');
INSERT INTO `question` VALUES ('1847', null, ',|,', null, '123', '136');
INSERT INTO `question` VALUES ('1848', null, '|', null, '124', '136');
INSERT INTO `question` VALUES ('1849', null, '|,', null, '125', '136');
INSERT INTO `question` VALUES ('1850', null, '|,', null, '126', '136');
INSERT INTO `question` VALUES ('1851', null, '|,', null, '127', '136');
INSERT INTO `question` VALUES ('1852', null, ',|', null, '128', '136');
INSERT INTO `question` VALUES ('1853', null, '|,', null, '129', '136');
INSERT INTO `question` VALUES ('1854', null, '|', null, '130', '136');
INSERT INTO `question` VALUES ('1855', null, '|', null, '131', '136');
INSERT INTO `question` VALUES ('1856', null, ',|,', null, '132', '136');
INSERT INTO `question` VALUES ('1857', null, ',|', null, '133', '136');
INSERT INTO `question` VALUES ('1858', null, ',|', null, '134', '136');
INSERT INTO `question` VALUES ('1859', null, ',|', null, '135', '136');
INSERT INTO `question` VALUES ('1860', null, '|,', null, '136', '136');
INSERT INTO `question` VALUES ('1861', null, '|,', null, '137', '136');
INSERT INTO `question` VALUES ('1862', null, '|', null, '138', '136');
INSERT INTO `question` VALUES ('1863', null, '|', null, '139', '136');
INSERT INTO `question` VALUES ('1864', null, ',|,,', null, '140', '136');
INSERT INTO `question` VALUES ('1865', null, '|', null, '141', '136');
INSERT INTO `question` VALUES ('1866', null, '|', null, '142', '136');
INSERT INTO `question` VALUES ('1867', null, '|', null, '143', '136');
INSERT INTO `question` VALUES ('1868', null, ',|', null, '144', '136');
INSERT INTO `question` VALUES ('1869', null, '|', null, '145', '136');
INSERT INTO `question` VALUES ('1870', null, '|', null, '146', '136');
INSERT INTO `question` VALUES ('1871', null, '|', null, '147', '136');
INSERT INTO `question` VALUES ('1872', null, ',|,', null, '148', '136');
INSERT INTO `question` VALUES ('1873', null, '|,', null, '149', '136');
INSERT INTO `question` VALUES ('1874', null, '|,', null, '150', '136');
INSERT INTO `question` VALUES ('1875', null, ',|,', null, '151', '136');
INSERT INTO `question` VALUES ('1876', null, ',|', null, '152', '136');
INSERT INTO `question` VALUES ('1877', null, ',|', null, '153', '136');
INSERT INTO `question` VALUES ('1878', null, '|', null, '154', '136');
INSERT INTO `question` VALUES ('1879', null, '|', null, '155', '136');
INSERT INTO `question` VALUES ('1880', null, '|,', null, '156', '136');
INSERT INTO `question` VALUES ('1881', null, '|,', null, '157', '136');
INSERT INTO `question` VALUES ('1882', null, '|', null, '158', '136');
INSERT INTO `question` VALUES ('1883', null, '|', null, '159', '136');
INSERT INTO `question` VALUES ('1884', null, ',|,', null, '160', '136');
INSERT INTO `question` VALUES ('1885', null, '|,', null, '161', '136');
INSERT INTO `question` VALUES ('1886', null, '|', null, '162', '136');
INSERT INTO `question` VALUES ('1887', null, '|', null, '163', '136');
INSERT INTO `question` VALUES ('1888', null, '|,', null, '164', '136');
INSERT INTO `question` VALUES ('1889', null, '|,', null, '165', '136');
INSERT INTO `question` VALUES ('1890', null, '|', null, '166', '136');
INSERT INTO `question` VALUES ('1891', null, '|', null, '167', '136');
INSERT INTO `question` VALUES ('1892', null, ',,|', null, '168', '136');
INSERT INTO `question` VALUES ('1893', null, '|,', null, '169', '136');
INSERT INTO `question` VALUES ('1894', null, ',|', null, '170', '136');
INSERT INTO `question` VALUES ('1895', null, ',|', null, '171', '136');
INSERT INTO `question` VALUES ('1896', null, '|', null, '172', '136');
INSERT INTO `question` VALUES ('1897', null, ',|', null, '173', '136');
INSERT INTO `question` VALUES ('1898', null, '|', null, '174', '136');
INSERT INTO `question` VALUES ('1899', null, ',|', null, '175', '136');
INSERT INTO `question` VALUES ('1900', null, ',|', null, '176', '136');
INSERT INTO `question` VALUES ('1901', null, '|', null, '177', '136');
INSERT INTO `question` VALUES ('1902', null, ',|', null, '178', '136');
INSERT INTO `question` VALUES ('1903', null, '|', null, '179', '136');
INSERT INTO `question` VALUES ('1904', null, '|', null, '180', '136');
INSERT INTO `question` VALUES ('1905', null, '|', null, '181', '136');
INSERT INTO `question` VALUES ('1906', null, '|', null, '182', '136');
INSERT INTO `question` VALUES ('1907', null, '|', null, '183', '136');
INSERT INTO `question` VALUES ('1908', null, '|', null, '184', '136');
INSERT INTO `question` VALUES ('1909', null, '|', null, '185', '136');
INSERT INTO `question` VALUES ('1910', null, ',|,', null, '186', '136');
INSERT INTO `question` VALUES ('1911', null, '|,', null, '187', '136');
INSERT INTO `question` VALUES ('1912', null, ',|', null, '188', '136');
INSERT INTO `question` VALUES ('1913', null, '|', null, '189', '136');
INSERT INTO `question` VALUES ('1914', null, ',|,', null, '190', '136');
INSERT INTO `question` VALUES ('1915', null, '|', null, '191', '136');
INSERT INTO `question` VALUES ('1916', null, '|,', null, '192', '136');
INSERT INTO `question` VALUES ('1917', null, ',|', null, '193', '136');
INSERT INTO `question` VALUES ('1918', null, '|', null, '194', '136');
INSERT INTO `question` VALUES ('1919', null, ',|', null, '195', '136');
INSERT INTO `question` VALUES ('1920', null, '|,', null, '196', '136');
INSERT INTO `question` VALUES ('1921', null, ',|,', null, '197', '136');
INSERT INTO `question` VALUES ('1922', null, ',,|', null, '198', '136');
INSERT INTO `question` VALUES ('1923', null, '|', null, '199', '136');
INSERT INTO `question` VALUES ('1924', null, ',|', null, '200', '136');
INSERT INTO `question` VALUES ('1925', null, ',|', null, '201', '136');
INSERT INTO `question` VALUES ('1926', null, '|', null, '202', '136');
INSERT INTO `question` VALUES ('1927', null, ',|', null, '203', '136');
INSERT INTO `question` VALUES ('1928', null, '|', null, '204', '136');
INSERT INTO `question` VALUES ('1929', null, '|', null, '205', '136');
INSERT INTO `question` VALUES ('1930', null, '|', null, '206', '136');
INSERT INTO `question` VALUES ('1931', null, ',|', null, '207', '136');
INSERT INTO `question` VALUES ('1932', null, ',  |', null, '208', '136');
INSERT INTO `question` VALUES ('1933', null, '|', null, '209', '136');
INSERT INTO `question` VALUES ('1934', null, ',|', null, '210', '136');
INSERT INTO `question` VALUES ('1935', null, '|', null, '211', '136');
INSERT INTO `question` VALUES ('1936', null, ',|', null, '212', '136');
INSERT INTO `question` VALUES ('1937', null, ',|', null, '213', '136');
INSERT INTO `question` VALUES ('1938', null, '|,', null, '214', '136');
INSERT INTO `question` VALUES ('1939', null, '|,', null, '215', '136');
INSERT INTO `question` VALUES ('1940', null, '|', null, '216', '136');
INSERT INTO `question` VALUES ('1941', null, '|', null, '217', '136');
INSERT INTO `question` VALUES ('1942', null, '|', null, '218', '136');
INSERT INTO `question` VALUES ('1943', null, '|', null, '219', '136');
INSERT INTO `question` VALUES ('1944', null, '|', null, '220', '136');
INSERT INTO `question` VALUES ('1945', null, ',|', null, '221', '136');
INSERT INTO `question` VALUES ('1946', null, '|,', null, '222', '136');
INSERT INTO `question` VALUES ('1947', null, ',|,', null, '223', '136');
INSERT INTO `question` VALUES ('1948', null, '|,', null, '224', '136');
INSERT INTO `question` VALUES ('1949', null, '|,', null, '225', '136');
INSERT INTO `question` VALUES ('2220', ',', '|', null, '1', '135');
INSERT INTO `question` VALUES ('2221', '', '|', null, '2', '135');
INSERT INTO `question` VALUES ('2222', '\"\"', '|', null, '3', '135');
INSERT INTO `question` VALUES ('2223', null, '|', null, '4', '135');
INSERT INTO `question` VALUES ('2224', '', '|', null, '5', '135');
INSERT INTO `question` VALUES ('2225', ',', '|', null, '6', '135');
INSERT INTO `question` VALUES ('2226', ',', '|', null, '7', '135');
INSERT INTO `question` VALUES ('2227', '', '|', null, '8', '135');
INSERT INTO `question` VALUES ('2228', '', '|', null, '9', '135');
INSERT INTO `question` VALUES ('2229', '', '|', null, '10', '135');
INSERT INTO `question` VALUES ('2230', ',', '|', null, '11', '135');
INSERT INTO `question` VALUES ('2231', ',', '|', null, '12', '135');
INSERT INTO `question` VALUES ('2232', '', '|', null, '13', '135');
INSERT INTO `question` VALUES ('2233', '', '|', null, '14', '135');
INSERT INTO `question` VALUES ('2234', '', '|', null, '15', '135');
INSERT INTO `question` VALUES ('2235', '', '|', null, '16', '135');
INSERT INTO `question` VALUES ('2236', '', '|', null, '17', '135');
INSERT INTO `question` VALUES ('2237', ',', '|', null, '18', '135');
INSERT INTO `question` VALUES ('2238', ',,', '|', null, '19', '135');
INSERT INTO `question` VALUES ('2239', '', '|', null, '20', '135');
INSERT INTO `question` VALUES ('2240', ',,', '|', null, '21', '135');
INSERT INTO `question` VALUES ('2241', ',', '|', null, '22', '135');
INSERT INTO `question` VALUES ('2242', '', '|', null, '23', '135');
INSERT INTO `question` VALUES ('2243', ',,', '|', null, '24', '135');
INSERT INTO `question` VALUES ('2244', '', '|', null, '25', '135');
INSERT INTO `question` VALUES ('2245', '', '|', null, '26', '135');
INSERT INTO `question` VALUES ('2246', '', '|', null, '27', '135');
INSERT INTO `question` VALUES ('2247', ',', '|', null, '28', '135');
INSERT INTO `question` VALUES ('2248', '', '|', null, '29', '135');
INSERT INTO `question` VALUES ('2249', '', '|', null, '30', '135');
INSERT INTO `question` VALUES ('2250', '', '|', null, '31', '135');
INSERT INTO `question` VALUES ('2251', '', '|', null, '32', '135');
INSERT INTO `question` VALUES ('2252', ',', '|', null, '33', '135');
INSERT INTO `question` VALUES ('2253', ',', '|', null, '34', '135');
INSERT INTO `question` VALUES ('2254', '', '|', null, '35', '135');
INSERT INTO `question` VALUES ('2255', '', '|', null, '36', '135');
INSERT INTO `question` VALUES ('2256', ',', '|', null, '37', '135');
INSERT INTO `question` VALUES ('2257', '', '|', null, '38', '135');
INSERT INTO `question` VALUES ('2258', ',', '|', null, '39', '135');
INSERT INTO `question` VALUES ('2259', ',', '|', null, '40', '135');
INSERT INTO `question` VALUES ('2260', ',', '|', null, '41', '135');
INSERT INTO `question` VALUES ('2261', '', '|', null, '42', '135');
INSERT INTO `question` VALUES ('2262', '', '|', null, '43', '135');
INSERT INTO `question` VALUES ('2263', ',,', '|', null, '44', '135');
INSERT INTO `question` VALUES ('2264', '', '|', null, '45', '135');
INSERT INTO `question` VALUES ('2265', ',', '|', null, '46', '135');
INSERT INTO `question` VALUES ('2266', ',', '|', null, '47', '135');
INSERT INTO `question` VALUES ('2267', ',', '|', null, '48', '135');
INSERT INTO `question` VALUES ('2268', '', '|', null, '49', '135');
INSERT INTO `question` VALUES ('2269', ',', '|', null, '50', '135');
INSERT INTO `question` VALUES ('2270', '', '|', null, '51', '135');
INSERT INTO `question` VALUES ('2271', ',', '|', null, '52', '135');
INSERT INTO `question` VALUES ('2272', '', '|', null, '53', '135');
INSERT INTO `question` VALUES ('2273', ',', '|', null, '54', '135');
INSERT INTO `question` VALUES ('2274', '', '|', null, '55', '135');
INSERT INTO `question` VALUES ('2275', ',', '|', null, '56', '135');
INSERT INTO `question` VALUES ('2276', ',', '|', null, '57', '135');
INSERT INTO `question` VALUES ('2277', ',', '|', null, '58', '135');
INSERT INTO `question` VALUES ('2278', '', '|', null, '59', '135');
INSERT INTO `question` VALUES ('2279', '', '|', null, '60', '135');
INSERT INTO `question` VALUES ('2280', ',', '|', null, '61', '135');
INSERT INTO `question` VALUES ('2281', ',', '|', null, '62', '135');
INSERT INTO `question` VALUES ('2282', '', '|', null, '63', '135');
INSERT INTO `question` VALUES ('2283', ',', '|', null, '64', '135');
INSERT INTO `question` VALUES ('2284', '', '|', null, '65', '135');
INSERT INTO `question` VALUES ('2285', ',,,', '|', null, '66', '135');
INSERT INTO `question` VALUES ('2286', ',', '|', null, '67', '135');
INSERT INTO `question` VALUES ('2287', ',', '|', null, '68', '135');
INSERT INTO `question` VALUES ('2288', ',', '|', null, '69', '135');
INSERT INTO `question` VALUES ('2289', '', '|', null, '70', '135');
INSERT INTO `question` VALUES ('2290', '', '|', null, '71', '135');
INSERT INTO `question` VALUES ('2291', ',', '|', null, '72', '135');
INSERT INTO `question` VALUES ('2292', ',', '|', null, '73', '135');
INSERT INTO `question` VALUES ('2293', '', '|', null, '74', '135');
INSERT INTO `question` VALUES ('2294', ',', '|', null, '75', '135');
INSERT INTO `question` VALUES ('2295', null, '|', null, '76', '135');
INSERT INTO `question` VALUES ('2296', ',,', '|', null, '77', '135');
INSERT INTO `question` VALUES ('2297', ',,', '|', null, '78', '135');
INSERT INTO `question` VALUES ('2298', '', '|', null, '79', '135');
INSERT INTO `question` VALUES ('2299', ',', '|', null, '80', '135');
INSERT INTO `question` VALUES ('2300', '', '|', null, '81', '135');
INSERT INTO `question` VALUES ('2301', '', '|', null, '82', '135');
INSERT INTO `question` VALUES ('2302', '', '|', null, '83', '135');
INSERT INTO `question` VALUES ('2303', '', '|', null, '84', '135');
INSERT INTO `question` VALUES ('2304', ',,', '|', null, '85', '135');
INSERT INTO `question` VALUES ('2305', '', '|', null, '86', '135');
INSERT INTO `question` VALUES ('2306', ',,,', '|', null, '87', '135');
INSERT INTO `question` VALUES ('2307', ',', '|', null, '88', '135');
INSERT INTO `question` VALUES ('2308', '', '|', null, '89', '135');
INSERT INTO `question` VALUES ('2309', ',', '|', null, '90', '135');
INSERT INTO `question` VALUES ('2310', ',', '|', null, '91', '135');
INSERT INTO `question` VALUES ('2311', '', '|', null, '92', '135');
INSERT INTO `question` VALUES ('2312', '', '|', null, '93', '135');
INSERT INTO `question` VALUES ('2313', ',', '|', null, '94', '135');
INSERT INTO `question` VALUES ('2314', ',', '|', null, '95', '135');
INSERT INTO `question` VALUES ('2315', '', '|', null, '96', '135');
INSERT INTO `question` VALUES ('2316', ',', '|', null, '97', '135');
INSERT INTO `question` VALUES ('2317', '', '|', null, '98', '135');
INSERT INTO `question` VALUES ('2318', ',,', '|', null, '99', '135');
INSERT INTO `question` VALUES ('2319', ',', '|', null, '100', '135');
INSERT INTO `question` VALUES ('2320', '', '|', null, '101', '135');
INSERT INTO `question` VALUES ('2321', ',,', '|', null, '102', '135');
INSERT INTO `question` VALUES ('2322', '', '|', null, '103', '135');
INSERT INTO `question` VALUES ('2323', '', '|', null, '104', '135');
INSERT INTO `question` VALUES ('2324', ',,', '|', null, '105', '135');
INSERT INTO `question` VALUES ('2325', ',', '|', null, '106', '135');
INSERT INTO `question` VALUES ('2326', ',', '|', null, '107', '135');
INSERT INTO `question` VALUES ('2327', '', '|', null, '108', '135');
INSERT INTO `question` VALUES ('2328', '', '|', null, '109', '135');
INSERT INTO `question` VALUES ('2329', '', '|', null, '110', '135');
INSERT INTO `question` VALUES ('2330', ',', '|', null, '111', '135');
INSERT INTO `question` VALUES ('2331', '', '|', null, '112', '135');
INSERT INTO `question` VALUES ('2332', '', '|', null, '113', '135');
INSERT INTO `question` VALUES ('2333', ',', '|', null, '114', '135');
INSERT INTO `question` VALUES ('2334', ',', '|', null, '115', '135');
INSERT INTO `question` VALUES ('2335', ',', '|', null, '116', '135');
INSERT INTO `question` VALUES ('2336', ',,', '|', null, '117', '135');
INSERT INTO `question` VALUES ('2337', ',', '|', null, '118', '135');
INSERT INTO `question` VALUES ('2338', ',,,', '|', null, '119', '135');
INSERT INTO `question` VALUES ('2339', '', '|', null, '120', '135');
INSERT INTO `question` VALUES ('2340', '', '|', null, '121', '135');
INSERT INTO `question` VALUES ('2341', ',', '|', null, '122', '135');
INSERT INTO `question` VALUES ('2342', ',', '|', null, '123', '135');
INSERT INTO `question` VALUES ('2343', '', '|', null, '124', '135');
INSERT INTO `question` VALUES ('2344', ',', '|', null, '125', '135');
INSERT INTO `question` VALUES ('2345', '', '|', null, '126', '135');
INSERT INTO `question` VALUES ('2346', '', '|', null, '127', '135');
INSERT INTO `question` VALUES ('2347', '', '|', null, '128', '135');
INSERT INTO `question` VALUES ('2348', '', '|', null, '129', '135');
INSERT INTO `question` VALUES ('2349', ',', '|', null, '130', '135');
INSERT INTO `question` VALUES ('2350', '', '|', null, '131', '135');
INSERT INTO `question` VALUES ('2351', ',,', '|', null, '132', '135');
INSERT INTO `question` VALUES ('2352', ',', '|', null, '133', '135');
INSERT INTO `question` VALUES ('2353', null, '|', null, '134', '135');
INSERT INTO `question` VALUES ('2354', ',', '|', null, '135', '135');
INSERT INTO `question` VALUES ('2355', '', '|', null, '136', '135');
INSERT INTO `question` VALUES ('2356', '', '|', null, '137', '135');
INSERT INTO `question` VALUES ('2357', ',', '|', null, '138', '135');
INSERT INTO `question` VALUES ('2358', ',,', '|', null, '139', '135');
INSERT INTO `question` VALUES ('2359', '', '|', null, '140', '135');
INSERT INTO `question` VALUES ('2360', '', '|', null, '141', '135');
INSERT INTO `question` VALUES ('2361', '', '|', null, '142', '135');
INSERT INTO `question` VALUES ('2362', ',,', '|', null, '143', '135');
INSERT INTO `question` VALUES ('2363', '', '|', null, '144', '135');
INSERT INTO `question` VALUES ('2364', '', '|', null, '145', '135');
INSERT INTO `question` VALUES ('2365', '', '|', null, '146', '135');
INSERT INTO `question` VALUES ('2366', ',', '|', null, '147', '135');
INSERT INTO `question` VALUES ('2367', ',,', '|', null, '148', '135');
INSERT INTO `question` VALUES ('2368', '', '|', null, '149', '135');
INSERT INTO `question` VALUES ('2369', ',', '|', null, '150', '135');
INSERT INTO `question` VALUES ('2370', ',', '|', null, '151', '135');
INSERT INTO `question` VALUES ('2371', '', '|', null, '152', '135');
INSERT INTO `question` VALUES ('2372', '', '|', null, '153', '135');
INSERT INTO `question` VALUES ('2373', ',', '|', null, '154', '135');
INSERT INTO `question` VALUES ('2374', ',', '|', null, '155', '135');
INSERT INTO `question` VALUES ('2375', '', '|', null, '156', '135');
INSERT INTO `question` VALUES ('2376', '', '|', null, '157', '135');
INSERT INTO `question` VALUES ('2377', ',', '|', null, '158', '135');
INSERT INTO `question` VALUES ('2378', ',', '|', null, '159', '135');
INSERT INTO `question` VALUES ('2379', ',', '|', null, '160', '135');
INSERT INTO `question` VALUES ('2380', '', '|', null, '161', '135');
INSERT INTO `question` VALUES ('2381', '', '|', null, '162', '135');
INSERT INTO `question` VALUES ('2382', '', '|', null, '163', '135');
INSERT INTO `question` VALUES ('2383', '', '|', null, '164', '135');
INSERT INTO `question` VALUES ('2384', '', '|', null, '165', '135');
INSERT INTO `question` VALUES ('2385', '', '|', null, '166', '135');
INSERT INTO `question` VALUES ('2386', ',', '|', null, '167', '135');
INSERT INTO `question` VALUES ('2387', ',', '|', null, '168', '135');
INSERT INTO `question` VALUES ('2388', ',', '|', null, '169', '135');
INSERT INTO `question` VALUES ('2389', '', '|', null, '170', '135');
INSERT INTO `question` VALUES ('2390', '', '|', null, '171', '135');
INSERT INTO `question` VALUES ('2391', '', '|', null, '172', '135');
INSERT INTO `question` VALUES ('2392', ',', '|', null, '173', '135');
INSERT INTO `question` VALUES ('2393', ',', '|', null, '174', '135');
INSERT INTO `question` VALUES ('2394', ',', '|', null, '175', '135');
INSERT INTO `question` VALUES ('2395', ',,', '|', null, '176', '135');
INSERT INTO `question` VALUES ('2396', ',', '|', null, '177', '135');
INSERT INTO `question` VALUES ('2397', ',', '|', null, '178', '135');
INSERT INTO `question` VALUES ('2398', ',,', '|', null, '179', '135');
INSERT INTO `question` VALUES ('2399', '', '|', null, '180', '135');
INSERT INTO `question` VALUES ('2400', '', '|', null, '181', '135');
INSERT INTO `question` VALUES ('2401', ',', '|', null, '182', '135');
INSERT INTO `question` VALUES ('2402', ',', '|', null, '183', '135');
INSERT INTO `question` VALUES ('2403', '', '|', null, '184', '135');
INSERT INTO `question` VALUES ('2404', '', '|', null, '185', '135');
INSERT INTO `question` VALUES ('2405', '', '|', null, '186', '135');
INSERT INTO `question` VALUES ('2406', '', '|', null, '187', '135');
INSERT INTO `question` VALUES ('2407', ',', '|', null, '188', '135');
INSERT INTO `question` VALUES ('2408', '', '|', null, '189', '135');
INSERT INTO `question` VALUES ('2409', null, '|', null, '190', '135');
INSERT INTO `question` VALUES ('2410', ',', '|', null, '191', '135');
INSERT INTO `question` VALUES ('2411', ',', '|', null, '192', '135');
INSERT INTO `question` VALUES ('2412', ',', '|', null, '193', '135');
INSERT INTO `question` VALUES ('2413', '', '|', null, '194', '135');
INSERT INTO `question` VALUES ('2414', '', '|', null, '195', '135');
INSERT INTO `question` VALUES ('2415', ',', '|', null, '196', '135');
INSERT INTO `question` VALUES ('2416', '', '|', null, '197', '135');
INSERT INTO `question` VALUES ('2417', '', '|', null, '198', '135');
INSERT INTO `question` VALUES ('2418', null, '|', null, '199', '135');
INSERT INTO `question` VALUES ('2419', ',', '|', null, '200', '135');
INSERT INTO `question` VALUES ('2420', '', '|', null, '201', '135');
INSERT INTO `question` VALUES ('2421', ',,', '|', null, '202', '135');
INSERT INTO `question` VALUES ('2422', '', '|', null, '203', '135');
INSERT INTO `question` VALUES ('2423', ',,', '|', null, '204', '135');
INSERT INTO `question` VALUES ('2424', ',', '|', null, '205', '135');
INSERT INTO `question` VALUES ('2425', ',', '|', null, '206', '135');
INSERT INTO `question` VALUES ('2426', '', '|', null, '207', '135');
INSERT INTO `question` VALUES ('2427', ',', '|', null, '208', '135');
INSERT INTO `question` VALUES ('2428', '', '|', null, '209', '135');
INSERT INTO `question` VALUES ('2429', '', '|', null, '210', '135');
INSERT INTO `question` VALUES ('2430', ',', '|', null, '211', '135');
INSERT INTO `question` VALUES ('2431', ',', '|', null, '212', '135');
INSERT INTO `question` VALUES ('2432', ',,', '|', null, '213', '135');
INSERT INTO `question` VALUES ('2433', ',,', '|', null, '214', '135');
INSERT INTO `question` VALUES ('2434', ',', '|', null, '215', '135');
INSERT INTO `question` VALUES ('2435', ',', '|', null, '216', '135');
INSERT INTO `question` VALUES ('2436', ',', '|', null, '217', '135');
INSERT INTO `question` VALUES ('2437', ',', '|', null, '218', '135');
INSERT INTO `question` VALUES ('2438', ',', '|', null, '219', '135');
INSERT INTO `question` VALUES ('2439', '', '|', null, '220', '135');
INSERT INTO `question` VALUES ('2440', ',', '|', null, '221', '135');
INSERT INTO `question` VALUES ('2441', '', '|', null, '222', '135');
INSERT INTO `question` VALUES ('2442', '', '|', null, '223', '135');
INSERT INTO `question` VALUES ('2443', '', '|', null, '224', '135');
INSERT INTO `question` VALUES ('2444', '', '|', null, '225', '135');
INSERT INTO `question` VALUES ('2445', null, '|', null, '226', '135');
INSERT INTO `question` VALUES ('2446', ',', '|', null, '227', '135');
INSERT INTO `question` VALUES ('2447', ',', '|', null, '228', '135');
INSERT INTO `question` VALUES ('2448', ',', '|', null, '229', '135');
INSERT INTO `question` VALUES ('2449', ',', '|', null, '230', '135');
INSERT INTO `question` VALUES ('2740', '', '|', null, '1', '133');
INSERT INTO `question` VALUES ('2741', '', '|', null, '2', '133');
INSERT INTO `question` VALUES ('2742', '', '|', null, '3', '133');
INSERT INTO `question` VALUES ('2743', '', '|', null, '4', '133');
INSERT INTO `question` VALUES ('2744', '', '|', null, '5', '133');
INSERT INTO `question` VALUES ('2745', '', '|', null, '6', '133');
INSERT INTO `question` VALUES ('2746', '\"\"', '|', null, '7', '133');
INSERT INTO `question` VALUES ('2747', '', '|', null, '8', '133');
INSERT INTO `question` VALUES ('2748', '', '|', null, '9', '133');
INSERT INTO `question` VALUES ('2749', '', '|', null, '10', '133');
INSERT INTO `question` VALUES ('2750', '', '|', null, '11', '133');
INSERT INTO `question` VALUES ('2751', ',', '|', null, '12', '133');
INSERT INTO `question` VALUES ('2752', '', '|', null, '13', '133');
INSERT INTO `question` VALUES ('2753', '', '|', null, '14', '133');
INSERT INTO `question` VALUES ('2754', '', '|', null, '15', '133');
INSERT INTO `question` VALUES ('2755', '', '|', null, '16', '133');
INSERT INTO `question` VALUES ('2756', '', '|', null, '17', '133');
INSERT INTO `question` VALUES ('2757', '', '|', null, '18', '133');
INSERT INTO `question` VALUES ('2758', '', '|', null, '19', '133');
INSERT INTO `question` VALUES ('2759', '', '|', null, '20', '133');
INSERT INTO `question` VALUES ('2760', '', '|', null, '21', '133');
INSERT INTO `question` VALUES ('2761', '', '|', null, '22', '133');
INSERT INTO `question` VALUES ('2762', '\"\"', '|', null, '23', '133');
INSERT INTO `question` VALUES ('2763', '', '|', null, '24', '133');
INSERT INTO `question` VALUES ('2764', '', '|', null, '25', '133');
INSERT INTO `question` VALUES ('2765', '', '|', null, '26', '133');
INSERT INTO `question` VALUES ('2766', '', '|', null, '27', '133');
INSERT INTO `question` VALUES ('2767', '', '|', null, '28', '133');
INSERT INTO `question` VALUES ('2768', '', '|', null, '29', '133');
INSERT INTO `question` VALUES ('2769', '', '|', null, '30', '133');
INSERT INTO `question` VALUES ('2770', '', '|', null, '31', '133');
INSERT INTO `question` VALUES ('2771', '', '|', null, '32', '133');
INSERT INTO `question` VALUES ('2772', '', '|', null, '33', '133');
INSERT INTO `question` VALUES ('2773', '', '|', null, '34', '133');
INSERT INTO `question` VALUES ('2774', '', '|', null, '35', '133');
INSERT INTO `question` VALUES ('2775', ',', '|', null, '36', '133');
INSERT INTO `question` VALUES ('2776', '', '|', null, '37', '133');
INSERT INTO `question` VALUES ('2777', '', '|', null, '38', '133');
INSERT INTO `question` VALUES ('2778', '', '|', null, '39', '133');
INSERT INTO `question` VALUES ('2779', '', '|', null, '40', '133');
INSERT INTO `question` VALUES ('2780', '', '|', null, '41', '133');
INSERT INTO `question` VALUES ('2781', ',', '|', null, '42', '133');
INSERT INTO `question` VALUES ('2782', ',\"\"', '|', null, '43', '133');
INSERT INTO `question` VALUES ('2783', ',', '|', null, '44', '133');
INSERT INTO `question` VALUES ('2784', ',', '|', null, '45', '133');
INSERT INTO `question` VALUES ('2785', ',', '|', null, '46', '133');
INSERT INTO `question` VALUES ('2786', '', '|', null, '47', '133');
INSERT INTO `question` VALUES ('2787', '', '|', null, '48', '133');
INSERT INTO `question` VALUES ('2788', '', '|', null, '49', '133');
INSERT INTO `question` VALUES ('2789', '', '|', null, '50', '133');
INSERT INTO `question` VALUES ('2790', '', '|', null, '51', '133');
INSERT INTO `question` VALUES ('2791', '', '|', null, '52', '133');
INSERT INTO `question` VALUES ('2792', '', '|', null, '53', '133');
INSERT INTO `question` VALUES ('2793', '', '|', null, '54', '133');
INSERT INTO `question` VALUES ('2794', '', '|', null, '55', '133');
INSERT INTO `question` VALUES ('2795', ',', '|', null, '56', '133');
INSERT INTO `question` VALUES ('2796', '', '|', null, '57', '133');
INSERT INTO `question` VALUES ('2797', '', '|', null, '58', '133');
INSERT INTO `question` VALUES ('2798', '', '|', null, '59', '133');
INSERT INTO `question` VALUES ('2799', ',', '|', null, '60', '133');
INSERT INTO `question` VALUES ('2800', '', '|', null, '61', '133');
INSERT INTO `question` VALUES ('2801', '', '|', null, '62', '133');
INSERT INTO `question` VALUES ('2802', '', '|', null, '63', '133');
INSERT INTO `question` VALUES ('2803', '', '|', null, '64', '133');
INSERT INTO `question` VALUES ('2804', ',', '|', null, '65', '133');
INSERT INTO `question` VALUES ('2805', '', '|', null, '66', '133');
INSERT INTO `question` VALUES ('2806', '', '|', null, '67', '133');
INSERT INTO `question` VALUES ('2807', '', '|', null, '68', '133');
INSERT INTO `question` VALUES ('2808', '', '|', null, '69', '133');
INSERT INTO `question` VALUES ('2809', ',', '|', null, '70', '133');
INSERT INTO `question` VALUES ('2810', '', '|', null, '71', '133');
INSERT INTO `question` VALUES ('2811', '', '|', null, '72', '133');
INSERT INTO `question` VALUES ('2812', ',', '|', null, '73', '133');
INSERT INTO `question` VALUES ('2813', '\"\"', '|', null, '74', '133');
INSERT INTO `question` VALUES ('2814', '', '|', null, '75', '133');
INSERT INTO `question` VALUES ('2815', ',', '|', null, '76', '133');
INSERT INTO `question` VALUES ('2816', '', '|', null, '77', '133');
INSERT INTO `question` VALUES ('2817', ',,', '|', null, '78', '133');
INSERT INTO `question` VALUES ('2818', '', '|', null, '79', '133');
INSERT INTO `question` VALUES ('2819', '', '|', null, '80', '133');
INSERT INTO `question` VALUES ('2820', '', '|', null, '81', '133');
INSERT INTO `question` VALUES ('2821', ',', '|', null, '82', '133');
INSERT INTO `question` VALUES ('2822', '', '|', null, '83', '133');
INSERT INTO `question` VALUES ('2823', '', '|', null, '84', '133');
INSERT INTO `question` VALUES ('2824', '', '|', null, '85', '133');
INSERT INTO `question` VALUES ('2825', '', '|', null, '86', '133');
INSERT INTO `question` VALUES ('2826', ',', '|', null, '87', '133');
INSERT INTO `question` VALUES ('2827', '', '|', null, '88', '133');
INSERT INTO `question` VALUES ('3539', ':', 'A.|B.|C.', null, '1', '134');
INSERT INTO `question` VALUES ('3540', ':', 'A.|B.|C.', null, '2', '134');
INSERT INTO `question` VALUES ('3541', ',:', 'A.|B.AC|C.', null, '3', '134');
INSERT INTO `question` VALUES ('3542', ':', 'A.|B.|C.', null, '4', '134');
INSERT INTO `question` VALUES ('3543', ',:', 'A.|B.|C.', null, '5', '134');
INSERT INTO `question` VALUES ('3544', ':', 'A.|B.|C.', null, '6', '134');
INSERT INTO `question` VALUES ('3545', ':', 'A.|B.|C.', null, '7', '134');
INSERT INTO `question` VALUES ('3546', ':', 'A.|B.AC|C.', null, '8', '134');
INSERT INTO `question` VALUES ('3547', ',:', 'A.|B.|C.', null, '9', '134');
INSERT INTO `question` VALUES ('3548', ',:', 'A.|B.AC|C.,', null, '10', '134');
INSERT INTO `question` VALUES ('3549', ':', 'A.|B.|C.', null, '11', '134');
INSERT INTO `question` VALUES ('3550', ',:', 'A.|B.|C.', null, '12', '134');
INSERT INTO `question` VALUES ('3551', ':', 'A.|B.AC|C.', null, '13', '134');
INSERT INTO `question` VALUES ('3552', ':', 'A.|B.|C.', null, '14', '134');
INSERT INTO `question` VALUES ('3553', ',:', 'A.|B.AC|C.', null, '15', '134');
INSERT INTO `question` VALUES ('3554', ':', 'A.|B.AC|C.', null, '16', '134');
INSERT INTO `question` VALUES ('3555', ':', 'A.|B.AC|C.', null, '17', '134');
INSERT INTO `question` VALUES ('3556', ',:', 'A.|B.|C.', null, '18', '134');
INSERT INTO `question` VALUES ('3557', ',:', 'A.|B.|C.', null, '19', '134');
INSERT INTO `question` VALUES ('3558', ':', 'A.|B.AC|C.', null, '20', '134');
INSERT INTO `question` VALUES ('3559', ':', 'A.|B.AC|C.', null, '21', '134');
INSERT INTO `question` VALUES ('3560', ',:', 'A.|B.|C.', null, '22', '134');
INSERT INTO `question` VALUES ('3561', ':', 'A.|B.|C.', null, '23', '134');
INSERT INTO `question` VALUES ('3562', ',:', 'A.,|B.AC|C.', null, '24', '134');
INSERT INTO `question` VALUES ('3563', ':', 'A.|B.AC|C.', null, '25', '134');
INSERT INTO `question` VALUES ('3564', ',:', 'A.|B.AC|C.', null, '26', '134');
INSERT INTO `question` VALUES ('3565', ',:', 'A.|B.|C.', null, '27', '134');
INSERT INTO `question` VALUES ('3566', ':', 'A.|B.|C.', null, '28', '134');
INSERT INTO `question` VALUES ('3567', ',:', 'A.|B.|C.', null, '29', '134');
INSERT INTO `question` VALUES ('3568', ',:', 'A.|B.|C.', null, '30', '134');
INSERT INTO `question` VALUES ('3569', ',,:', 'A.|B.|C.', null, '31', '134');
INSERT INTO `question` VALUES ('3570', ':', 'A.|B.AC|C.', null, '32', '134');
INSERT INTO `question` VALUES ('3571', ':', 'A.|B.|C.', null, '33', '134');
INSERT INTO `question` VALUES ('3572', ',:', 'A.|B.|C.', null, '34', '134');
INSERT INTO `question` VALUES ('3573', ',,:', 'A.|B.AC|C.', null, '35', '134');
INSERT INTO `question` VALUES ('3574', ':', 'A.|B.AC|C.', null, '36', '134');
INSERT INTO `question` VALUES ('3575', ',:', 'A.|B.|C.', null, '37', '134');
INSERT INTO `question` VALUES ('3576', ':', 'A.|B.AC|C.', null, '38', '134');
INSERT INTO `question` VALUES ('3577', ':', 'A.|B.|C.', null, '39', '134');
INSERT INTO `question` VALUES ('3578', ':', 'A.|B.|C.', null, '40', '134');
INSERT INTO `question` VALUES ('3579', ':', 'A.|B.AC|C.', null, '41', '134');
INSERT INTO `question` VALUES ('3580', ':', 'A.|B.AC|C.', null, '42', '134');
INSERT INTO `question` VALUES ('3581', ',:', 'A.|B.|C.', null, '43', '134');
INSERT INTO `question` VALUES ('3582', '(),:', 'A.|B.AC|C.', null, '44', '134');
INSERT INTO `question` VALUES ('3583', ',:', 'A.|B.AC|C.', null, '45', '134');
INSERT INTO `question` VALUES ('3584', ',:', 'A.|B.AC|C.', null, '46', '134');
INSERT INTO `question` VALUES ('3585', ':', 'A.|B.|C.', null, '47', '134');
INSERT INTO `question` VALUES ('3586', ',,:', 'A.|B.|C.', null, '48', '134');
INSERT INTO `question` VALUES ('3587', ',:', 'A.|B.|C.', null, '49', '134');
INSERT INTO `question` VALUES ('3588', ',:', 'A.|B.AC|C.', null, '50', '134');
INSERT INTO `question` VALUES ('3589', ':', 'A.|B.|C.', null, '51', '134');
INSERT INTO `question` VALUES ('3590', ',:', 'A.|B.|C.', null, '52', '134');
INSERT INTO `question` VALUES ('3591', ',:', 'A.  5|B.  2|C.  7', null, '53', '134');
INSERT INTO `question` VALUES ('3592', '[][][]:', 'A.|B.|C.', null, '54', '134');
INSERT INTO `question` VALUES ('3593', ',:', 'A.|B.|C.', null, '55', '134');
INSERT INTO `question` VALUES ('3594', ':', 'A.|B.|C.', null, '56', '134');
INSERT INTO `question` VALUES ('3595', ',,,:', 'A.|B.|C.', null, '57', '134');
INSERT INTO `question` VALUES ('3596', ':', 'A.()|B.()|C.()', null, '58', '134');
INSERT INTO `question` VALUES ('3597', ':', 'A.|B.AC|C.', null, '59', '134');
INSERT INTO `question` VALUES ('3598', ',,:', 'A.|B.AC|C.', null, '60', '134');
INSERT INTO `question` VALUES ('3599', ',:', 'A.|B.AC|C.', null, '61', '134');
INSERT INTO `question` VALUES ('3600', ':', 'A.|B.|C.', null, '62', '134');
INSERT INTO `question` VALUES ('3601', ':', 'A.|B.AC|C.', null, '63', '134');
INSERT INTO `question` VALUES ('3602', ':', 'A.|B.|C.', null, '64', '134');
INSERT INTO `question` VALUES ('3603', ':', 'A.|B.|C.', null, '65', '134');
INSERT INTO `question` VALUES ('3604', ':', 'A.|B.AC|C.', null, '66', '134');
INSERT INTO `question` VALUES ('3605', '[]:', 'A.|B.AC|C.', null, '67', '134');
INSERT INTO `question` VALUES ('3606', ',:', 'A.|B.|C.', null, '68', '134');
INSERT INTO `question` VALUES ('3607', ':', 'A.|B.AC|C.', null, '69', '134');
INSERT INTO `question` VALUES ('3608', ',,:', 'A.|B.AC|C.', null, '70', '134');
INSERT INTO `question` VALUES ('3609', ':', 'A.|B.AC|C.', null, '71', '134');
INSERT INTO `question` VALUES ('3610', ':', 'A.|B.AC|C.', null, '72', '134');
INSERT INTO `question` VALUES ('3611', '[],:', 'A.|B.AC|C.,', null, '73', '134');
INSERT INTO `question` VALUES ('3612', ',,:', 'A.|B.AC|C.', null, '74', '134');
INSERT INTO `question` VALUES ('3613', ':', 'A.|B.AC|C.', null, '75', '134');
INSERT INTO `question` VALUES ('3614', ',:', 'A.|B.|C.', null, '76', '134');
INSERT INTO `question` VALUES ('3615', '[][][]:', 'A.|B.|C.', null, '77', '134');
INSERT INTO `question` VALUES ('3616', ',:', 'A.  3/7|B.  3/9|C.  3/11', null, '78', '134');
INSERT INTO `question` VALUES ('3617', ',:', 'A.|B.|C.', null, '79', '134');
INSERT INTO `question` VALUES ('3618', ',:', 'A.|B.|C.', null, '80', '134');
INSERT INTO `question` VALUES ('3619', ',:', 'A.|B.AC|C.', null, '81', '134');
INSERT INTO `question` VALUES ('3620', ',:', 'A.|B.AC|C.', null, '82', '134');
INSERT INTO `question` VALUES ('3621', ',,:', 'A.|B.|C.', null, '83', '134');
INSERT INTO `question` VALUES ('3622', ',,:', 'A.|B.AC|C.', null, '84', '134');
INSERT INTO `question` VALUES ('3623', ',,:', 'A.|B.|C.', null, '85', '134');
INSERT INTO `question` VALUES ('3624', ':', 'A.|B.AC|C.', null, '86', '134');
INSERT INTO `question` VALUES ('3625', ':', 'A.|B.|C.', null, '87', '134');
INSERT INTO `question` VALUES ('3626', ',:', 'A.|B.AC|C.', null, '88', '134');
INSERT INTO `question` VALUES ('3627', '():', 'A.|B.|C.', null, '89', '134');
INSERT INTO `question` VALUES ('3628', '[][]:', 'A.|B.|C.', null, '90', '134');
INSERT INTO `question` VALUES ('3629', ',:', 'A.|B.|C.', null, '91', '134');
INSERT INTO `question` VALUES ('3630', ':', 'A.|B.|C.', null, '92', '134');
INSERT INTO `question` VALUES ('3631', ':', 'A.|B.AC|C.', null, '93', '134');
INSERT INTO `question` VALUES ('3632', ',,:', 'A.|B.|C.', null, '94', '134');
INSERT INTO `question` VALUES ('3633', ':', 'A.|B.AC|C.', null, '95', '134');
INSERT INTO `question` VALUES ('3634', ':', 'A.|B.AC|C.', null, '96', '134');
INSERT INTO `question` VALUES ('3635', ':', 'A.|B.AC|C.', null, '97', '134');
INSERT INTO `question` VALUES ('3636', ',,:', 'A.|B.AC|C.', null, '98', '134');
INSERT INTO `question` VALUES ('3637', ',:', 'A.|B.AC|C.', null, '99', '134');
INSERT INTO `question` VALUES ('3638', ':', 'A.|B.|C.', null, '100', '134');
INSERT INTO `question` VALUES ('3639', ':', 'A.|B.|C.', null, '101', '134');
INSERT INTO `question` VALUES ('3640', '[]:', 'A.|B.|C.', null, '102', '134');
INSERT INTO `question` VALUES ('3641', '[][][]:', 'A.|B.|C.', null, '103', '134');
INSERT INTO `question` VALUES ('3642', ',:', 'A.|B.|C.', null, '104', '134');
INSERT INTO `question` VALUES ('3643', ',:', 'A.,|B.AC|C.', null, '105', '134');
INSERT INTO `question` VALUES ('3644', ',,:', 'A.|B.|C.', null, '106', '134');
INSERT INTO `question` VALUES ('3645', ',  [] :', 'A.|B.AC|C.', null, '107', '134');
INSERT INTO `question` VALUES ('3646', ':', 'A.|B.|C.', null, '108', '134');
INSERT INTO `question` VALUES ('3647', ',:', 'A.|B.AC|C.', null, '109', '134');
INSERT INTO `question` VALUES ('3648', ',:', 'A.|B.AC|C.', null, '110', '134');
INSERT INTO `question` VALUES ('3649', ':', 'A.|B.|C.', null, '111', '134');
INSERT INTO `question` VALUES ('3650', ',:', 'A.|B.|C.', null, '112', '134');
INSERT INTO `question` VALUES ('3651', ':', 'A.|B.AC|C.', null, '113', '134');
INSERT INTO `question` VALUES ('3652', ',:', 'A.|B.AC|C.', null, '114', '134');
INSERT INTO `question` VALUES ('3653', ':', 'A.|B.|C.', null, '115', '134');
INSERT INTO `question` VALUES ('3654', ',:', 'A.|B.AC|C.', null, '116', '134');
INSERT INTO `question` VALUES ('3655', ':', 'A.|B.|C.', null, '117', '134');
INSERT INTO `question` VALUES ('3656', ':', 'A.|B.|C.', null, '118', '134');
INSERT INTO `question` VALUES ('3657', ',:', 'A.|B.|C.', null, '119', '134');
INSERT INTO `question` VALUES ('3658', ',:', 'A.|B.|C.', null, '120', '134');
INSERT INTO `question` VALUES ('3659', ',:', 'A.|B.|C.', null, '121', '134');
INSERT INTO `question` VALUES ('3660', ',:', 'A.|B.AC|C.', null, '122', '134');
INSERT INTO `question` VALUES ('3661', ',:', 'A.|B.|C.', null, '123', '134');
INSERT INTO `question` VALUES ('3662', ',:', 'A.|B.AC|C.', null, '124', '134');
INSERT INTO `question` VALUES ('3663', ',:', 'A.|B.AC|C.,', null, '125', '134');
INSERT INTO `question` VALUES ('3664', ',:', 'A.|B.|C.', null, '126', '134');
INSERT INTO `question` VALUES ('3665', ':', 'A.|B.|C.', null, '127', '134');
INSERT INTO `question` VALUES ('3666', ',:*OOOO**OOO***', 'A.  *O*|B.  OO*|C.  O**', null, '128', '134');
INSERT INTO `question` VALUES ('3667', ',:', 'A.|B.AC|C.', null, '129', '134');
INSERT INTO `question` VALUES ('3668', ',:', 'A.|B.|C.', null, '130', '134');
INSERT INTO `question` VALUES ('3669', ':', 'A.|B.AC|C.', null, '131', '134');
INSERT INTO `question` VALUES ('3670', ':', 'A.|B.AC|C.', null, '132', '134');
INSERT INTO `question` VALUES ('3671', ':', 'A.|B.|C.', null, '133', '134');
INSERT INTO `question` VALUES ('3672', ',,:', 'A.|B.AC|C.', null, '134', '134');
INSERT INTO `question` VALUES ('3673', ',:', 'A.|B.AC|C.', null, '135', '134');
INSERT INTO `question` VALUES ('3674', ':', 'A.|B.AC|C.', null, '136', '134');
INSERT INTO `question` VALUES ('3675', ',:', 'A.|B.AC|C.', null, '137', '134');
INSERT INTO `question` VALUES ('3676', '[][]:', 'A.|B.|C.', null, '138', '134');
INSERT INTO `question` VALUES ('3677', ':', 'A.|B.|C.', null, '139', '134');
INSERT INTO `question` VALUES ('3678', ',:', 'A.|B.|C.', null, '140', '134');
INSERT INTO `question` VALUES ('3679', ':', 'A.|B.AC|C.', null, '141', '134');
INSERT INTO `question` VALUES ('3680', ':', 'A.|B.AC|C.', null, '142', '134');
INSERT INTO `question` VALUES ('3681', ',:', 'A.|B.AC|C.', null, '143', '134');
INSERT INTO `question` VALUES ('3682', ',:', 'A.|B.|C.', null, '144', '134');
INSERT INTO `question` VALUES ('3683', ':', 'A.|B.|C.', null, '145', '134');
INSERT INTO `question` VALUES ('3684', ':', 'A.|B.AC|C.', null, '146', '134');
INSERT INTO `question` VALUES ('3685', '[,]:', 'A.|B.|C.', null, '147', '134');
INSERT INTO `question` VALUES ('3686', ',:', 'A.|B.AC|C.', null, '148', '134');
INSERT INTO `question` VALUES ('3687', ':', 'A.|B.AC|C.', null, '149', '134');
INSERT INTO `question` VALUES ('3688', ',:', 'A.|B.AC|C.', null, '150', '134');
INSERT INTO `question` VALUES ('3689', ',:', 'A.|B.|C.', null, '151', '134');
INSERT INTO `question` VALUES ('3690', ':', 'A.|B.|C.', null, '152', '134');
INSERT INTO `question` VALUES ('3691', '[][][]:', 'A.|B.|C.', null, '153', '134');
INSERT INTO `question` VALUES ('3692', ':', 'A.|B.|C.', null, '154', '134');
INSERT INTO `question` VALUES ('3693', ':', 'A.|B.AC|C.', null, '155', '134');
INSERT INTO `question` VALUES ('3694', ',:', 'A.|B.|C.', null, '156', '134');
INSERT INTO `question` VALUES ('3695', ',:', 'A.|B.|C.', null, '157', '134');
INSERT INTO `question` VALUES ('3696', ',:', 'A.|B.|C.', null, '158', '134');
INSERT INTO `question` VALUES ('3697', ',:', 'A.|B.|C.', null, '159', '134');
INSERT INTO `question` VALUES ('3698', '[][]:', 'A.|B.AC|C.', null, '160', '134');
INSERT INTO `question` VALUES ('3699', ':', 'A.|B.AC|C.', null, '161', '134');
INSERT INTO `question` VALUES ('3700', ', , :', 'A.|B.AC|C.', null, '162', '134');
INSERT INTO `question` VALUES ('3701', ',:', 'A.|B.|C.', null, '163', '134');
INSERT INTO `question` VALUES ('3702', ':', 'A.|B.AC|C.', null, '164', '134');
INSERT INTO `question` VALUES ('3703', ':', 'A.,|B.AC|C.', null, '165', '134');
INSERT INTO `question` VALUES ('3704', ':', 'A.|B.AC|C.', null, '166', '134');
INSERT INTO `question` VALUES ('3705', ',:', 'A.|B.|C.', null, '167', '134');
INSERT INTO `question` VALUES ('3706', ':', 'A.|B.AC|C.', null, '168', '134');
INSERT INTO `question` VALUES ('3707', ',:', 'A.|B.|C.', null, '169', '134');
INSERT INTO `question` VALUES ('3708', ',:', 'A.|B.|C.', null, '170', '134');
INSERT INTO `question` VALUES ('3709', ':', 'A.|B.AC|C.', null, '171', '134');
INSERT INTO `question` VALUES ('3710', ',;:', 'A.|B.|C.', null, '172', '134');
INSERT INTO `question` VALUES ('3711', ',:', 'A.|B.|C.', null, '173', '134');
INSERT INTO `question` VALUES ('3712', ':', 'A.|B.AC|C.', null, '174', '134');
INSERT INTO `question` VALUES ('3713', ',:', 'A.|B.|C.', null, '175', '134');
INSERT INTO `question` VALUES ('3714', ':', 'A.|B.|C.', null, '176', '134');
INSERT INTO `question` VALUES ('3715', '__,:', 'A.|B.|C.', null, '177', '134');
INSERT INTO `question` VALUES ('3716', '__:', 'A.|B.|C.', null, '178', '134');
INSERT INTO `question` VALUES ('3717', ':', 'A.|B.AC|C.', null, '179', '134');
INSERT INTO `question` VALUES ('3718', ':', 'A.|B.AC|C.', null, '180', '134');
INSERT INTO `question` VALUES ('3719', ':', 'A.|B.AC|C.', null, '181', '134');
INSERT INTO `question` VALUES ('3720', ':', 'A.|B.AC|C.', null, '182', '134');
INSERT INTO `question` VALUES ('3721', ':', 'A.|B.AC|C.', null, '183', '134');
INSERT INTO `question` VALUES ('3722', ',:', 'A.|B.AC|C.', null, '184', '134');
INSERT INTO `question` VALUES ('3723', ':', 'A.|B.AC|C.', null, '185', '134');
INSERT INTO `question` VALUES ('3724', ',:', 'A.|B.|C.', null, '186', '134');
INSERT INTO `question` VALUES ('3725', ':', 'A.|B.|C.', null, '187', '134');

-- ----------------------------
-- Table structure for `question_ans`
-- ----------------------------
DROP TABLE IF EXISTS `question_ans`;
CREATE TABLE `question_ans` (
  `paper_id` int(11) NOT NULL COMMENT 'id',
  `examinee_id` int(11) NOT NULL COMMENT 'id',
  `option` text COMMENT '',
  `score` text COMMENT ',',
  `question_number_list` text COMMENT 'number,,id',
  PRIMARY KEY (`paper_id`,`examinee_id`),
  KEY `fk_question_ans_1_idx` (`examinee_id`),
  KEY `fk_question_ans_2_idx` (`paper_id`),
  CONSTRAINT `fk_question_ans_1` FOREIGN KEY (`examinee_id`) REFERENCES `examinee` (`id`) ON DELETE CASCADE ON UPDATE CASCADE,
  CONSTRAINT `fk_question_ans_2` FOREIGN KEY (`paper_id`) REFERENCES `paper` (`id`) ON DELETE CASCADE ON UPDATE CASCADE
) ENGINE=InnoDB DEFAULT CHARSET=utf8;

-- ----------------------------
-- Records of question_ans
-- ----------------------------
INSERT INTO `question_ans` VALUES ('133', '1', 'a|a|a|a|a|a|a|a|a|a|a|a|a|a|a|a|a|a|a|a|a|a|a|a|a|a|a|a|a|a|a|a|a|a|a|a|a|a|a|a|a|a|a|a|a|a|a|a|a|a|a|a|a|a|a|a|a|a|a|a|a|a|a|a|a|a|a|a|a|a|a|a|a|a|a|a|a|a|a|a|a|a|a|a|a|a|a|a', 'epqae||epqan||epqae||epqan|||epqae||epqan|epqae|epqae|epqan||epqae||epqan|epqal||epqap|epqan||epqae|epqap|epqan|||epqap|epqan|epqal|epqae|epqap|epqan|epqal|epqae||epqan||epqae||epqan|||epqap|epqan||epqae|epqap|epqan||epqae||epqae||epqan|epqal|epqan||epqae||epqan||epqae|epqap|epqan|epqap|epqan||epqae||epqan|epqan|epqap|epqap|epqan|epqan||epqae|epqap|epqan||epqae|epqap|epqan|epqal|', '1|2|3|4|5|6|7|8|9|10|11|12|13|14|15|16|17|18|19|20|21|22|23|24|25|26|27|28|29|30|31|32|33|34|35|36|37|38|39|40|41|42|43|44|45|46|47|48|49|50|51|52|53|54|55|56|57|58|59|60|61|62|63|64|65|66|67|68|69|70|71|72|73|74|75|76|77|78|79|80|81|82|83|84|85|86|87|88');
INSERT INTO `question_ans` VALUES ('133', '3', 'a|a|a|a|a|a|a|a|a|a|a|a|a|a|a|a|a|a|a|a|a|a|a|a|a|a|a|a|a|a|a|a|a|a|a|a|a|a|a|a|a|a|a|a|a|a|a|a|a|a|a|a|a|a|a|a|a|a|a|a|a|a|a|a|a|a|a|a|a|a|a|a|a|a|a|a|a|a|a|a|a|a|a|a|a|a|a|a', 'epqae||epqan||epqae||epqan|||epqae||epqan|epqae|epqae|epqan||epqae||epqan|epqal||epqap|epqan||epqae|epqap|epqan|||epqap|epqan|epqal|epqae|epqap|epqan|epqal|epqae||epqan||epqae||epqan|||epqap|epqan||epqae|epqap|epqan||epqae||epqae||epqan|epqal|epqan||epqae||epqan||epqae|epqap|epqan|epqap|epqan||epqae||epqan|epqan|epqap|epqap|epqan|epqan||epqae|epqap|epqan||epqae|epqap|epqan|epqal|', '1|2|3|4|5|6|7|8|9|10|11|12|13|14|15|16|17|18|19|20|21|22|23|24|25|26|27|28|29|30|31|32|33|34|35|36|37|38|39|40|41|42|43|44|45|46|47|48|49|50|51|52|53|54|55|56|57|58|59|60|61|62|63|64|65|66|67|68|69|70|71|72|73|74|75|76|77|78|79|80|81|82|83|84|85|86|87|88');
INSERT INTO `question_ans` VALUES ('134', '1', 'a|a|a|a|a|a|a|a|a|a|a|a|a|a|a|a|a|a|a|a|a|a|a|a|a|a|a|a|a|a|a|a|a|a|a|a|a|a|a|a|a|a|a|a|a|a|a|a|a|a|a|a|a|a|a|a|a|a|a|a|a|a|a|a|a|a|a|a|a|a|a|a|a|a|a|a|a|a|a|a|a|a|a|a|a|a|a|a|a|a|a|a|a|a|a|a|a|a|a|a|a|a|a|a|a|a|a|a|a|a|a|a|a|a|a|a|a|a|a|a|a|a|a|a|a|a|a|a|a|a|a|a|a|a|a|a|a|a|a|a|a|a|a|a|a|a|a|a|a|a|a|a|a|a|a|a|a|a|a|a|a|a|a|a|a|a|a|a|a|a|a|a|a|a|a|a|a|a|a|a|a|a|a|a|a|a|a', '0|0|2|2|0|0|2|0|0|2|0|0|2|0|0|0|2|2|0|2|2|0|0|0|2|0|0|0|0|2|0|0|2|0|0|2|2|2|2|2|0|2|2|0|0|2|2|2|2|2|0|2|0|0|2|2|0|2|2|0|0|0|0|0|2|0|0|0|2|2|2|2|2|2|0|0|0|0|0|0|0|0|0|0|0|0|0|2|0|0|2|0|0|0|0|0|0|2|2|0|2|0|0|2|2|0|0|0|2|2|2|2|2|2|2|0|2|2|2|0|0|0|0|2|0|2|0|0|2|2|2|2|2|2|0|2|0|2|0|2|0|2|2|0|2|2|2|2|2|2|0|0|0|0|2|2|0|0|0|2|0|0|2|2|0|0|2|2|2|0|2|0|2|2|0|2|1|1|2|2|2|2|2|2|2|2|0', '1|2|3|4|5|6|7|8|9|10|11|12|13|14|15|16|17|18|19|20|21|22|23|24|25|26|27|28|29|30|31|32|33|34|35|36|37|38|39|40|41|42|43|44|45|46|47|48|49|50|51|52|53|54|55|56|57|58|59|60|61|62|63|64|65|66|67|68|69|70|71|72|73|74|75|76|77|78|79|80|81|82|83|84|85|86|87|88|89|90|91|92|93|94|95|96|97|98|99|100|101|102|103|104|105|106|107|108|109|110|111|112|113|114|115|116|117|118|119|120|121|122|123|124|125|126|127|128|129|130|131|132|133|134|135|136|137|138|139|140|141|142|143|144|145|146|147|148|149|150|151|152|153|154|155|156|157|158|159|160|161|162|163|164|165|166|167|168|169|170|171|172|173|174|175|176|177|178|179|180|181|182|183|184|185|186|187');
INSERT INTO `question_ans` VALUES ('134', '3', 'a|a|a|a|a|a|a|a|a|a|a|a|a|a|a|a|a|a|a|a|a|a|a|a|a|a|a|a|a|a|a|a|a|a|a|a|a|a|a|a|a|a|a|a|a|a|a|a|a|a|a|a|a|a|a|a|a|a|a|a|a|a|a|a|a|a|a|a|a|a|a|a|a|a|a|a|a|a|a|a|a|a|a|a|a|a|a|a|a|a|a|a|a|a|a|a|a|a|a|a|a|a|a|a|a|a|a|a|a|a|a|a|a|a|a|a|a|a|a|a|a|a|a|a|a|a|a|a|a|a|a|a|a|a|a|a|a|a|a|a|a|a|a|a|a|a|a|a|a|a|a|a|a|a|a|a|a|a|a|a|a|a|a|a|a|a|a|a|a|a|a|a|a|a|a|a|a|a|a|a|a|a|a|a|a|a|a', '0|0|2|2|0|0|2|0|0|2|0|0|2|0|0|0|2|2|0|2|2|0|0|0|2|0|0|0|0|2|0|0|2|0|0|2|2|2|2|2|0|2|2|0|0|2|2|2|2|2|0|2|0|0|2|2|0|2|2|0|0|0|0|0|2|0|0|0|2|2|2|2|2|2|0|0|0|0|0|0|0|0|0|0|0|0|0|2|0|0|2|0|0|0|0|0|0|2|2|0|2|0|0|2|2|0|0|0|2|2|2|2|2|2|2|0|2|2|2|0|0|0|0|2|0|2|0|0|2|2|2|2|2|2|0|2|0|2|0|2|0|2|2|0|2|2|2|2|2|2|0|0|0|0|2|2|0|0|0|2|0|0|2|2|0|0|2|2|2|0|2|0|2|2|0|2|1|1|2|2|2|2|2|2|2|2|0', '1|2|3|4|5|6|7|8|9|10|11|12|13|14|15|16|17|18|19|20|21|22|23|24|25|26|27|28|29|30|31|32|33|34|35|36|37|38|39|40|41|42|43|44|45|46|47|48|49|50|51|52|53|54|55|56|57|58|59|60|61|62|63|64|65|66|67|68|69|70|71|72|73|74|75|76|77|78|79|80|81|82|83|84|85|86|87|88|89|90|91|92|93|94|95|96|97|98|99|100|101|102|103|104|105|106|107|108|109|110|111|112|113|114|115|116|117|118|119|120|121|122|123|124|125|126|127|128|129|130|131|132|133|134|135|136|137|138|139|140|141|142|143|144|145|146|147|148|149|150|151|152|153|154|155|156|157|158|159|160|161|162|163|164|165|166|167|168|169|170|171|172|173|174|175|176|177|178|179|180|181|182|183|184|185|186|187');
INSERT INTO `question_ans` VALUES ('135', '1', 'a|a|a|a|a|a|a|a|a|a|a|a|a|a|a|a|a|a|a|a|a|a|a|a|a|a|a|a|a|a|a|a|a|a|a|a|a|a|a|a|a|a|a|a|a|a|a|a|a|a|a|a|a|a|a|a|a|a|a|a|a|a|a|a|a|a|a|a|a|a|a|a|a|a|a|a|a|a|a|a|a|a|a|a|a|a|a|a|a|a|a|a|a|a|a|a|a|a|a|a|a|a|a|a|a|a|a|a|a|a|a|a|a|a|a|a|a|a|a|a|a|a|a|a|a|a|a|a|a|a|a|a|a|a|a|a|a|a|a|a|a|a|a|a|a|a|a|a|a|a|a|a|a|a|a|a|a|a|a|a|a|a|a|a|a|a|a|a|a|a|a|a|a|a|a|a|a|a|a|a|a|a|a|a|a|a|a|a|a|a|a|a|a|a|a|a|a|a|a|a|a|a|a|a|a|a|a|a|a|a|a|a|a|a|a|a|a|a|a|a|a|a|a|a|a|a|a|a|a|a', 'sy||sp|||gi||cs|||||fe||||||||||||sy-sp-ie|do||fe||re|fe|||||cs|||||||||||||||||sy-sp|sy||fe|||||||||||||||so-fe||||||||cs||sy||do-cs-sy-ie|so|||||||do-sa||||||||cs-sp-ie||||sp|||re||fe||||||||sp||||sy||fe||||sp|||||sp|||||sy-ie||fe||||sc|re|||sy-ie|||cs||||do|sa||||||cm|do||||||fx||so||||cm|do|||||||do|||||so|||||||||||||do||||||do||||||||||cm||||||so|||||cm|do|||', '1|2|3|4|5|6|7|8|9|10|11|12|13|14|15|16|17|18|19|20|21|22|23|24|25|26|27|28|29|30|31|32|33|34|35|36|37|38|39|40|41|42|43|44|45|46|47|48|49|50|51|52|53|54|55|56|57|58|59|60|61|62|63|64|65|66|67|68|69|70|71|72|73|74|75|76|77|78|79|80|81|82|83|84|85|86|87|88|89|90|91|92|93|94|95|96|97|98|99|100|101|102|103|104|105|106|107|108|109|110|111|112|113|114|115|116|117|118|119|120|121|122|123|124|125|126|127|128|129|130|131|132|133|134|135|136|137|138|139|140|141|142|143|144|145|146|147|148|149|150|151|152|153|154|155|156|157|158|159|160|161|162|163|164|165|166|167|168|169|170|171|172|173|174|175|176|177|178|179|180|181|182|183|184|185|186|187|188|189|190|191|192|193|194|195|196|197|198|199|200|201|202|203|204|205|206|207|208|209|210|211|212|213|214|215|216|217|218|219|220|221|222|223|224|225|226|227|228|229|230');
INSERT INTO `question_ans` VALUES ('135', '3', 'a|a|a|a|a|a|a|a|a|a|a|a|a|a|a|a|a|a|a|a|a|a|a|a|a|a|a|a|a|a|a|a|a|a|a|a|a|a|a|a|a|a|a|a|a|a|a|a|a|a|a|a|a|a|a|a|a|a|a|a|a|a|a|a|a|a|a|a|a|a|a|a|a|a|a|a|a|a|a|a|a|a|a|a|a|a|a|a|a|a|a|a|a|a|a|a|a|a|a|a|a|a|a|a|a|a|a|a|a|a|a|a|a|a|a|a|a|a|a|a|a|a|a|a|a|a|a|a|a|a|a|a|a|a|a|a|a|a|a|a|a|a|a|a|a|a|a|a|a|a|a|a|a|a|a|a|a|a|a|a|a|a|a|a|a|a|a|a|a|a|a|a|a|a|a|a|a|a|a|a|a|a|a|a|a|a|a|a|a|a|a|a|a|a|a|a|a|a|a|a|a|a|a|a|a|a|a|a|a|a|a|a|a|a|a|a|a|a|a|a|a|a|a|a|a|a|a|a|a|a', 'sy||sp|||gi||cs|||||fe||||||||||||sy-sp-ie|do||fe||re|fe|||||cs|||||||||||||||||sy-sp|sy||fe|||||||||||||||so-fe||||||||cs||sy||do-cs-sy-ie|so|||||||do-sa||||||||cs-sp-ie||||sp|||re||fe||||||||sp||||sy||fe||||sp|||||sp|||||sy-ie||fe||||sc|re|||sy-ie|||cs||||do|sa||||||cm|do||||||fx||so||||cm|do|||||||do|||||so|||||||||||||do||||||do||||||||||cm||||||so|||||cm|do|||', '1|2|3|4|5|6|7|8|9|10|11|12|13|14|15|16|17|18|19|20|21|22|23|24|25|26|27|28|29|30|31|32|33|34|35|36|37|38|39|40|41|42|43|44|45|46|47|48|49|50|51|52|53|54|55|56|57|58|59|60|61|62|63|64|65|66|67|68|69|70|71|72|73|74|75|76|77|78|79|80|81|82|83|84|85|86|87|88|89|90|91|92|93|94|95|96|97|98|99|100|101|102|103|104|105|106|107|108|109|110|111|112|113|114|115|116|117|118|119|120|121|122|123|124|125|126|127|128|129|130|131|132|133|134|135|136|137|138|139|140|141|142|143|144|145|146|147|148|149|150|151|152|153|154|155|156|157|158|159|160|161|162|163|164|165|166|167|168|169|170|171|172|173|174|175|176|177|178|179|180|181|182|183|184|185|186|187|188|189|190|191|192|193|194|195|196|197|198|199|200|201|202|203|204|205|206|207|208|209|210|211|212|213|214|215|216|217|218|219|220|221|222|223|224|225|226|227|228|229|230');
INSERT INTO `question_ans` VALUES ('136', '1', 'a|a|a|a|a|a|a|a|a|a|a|a|a|a|a|a|a|a|a|a|a|a|a|a|a|a|a|a|a|a|a|a|a|a|a|a|a|a|a|a|a|a|a|a|a|a|a|a|a|a|a|a|a|a|a|a|a|a|a|a|a|a|a|a|a|a|a|a|a|a|a|a|a|a|a|a|a|a|a|a|a|a|a|a|a|a|a|a|a|a|a|a|a|a|a|a|a|a|a|a|a|a|a|a|a|a|a|a|a|a|a|a|a|a|a|a|a|a|a|a|a|a|a|a|a|a|a|a|a|a|a|a|a|a|a|a|a|a|a|a|a|a|a|a|a|a|a|a|a|a|a|a|a|a|a|a|a|a|a|a|a|a|a|a|a|a|a|a|a|a|a|a|a|a|a|a|a|a|a|a|a|a|a|a|a|a|a|a|a|a|a|a|a|a|a|a|a|a|a|a|a|a|a|a|a|a|a|a|a|a|a|a|a|a|a|a|a|a|a|a|a|a|a|a|a', 'ach|def|ord|exh|aut|ach|def|ord|exh|aut|ach|def|ord|exh|aut|ach|def|ord|exh|aut|ach|def|ord|exh|aut|ach|def|ord|exh|aut|ach|def|ord|exh|aut|ach|def|ord|exh|aut|ach|def|ord|exh|aut|ach|def|ord|exh|aut|ach|def|ord|exh|aut|ach|def|ord|exh|aut|ach|def|ord|exh|aut|ach|def|ord|exh|aut|ach|def|ord|exh|aut|aff|int|suc|dom|aba|aff|int|suc|dom|aba|aff|int|suc|dom|aba|aff|int|suc|dom|aba|aff|int|suc|dom|aba|aff|int|suc|dom|aba|aff|int|suc|dom|aba|aff|int|suc|dom|aba|aff|int|suc|dom|aba|aff|int|suc|dom|aba|aff|int|suc|dom|aba|aff|int|suc|dom|aba|aff|int|suc|dom|aba|aff|int|suc|dom|aba|aff|int|suc|dom|aba|nur|chg|end|het|agg|nur|chg|end|het|agg|nur|chg|end|het|agg|nur|chg|end|het|agg|nur|chg|end|het|agg|nur|chg|end|het|agg|nur|chg|end|het|agg|nur|chg|end|het|agg|nur|chg|end|het|agg|nur|chg|end|het|agg|nur|chg|end|het|agg|nur|chg|end|het|agg|nur|chg|end|het|agg|nur|chg|end|het|agg|nur|chg|end|het|agg', '1|2|3|4|5|6|7|8|9|10|11|12|13|14|15|16|17|18|19|20|21|22|23|24|25|26|27|28|29|30|31|32|33|34|35|36|37|38|39|40|41|42|43|44|45|46|47|48|49|50|51|52|53|54|55|56|57|58|59|60|61|62|63|64|65|66|67|68|69|70|71|72|73|74|75|76|77|78|79|80|81|82|83|84|85|86|87|88|89|90|91|92|93|94|95|96|97|98|99|100|101|102|103|104|105|106|107|108|109|110|111|112|113|114|115|116|117|118|119|120|121|122|123|124|125|126|127|128|129|130|131|132|133|134|135|136|137|138|139|140|141|142|143|144|145|146|147|148|149|150|151|152|153|154|155|156|157|158|159|160|161|162|163|164|165|166|167|168|169|170|171|172|173|174|175|176|177|178|179|180|181|182|183|184|185|186|187|188|189|190|191|192|193|194|195|196|197|198|199|200|201|202|203|204|205|206|207|208|209|210|211|212|213|214|215|216|217|218|219|220|221|222|223|224|225');
INSERT INTO `question_ans` VALUES ('136', '3', 'a|a|a|a|a|a|a|a|a|a|a|a|a|a|a|a|a|a|a|a|a|a|a|a|a|a|a|a|a|a|a|a|a|a|a|a|a|a|a|a|a|a|a|a|a|a|a|a|a|a|a|a|a|a|a|a|a|a|a|a|a|a|a|a|a|a|a|a|a|a|a|a|a|a|a|a|a|a|a|a|a|a|a|a|a|a|a|a|a|a|a|a|a|a|a|a|a|a|a|a|a|a|a|a|a|a|a|a|a|a|a|a|a|a|a|a|a|a|a|a|a|a|a|a|a|a|a|a|a|a|a|a|a|a|a|a|a|a|a|a|a|a|a|a|a|a|a|a|a|a|a|a|a|a|a|a|a|a|a|a|a|a|a|a|a|a|a|a|a|a|a|a|a|a|a|a|a|a|a|a|a|a|a|a|a|a|a|a|a|a|a|a|a|a|a|a|a|a|a|a|a|a|a|a|a|a|a|a|a|a|a|a|a|a|a|a|a|a|a|a|a|a|a|a|a', 'ach|def|ord|exh|aut|ach|def|ord|exh|aut|ach|def|ord|exh|aut|ach|def|ord|exh|aut|ach|def|ord|exh|aut|ach|def|ord|exh|aut|ach|def|ord|exh|aut|ach|def|ord|exh|aut|ach|def|ord|exh|aut|ach|def|ord|exh|aut|ach|def|ord|exh|aut|ach|def|ord|exh|aut|ach|def|ord|exh|aut|ach|def|ord|exh|aut|ach|def|ord|exh|aut|aff|int|suc|dom|aba|aff|int|suc|dom|aba|aff|int|suc|dom|aba|aff|int|suc|dom|aba|aff|int|suc|dom|aba|aff|int|suc|dom|aba|aff|int|suc|dom|aba|aff|int|suc|dom|aba|aff|int|suc|dom|aba|aff|int|suc|dom|aba|aff|int|suc|dom|aba|aff|int|suc|dom|aba|aff|int|suc|dom|aba|aff|int|suc|dom|aba|aff|int|suc|dom|aba|nur|chg|end|het|agg|nur|chg|end|het|agg|nur|chg|end|het|agg|nur|chg|end|het|agg|nur|chg|end|het|agg|nur|chg|end|het|agg|nur|chg|end|het|agg|nur|chg|end|het|agg|nur|chg|end|het|agg|nur|chg|end|het|agg|nur|chg|end|het|agg|nur|chg|end|het|agg|nur|chg|end|het|agg|nur|chg|end|het|agg|nur|chg|end|het|agg', '1|2|3|4|5|6|7|8|9|10|11|12|13|14|15|16|17|18|19|20|21|22|23|24|25|26|27|28|29|30|31|32|33|34|35|36|37|38|39|40|41|42|43|44|45|46|47|48|49|50|51|52|53|54|55|56|57|58|59|60|61|62|63|64|65|66|67|68|69|70|71|72|73|74|75|76|77|78|79|80|81|82|83|84|85|86|87|88|89|90|91|92|93|94|95|96|97|98|99|100|101|102|103|104|105|106|107|108|109|110|111|112|113|114|115|116|117|118|119|120|121|122|123|124|125|126|127|128|129|130|131|132|133|134|135|136|137|138|139|140|141|142|143|144|145|146|147|148|149|150|151|152|153|154|155|156|157|158|159|160|161|162|163|164|165|166|167|168|169|170|171|172|173|174|175|176|177|178|179|180|181|182|183|184|185|186|187|188|189|190|191|192|193|194|195|196|197|198|199|200|201|202|203|204|205|206|207|208|209|210|211|212|213|214|215|216|217|218|219|220|221|222|223|224|225');
INSERT INTO `question_ans` VALUES ('137', '1', 'a|a|a|a|a|a|a|a|a|a|a|a|a|a|a|a|a|a|a|a|a|a|a|a|a|a|a|a|a|a|a|a|a|a|a|a|a|a|a|a|a|a|a|a|a|a|a|a|a|a|a|a|a|a|a|a|a|a|a|a|a|a|a|a|a|a|a|a|a|a|a|a|a|a|a|a|a|a|a|a|a|a|a|a|a|a|a|a|a|a', '1|1|1|1|1|1|1|1|1|1|1|1|1|1|1|1|1|1|1|1|1|1|1|1|1|1|1|1|1|1|1|1|1|1|1|1|1|1|1|1|1|1|1|1|1|1|1|1|1|1|1|1|1|1|1|1|1|1|1|1|1|1|1|1|1|1|1|1|1|1|1|1|1|1|1|1|1|1|1|1|1|1|1|1|1|1|1|1|1|1', '1|2|3|4|5|6|7|8|9|10|11|12|13|14|15|16|17|18|19|20|21|22|23|24|25|26|27|28|29|30|31|32|33|34|35|36|37|38|39|40|41|42|43|44|45|46|47|48|49|50|51|52|53|54|55|56|57|58|59|60|61|62|63|64|65|66|67|68|69|70|71|72|73|74|75|76|77|78|79|80|81|82|83|84|85|86|87|88|89|90');
INSERT INTO `question_ans` VALUES ('137', '3', 'a|a|a|a|a|a|a|a|a|a|a|a|a|a|a|a|a|a|a|a|a|a|a|a|a|a|a|a|a|a|a|a|a|a|a|a|a|a|a|a|a|a|a|a|a|a|a|a|a|a|a|a|a|a|a|a|a|a|a|a|a|a|a|a|a|a|a|a|a|a|a|a|a|a|a|a|a|a|a|a|a|a|a|a|a|a|a|a|a|a', '1|1|1|1|1|1|1|1|1|1|1|1|1|1|1|1|1|1|1|1|1|1|1|1|1|1|1|1|1|1|1|1|1|1|1|1|1|1|1|1|1|1|1|1|1|1|1|1|1|1|1|1|1|1|1|1|1|1|1|1|1|1|1|1|1|1|1|1|1|1|1|1|1|1|1|1|1|1|1|1|1|1|1|1|1|1|1|1|1|1', '1|2|3|4|5|6|7|8|9|10|11|12|13|14|15|16|17|18|19|20|21|22|23|24|25|26|27|28|29|30|31|32|33|34|35|36|37|38|39|40|41|42|43|44|45|46|47|48|49|50|51|52|53|54|55|56|57|58|59|60|61|62|63|64|65|66|67|68|69|70|71|72|73|74|75|76|77|78|79|80|81|82|83|84|85|86|87|88|89|90');
INSERT INTO `question_ans` VALUES ('138', '1', 'a|a|a|a|a|a|a|a|a|a|a|a|a|a|a|a|a|a|a|a|a|a|a|a|a|a|a|a|a|a|a|a|a|a|a|a|a|a|a|a|a|a|a|a|a|a|a|a|a|a|a|a|a|a|a|a|a|a|a|a', '0|0|1|0|0|0|0|0|1|0|0|0|0|0|1|0|1|0|0|0|0|0|0|0|0|0|0|0|0|0|0|1|0|0|1|0|0|0|0|0|0|0|0|0|1|0|0|0|0|0|0|0|1|0|1|0|0|0|0|0', '1|2|3|4|5|6|7|8|9|10|11|12|13|14|15|16|17|18|19|20|21|22|23|24|25|26|27|28|29|30|31|32|33|34|35|36|37|38|39|40|41|42|43|44|45|46|47|48|49|50|51|52|53|54|55|56|57|58|59|60');
INSERT INTO `question_ans` VALUES ('138', '3', 'a|a|a|a|a|a|a|a|a|a|a|a|a|a|a|a|a|a|a|a|a|a|a|a|a|a|a|a|a|a|a|a|a|a|a|a|a|a|a|a|a|a|a|a|a|a|a|a|a|a|a|a|a|a|a|a|a|a|a|a', '0|0|1|0|0|0|0|0|1|0|0|0|0|0|1|0|1|0|0|0|0|0|0|0|0|0|0|0|0|0|0|1|0|0|1|0|0|0|0|0|0|0|0|0|1|0|0|0|0|0|0|0|1|0|1|0|0|0|0|0', '1|2|3|4|5|6|7|8|9|10|11|12|13|14|15|16|17|18|19|20|21|22|23|24|25|26|27|28|29|30|31|32|33|34|35|36|37|38|39|40|41|42|43|44|45|46|47|48|49|50|51|52|53|54|55|56|57|58|59|60');

-- ----------------------------
-- Table structure for `spmdf`
-- ----------------------------
DROP TABLE IF EXISTS `spmdf`;
CREATE TABLE `spmdf` (
  `BZ` tinyint(4) NOT NULL,
  `XH` int(11) NOT NULL,
  PRIMARY KEY (`XH`)
) ENGINE=InnoDB DEFAULT CHARSET=utf8;

-- ----------------------------
-- Records of spmdf
-- ----------------------------
INSERT INTO `spmdf` VALUES ('4', '1');
INSERT INTO `spmdf` VALUES ('5', '2');
INSERT INTO `spmdf` VALUES ('1', '3');
INSERT INTO `spmdf` VALUES ('2', '4');
INSERT INTO `spmdf` VALUES ('6', '5');
INSERT INTO `spmdf` VALUES ('3', '6');
INSERT INTO `spmdf` VALUES ('6', '7');
INSERT INTO `spmdf` VALUES ('2', '8');
INSERT INTO `spmdf` VALUES ('1', '9');
INSERT INTO `spmdf` VALUES ('3', '10');
INSERT INTO `spmdf` VALUES ('4', '11');
INSERT INTO `spmdf` VALUES ('5', '12');
INSERT INTO `spmdf` VALUES ('2', '13');
INSERT INTO `spmdf` VALUES ('6', '14');
INSERT INTO `spmdf` VALUES ('1', '15');
INSERT INTO `spmdf` VALUES ('2', '16');
INSERT INTO `spmdf` VALUES ('1', '17');
INSERT INTO `spmdf` VALUES ('3', '18');
INSERT INTO `spmdf` VALUES ('5', '19');
INSERT INTO `spmdf` VALUES ('6', '20');
INSERT INTO `spmdf` VALUES ('4', '21');
INSERT INTO `spmdf` VALUES ('3', '22');
INSERT INTO `spmdf` VALUES ('4', '23');
INSERT INTO `spmdf` VALUES ('5', '24');
INSERT INTO `spmdf` VALUES ('8', '25');
INSERT INTO `spmdf` VALUES ('2', '26');
INSERT INTO `spmdf` VALUES ('3', '27');
INSERT INTO `spmdf` VALUES ('8', '28');
INSERT INTO `spmdf` VALUES ('7', '29');
INSERT INTO `spmdf` VALUES ('4', '30');
INSERT INTO `spmdf` VALUES ('5', '31');
INSERT INTO `spmdf` VALUES ('1', '32');
INSERT INTO `spmdf` VALUES ('7', '33');
INSERT INTO `spmdf` VALUES ('6', '34');
INSERT INTO `spmdf` VALUES ('1', '35');
INSERT INTO `spmdf` VALUES ('2', '36');
INSERT INTO `spmdf` VALUES ('3', '37');
INSERT INTO `spmdf` VALUES ('4', '38');
INSERT INTO `spmdf` VALUES ('3', '39');
INSERT INTO `spmdf` VALUES ('7', '40');
INSERT INTO `spmdf` VALUES ('8', '41');
INSERT INTO `spmdf` VALUES ('6', '42');
INSERT INTO `spmdf` VALUES ('5', '43');
INSERT INTO `spmdf` VALUES ('4', '44');
INSERT INTO `spmdf` VALUES ('1', '45');
INSERT INTO `spmdf` VALUES ('2', '46');
INSERT INTO `spmdf` VALUES ('5', '47');
INSERT INTO `spmdf` VALUES ('6', '48');
INSERT INTO `spmdf` VALUES ('7', '49');
INSERT INTO `spmdf` VALUES ('6', '50');
INSERT INTO `spmdf` VALUES ('8', '51');
INSERT INTO `spmdf` VALUES ('2', '52');
INSERT INTO `spmdf` VALUES ('1', '53');
INSERT INTO `spmdf` VALUES ('5', '54');
INSERT INTO `spmdf` VALUES ('1', '55');
INSERT INTO `spmdf` VALUES ('6', '56');
INSERT INTO `spmdf` VALUES ('3', '57');
INSERT INTO `spmdf` VALUES ('2', '58');
INSERT INTO `spmdf` VALUES ('4', '59');
INSERT INTO `spmdf` VALUES ('5', '60');

-- ----------------------------
-- Table structure for `spmdf_memory`
-- ----------------------------
DROP TABLE IF EXISTS `spmdf_memory`;
CREATE TABLE `spmdf_memory` (
  `BZ` tinyint(4) NOT NULL,
  `XH` int(11) NOT NULL,
  PRIMARY KEY (`XH`)
) ENGINE=MEMORY DEFAULT CHARSET=utf8;

-- ----------------------------
-- Records of spmdf_memory
-- ----------------------------

-- ----------------------------
-- Table structure for `spmmd`
-- ----------------------------
DROP TABLE IF EXISTS `spmmd`;
CREATE TABLE `spmmd` (
  `NLL` float(11,2) NOT NULL,
  `NLH` float(11,2) NOT NULL,
  `B95` int(11) NOT NULL,
  `B90` int(11) NOT NULL,
  `B75` int(11) NOT NULL,
  `B50` int(11) NOT NULL,
  `B25` int(11) NOT NULL,
  `B10` int(11) NOT NULL,
  `B5` int(11) NOT NULL,
  PRIMARY KEY (`NLL`,`NLH`)
) ENGINE=InnoDB DEFAULT CHARSET=utf8;

-- ----------------------------
-- Records of spmmd
-- ----------------------------
INSERT INTO `spmmd` VALUES ('5.25', '5.75', '34', '29', '25', '16', '13', '12', '9');
INSERT INTO `spmmd` VALUES ('5.75', '6.25', '36', '31', '25', '17', '13', '12', '9');
INSERT INTO `spmmd` VALUES ('6.25', '6.75', '37', '31', '25', '18', '13', '12', '10');
INSERT INTO `spmmd` VALUES ('6.75', '7.25', '43', '36', '25', '19', '13', '12', '10');
INSERT INTO `spmmd` VALUES ('7.25', '7.75', '44', '38', '31', '21', '13', '12', '10');
INSERT INTO `spmmd` VALUES ('7.75', '8.25', '44', '39', '31', '23', '15', '13', '10');
INSERT INTO `spmmd` VALUES ('8.25', '8.75', '45', '40', '33', '29', '20', '14', '12');
INSERT INTO `spmmd` VALUES ('8.75', '9.25', '47', '43', '37', '33', '25', '14', '12');
INSERT INTO `spmmd` VALUES ('9.25', '9.75', '50', '47', '39', '35', '27', '17', '13');
INSERT INTO `spmmd` VALUES ('9.75', '10.25', '50', '48', '42', '35', '27', '17', '13');
INSERT INTO `spmmd` VALUES ('10.25', '10.75', '50', '49', '42', '39', '32', '25', '18');
INSERT INTO `spmmd` VALUES ('10.75', '11.25', '52', '50', '43', '39', '33', '25', '19');
INSERT INTO `spmmd` VALUES ('11.25', '11.75', '53', '50', '45', '42', '35', '25', '19');
INSERT INTO `spmmd` VALUES ('11.75', '12.25', '53', '50', '46', '42', '37', '27', '21');
INSERT INTO `spmmd` VALUES ('12.25', '12.75', '53', '52', '50', '45', '40', '33', '28');
INSERT INTO `spmmd` VALUES ('12.75', '13.25', '53', '52', '50', '45', '40', '35', '30');
INSERT INTO `spmmd` VALUES ('13.25', '13.75', '54', '52', '50', '46', '42', '35', '32');
INSERT INTO `spmmd` VALUES ('13.75', '14.25', '55', '52', '50', '48', '43', '36', '34');
INSERT INTO `spmmd` VALUES ('14.25', '14.75', '55', '53', '51', '48', '43', '36', '34');
INSERT INTO `spmmd` VALUES ('14.75', '15.25', '57', '54', '51', '48', '43', '36', '34');
INSERT INTO `spmmd` VALUES ('15.25', '15.75', '57', '55', '52', '49', '43', '41', '34');
INSERT INTO `spmmd` VALUES ('15.75', '16.25', '57', '56', '53', '49', '44', '41', '36');
INSERT INTO `spmmd` VALUES ('16.25', '16.75', '57', '56', '53', '49', '45', '41', '37');
INSERT INTO `spmmd` VALUES ('16.75', '20.00', '58', '57', '55', '52', '47', '40', '37');
INSERT INTO `spmmd` VALUES ('20.00', '30.00', '57', '56', '54', '50', '44', '38', '33');
INSERT INTO `spmmd` VALUES ('30.00', '40.00', '57', '55', '52', '48', '43', '37', '28');
INSERT INTO `spmmd` VALUES ('40.00', '50.00', '57', '54', '50', '47', '41', '31', '28');
INSERT INTO `spmmd` VALUES ('50.00', '60.00', '54', '52', '48', '42', '34', '24', '21');
INSERT INTO `spmmd` VALUES ('60.00', '70.00', '54', '52', '46', '37', '30', '22', '19');
INSERT INTO `spmmd` VALUES ('70.00', '110.00', '52', '49', '44', '33', '26', '18', '17');

-- ----------------------------
-- Table structure for `spmmd_memory`
-- ----------------------------
DROP TABLE IF EXISTS `spmmd_memory`;
CREATE TABLE `spmmd_memory` (
  `NLL` float(11,2) NOT NULL,
  `NLH` float(11,2) NOT NULL,
  `B95` int(11) NOT NULL,
  `B90` int(11) NOT NULL,
  `B75` int(11) NOT NULL,
  `B50` int(11) NOT NULL,
  `B25` int(11) NOT NULL,
  `B10` int(11) NOT NULL,
  `B5` int(11) NOT NULL,
  PRIMARY KEY (`NLL`,`NLH`)
) ENGINE=MEMORY DEFAULT CHARSET=utf8;

-- ----------------------------
-- Records of spmmd_memory
-- ----------------------------
